mission_week,mission_year,week_of_year,calendar_start,appendix,program,key_science_row,target,hours,weekly_wall_fraction,allocation_type,visibility_fraction
1,1,1,2030-01-01,A,Commissioning and reference fields,Commissioning / calibration,Reference fields,30.76923076923077,0.18315018315018317,continuous LP,1.0
1,1,1,2030-01-01,B,Commissioning and wavefront ramp,Commissioning / calibration,Coronagraph reference stars,30.76923076923077,0.18315018315018317,continuous LP,1.0
1,1,1,2030-01-01,OPS,General observatory overhead,Observatory maintenance / overhead,Operations and calibration,21.44846153846154,0.12766941391941394,indirect overhead,1.0
1,1,1,2030-01-01,OPS,Wavefront sensing and control,Observatory maintenance / overhead,Segmented primary mirror,2.52,0.015,maintenance,1.0
2,1,2,2030-01-08,A,Commissioning and reference fields,Commissioning / calibration,Reference fields,30.76923076923077,0.18315018315018317,continuous LP,1.0
2,1,2,2030-01-08,B,Commissioning and wavefront ramp,Commissioning / calibration,Coronagraph reference stars,30.76923076923077,0.18315018315018317,continuous LP,1.0
2,1,2,2030-01-08,OPS,General observatory overhead,Observatory maintenance / overhead,Operations and calibration,21.44846153846154,0.12766941391941394,indirect overhead,1.0
2,1,2,2030-01-08,OPS,Wavefront sensing and control,Observatory maintenance / overhead,Segmented primary mirror,2.52,0.015,maintenance,1.0
3,1,3,2030-01-15,A,Commissioning and reference fields,Commissioning / calibration,Reference fields,30.76923076923077,0.18315018315018317,continuous LP,1.0
3,1,3,2030-01-15,B,Commissioning and wavefront ramp,Commissioning / calibration,Coronagraph reference stars,30.76923076923077,0.18315018315018317,continuous LP,1.0
3,1,3,2030-01-15,OPS,General observatory overhead,Observatory maintenance / overhead,Operations and calibration,21.44846153846154,0.12766941391941394,indirect overhead,1.0
3,1,3,2030-01-15,OPS,L2 station keeping,Observatory maintenance / overhead,Spacecraft orbit,2.0,0.011904761904761904,maintenance,1.0
3,1,3,2030-01-15,OPS,Wavefront sensing and control,Observatory maintenance / overhead,Segmented primary mirror,2.52,0.015,maintenance,1.0
4,1,4,2030-01-22,A,Commissioning and reference fields,Commissioning / calibration,Reference fields,30.76923076923077,0.18315018315018317,continuous LP,1.0
4,1,4,2030-01-22,B,Commissioning and wavefront ramp,Commissioning / calibration,Coronagraph reference stars,30.76923076923077,0.18315018315018317,continuous LP,1.0
4,1,4,2030-01-22,OPS,General observatory overhead,Observatory maintenance / overhead,Operations and calibration,21.44846153846154,0.12766941391941394,indirect overhead,1.0
4,1,4,2030-01-22,OPS,Wavefront sensing and control,Observatory maintenance / overhead,Segmented primary mirror,2.52,0.015,maintenance,1.0
5,1,5,2030-01-29,A,Commissioning and reference fields,Commissioning / calibration,Reference fields,30.76923076923077,0.18315018315018317,continuous LP,1.0
5,1,5,2030-01-29,B,Commissioning and wavefront ramp,Commissioning / calibration,Coronagraph reference stars,30.76923076923077,0.18315018315018317,continuous LP,1.0
5,1,5,2030-01-29,OPS,General observatory overhead,Observatory maintenance / overhead,Operations and calibration,21.44846153846154,0.12766941391941394,indirect overhead,1.0
5,1,5,2030-01-29,OPS,Wavefront sensing and control,Observatory maintenance / overhead,Segmented primary mirror,2.52,0.015,maintenance,1.0
6,1,6,2030-02-05,A,Commissioning and reference fields,Commissioning / calibration,Reference fields,30.76923076923077,0.18315018315018317,continuous LP,1.0
6,1,6,2030-02-05,B,Commissioning and wavefront ramp,Commissioning / calibration,Coronagraph reference stars,30.76923076923077,0.18315018315018317,continuous LP,1.0
6,1,6,2030-02-05,OPS,General observatory overhead,Observatory maintenance / overhead,Operations and calibration,21.44846153846154,0.12766941391941394,indirect overhead,1.0
6,1,6,2030-02-05,OPS,L2 station keeping,Observatory maintenance / overhead,Spacecraft orbit,2.0,0.011904761904761904,maintenance,1.0
6,1,6,2030-02-05,OPS,Momentum unload,Observatory maintenance / overhead,Reaction wheels,3.0,0.017857142857142856,maintenance,1.0
6,1,6,2030-02-05,OPS,Wavefront sensing and control,Observatory maintenance / overhead,Segmented primary mirror,2.52,0.015,maintenance,1.0
7,1,7,2030-02-12,A,Commissioning and reference fields,Commissioning / calibration,Reference fields,30.76923076923077,0.18315018315018317,continuous LP,1.0
7,1,7,2030-02-12,B,Commissioning and wavefront ramp,Commissioning / calibration,Coronagraph reference stars,30.76923076923077,0.18315018315018317,continuous LP,1.0
7,1,7,2030-02-12,OPS,General observatory overhead,Observatory maintenance / overhead,Operations and calibration,21.44846153846154,0.12766941391941394,indirect overhead,1.0
7,1,7,2030-02-12,OPS,Wavefront sensing and control,Observatory maintenance / overhead,Segmented primary mirror,2.52,0.015,maintenance,1.0
8,1,8,2030-02-19,A,Commissioning and reference fields,Commissioning / calibration,Reference fields,30.76923076923077,0.18315018315018317,continuous LP,1.0
8,1,8,2030-02-19,B,Commissioning and wavefront ramp,Commissioning / calibration,Coronagraph reference stars,30.76923076923077,0.18315018315018317,continuous LP,1.0
8,1,8,2030-02-19,OPS,General observatory overhead,Observatory maintenance / overhead,Operations and calibration,21.44846153846154,0.12766941391941394,indirect overhead,1.0
8,1,8,2030-02-19,OPS,Wavefront sensing and control,Observatory maintenance / overhead,Segmented primary mirror,2.52,0.015,maintenance,1.0
9,1,9,2030-02-26,A,Commissioning and reference fields,Commissioning / calibration,Reference fields,30.76923076923077,0.18315018315018317,continuous LP,1.0
9,1,9,2030-02-26,B,Commissioning and wavefront ramp,Commissioning / calibration,Coronagraph reference stars,30.76923076923077,0.18315018315018317,continuous LP,1.0
9,1,9,2030-02-26,OPS,General observatory overhead,Observatory maintenance / overhead,Operations and calibration,21.44846153846154,0.12766941391941394,indirect overhead,1.0
9,1,9,2030-02-26,OPS,L2 station keeping,Observatory maintenance / overhead,Spacecraft orbit,2.0,0.011904761904761904,maintenance,1.0
9,1,9,2030-02-26,OPS,Wavefront sensing and control,Observatory maintenance / overhead,Segmented primary mirror,2.52,0.015,maintenance,1.0
10,1,10,2030-03-05,A,Commissioning and reference fields,Commissioning / calibration,Reference fields,30.76923076923077,0.18315018315018317,continuous LP,1.0
10,1,10,2030-03-05,B,Commissioning and wavefront ramp,Commissioning / calibration,Coronagraph reference stars,30.76923076923077,0.18315018315018317,continuous LP,1.0
10,1,10,2030-03-05,OPS,General observatory overhead,Observatory maintenance / overhead,Operations and calibration,21.44846153846154,0.12766941391941394,indirect overhead,1.0
10,1,10,2030-03-05,OPS,Wavefront sensing and control,Observatory maintenance / overhead,Segmented primary mirror,2.52,0.015,maintenance,1.0
11,1,11,2030-03-12,A,Commissioning and reference fields,Commissioning / calibration,Reference fields,30.76923076923077,0.18315018315018317,continuous LP,1.0
11,1,11,2030-03-12,B,Commissioning and wavefront ramp,Commissioning / calibration,Coronagraph reference stars,30.76923076923077,0.18315018315018317,continuous LP,1.0
11,1,11,2030-03-12,OPS,General observatory overhead,Observatory maintenance / overhead,Operations and calibration,21.44846153846154,0.12766941391941394,indirect overhead,1.0
11,1,11,2030-03-12,OPS,Wavefront sensing and control,Observatory maintenance / overhead,Segmented primary mirror,2.52,0.015,maintenance,1.0
12,1,12,2030-03-19,A,Commissioning and reference fields,Commissioning / calibration,Reference fields,30.76923076923077,0.18315018315018317,continuous LP,1.0
12,1,12,2030-03-19,B,Commissioning and wavefront ramp,Commissioning / calibration,Coronagraph reference stars,30.76923076923077,0.18315018315018317,continuous LP,1.0
12,1,12,2030-03-19,OPS,General observatory overhead,Observatory maintenance / overhead,Operations and calibration,21.44846153846154,0.12766941391941394,indirect overhead,1.0
12,1,12,2030-03-19,OPS,L2 station keeping,Observatory maintenance / overhead,Spacecraft orbit,2.0,0.011904761904761904,maintenance,1.0
12,1,12,2030-03-19,OPS,Momentum unload,Observatory maintenance / overhead,Reaction wheels,3.0,0.017857142857142856,maintenance,1.0
12,1,12,2030-03-19,OPS,Wavefront sensing and control,Observatory maintenance / overhead,Segmented primary mirror,2.52,0.015,maintenance,1.0
13,1,13,2030-03-26,A,Commissioning and reference fields,Commissioning / calibration,Reference fields,30.76923076923077,0.18315018315018317,continuous LP,1.0
13,1,13,2030-03-26,B,Commissioning and wavefront ramp,Commissioning / calibration,Coronagraph reference stars,30.76923076923077,0.18315018315018317,continuous LP,1.0
13,1,13,2030-03-26,OPS,General observatory overhead,Observatory maintenance / overhead,Operations and calibration,21.44846153846154,0.12766941391941394,indirect overhead,1.0
13,1,13,2030-03-26,OPS,Quarterly calibration block,Observatory maintenance / overhead,Instruments and reference fields,24.0,0.14285714285714285,maintenance,1.0
13,1,13,2030-03-26,OPS,Wavefront sensing and control,Observatory maintenance / overhead,Segmented primary mirror,2.52,0.015,maintenance,1.0
14,1,14,2030-04-02,X,Compact-object ToO reserve,Compact monitoring / ToO,Future KMTNet/LVK alert,1.8430379746835444,0.010970464135021098,reserved,1.0
14,1,14,2030-04-02,X,Dwarf-nova intensive,Compact monitoring / ToO,SU UMa,0.375,0.002232142857142857,target-visit MILP,1.0
14,1,14,2030-04-02,X,Dwarf-nova intensive,Compact monitoring / ToO,SU UMa,0.375,0.002232142857142857,target-visit MILP,1.0
14,1,14,2030-04-02,X,Dwarf-nova intensive,Compact monitoring / ToO,U Gem,0.375,0.002232142857142857,target-visit MILP,1.0
14,1,14,2030-04-02,X,Dwarf-nova intensive,Compact monitoring / ToO,U Gem,0.375,0.002232142857142857,target-visit MILP,1.0
14,1,14,2030-04-02,X,Dwarf-nova intensive,Compact monitoring / ToO,Z Cam,0.375,0.002232142857142857,target-visit MILP,0.7142857142857143
14,1,14,2030-04-02,X,Dwarf-nova intensive,Compact monitoring / ToO,Z Cam,0.375,0.002232142857142857,target-visit MILP,0.7142857142857143
14,1,14,2030-04-02,B,Nearest FGK HZ Systems Survey,Exoplanet nearest / HZ,36 UMa,18.28124011602197,0.10881690545251173,target-visit MILP,1.0
14,1,14,2030-04-02,B,Nearest Stellar Systems Survey,Exoplanet nearest / HZ,GJ 411,10.0,0.05952380952380952,target-visit MILP,1.0
14,1,14,2030-04-02,C,NEO optical blind survey,NEO blind survey / recovery,Dynamic ecliptic scan annulus,9.215189873417721,0.05485232067510548,blind survey,1.0
14,1,14,2030-04-02,C,NEO recovery ToO reserve,NEO blind survey / recovery,Future MPC alert,3.6860759493670887,0.021940928270042195,reserved,1.0
14,1,14,2030-04-02,OPS,General observatory overhead,Observatory maintenance / overhead,Operations and calibration,21.44846153846154,0.12766941391941394,indirect overhead,1.0
14,1,14,2030-04-02,OPS,Wavefront sensing and control,Observatory maintenance / overhead,Segmented primary mirror,2.52,0.015,maintenance,1.0
15,1,15,2030-04-09,X,Compact-object ToO reserve,Compact monitoring / ToO,Future KMTNet/LVK alert,1.8430379746835444,0.010970464135021098,reserved,1.0
15,1,15,2030-04-09,X,Dwarf-nova population,Compact monitoring / ToO,YZ Cnc,0.75,0.004464285714285714,target-visit MILP,1.0
15,1,15,2030-04-09,B,Nearest FGK HZ Systems Survey,Exoplanet nearest / HZ,HD 102365,15.779932744531134,0.09392817109839961,target-visit MILP,1.0
15,1,15,2030-04-09,B,Nearest FGK HZ Systems Survey,Exoplanet nearest / HZ,lam Ser,19.96967241010322,0.11886709767918584,target-visit MILP,1.0
15,1,15,2030-04-09,C,NEO optical blind survey,NEO blind survey / recovery,Dynamic ecliptic scan annulus,9.215189873417721,0.05485232067510548,blind survey,1.0
15,1,15,2030-04-09,C,NEO recovery ToO reserve,NEO blind survey / recovery,Future MPC alert,3.6860759493670887,0.021940928270042195,reserved,1.0
15,1,15,2030-04-09,OPS,General observatory overhead,Observatory maintenance / overhead,Operations and calibration,21.44846153846154,0.12766941391941394,indirect overhead,1.0
15,1,15,2030-04-09,OPS,L2 station keeping,Observatory maintenance / overhead,Spacecraft orbit,2.0,0.011904761904761904,maintenance,1.0
15,1,15,2030-04-09,OPS,Wavefront sensing and control,Observatory maintenance / overhead,Segmented primary mirror,2.52,0.015,maintenance,1.0
16,1,16,2030-04-16,X,Compact-object ToO reserve,Compact monitoring / ToO,Future KMTNet/LVK alert,1.8430379746835444,0.010970464135021098,reserved,1.0
16,1,16,2030-04-16,X,Dwarf-nova population,Compact monitoring / ToO,ER UMa,0.75,0.004464285714285714,target-visit MILP,1.0
16,1,16,2030-04-16,X,Dwarf-nova population,Compact monitoring / ToO,ER UMa,0.75,0.004464285714285714,target-visit MILP,1.0
16,1,16,2030-04-16,X,Dwarf-nova population,Compact monitoring / ToO,YZ Cnc,0.75,0.004464285714285714,target-visit MILP,0.5714285714285714
16,1,16,2030-04-16,B,Nearest FGK HZ Systems Survey,Exoplanet nearest / HZ,36 UMa,18.28124011602197,0.10881690545251173,target-visit MILP,1.0
16,1,16,2030-04-16,B,Nearest FGK HZ Systems Survey,Exoplanet nearest / HZ,lam Ser,19.96967241010322,0.11886709767918584,target-visit MILP,1.0
16,1,16,2030-04-16,B,Nearest Stellar Systems Survey,Exoplanet nearest / HZ,Barnard star,10.0,0.05952380952380952,target-visit MILP,1.0
16,1,16,2030-04-16,C,NEO optical blind survey,NEO blind survey / recovery,Dynamic ecliptic scan annulus,9.215189873417721,0.05485232067510548,blind survey,1.0
16,1,16,2030-04-16,C,NEO recovery ToO reserve,NEO blind survey / recovery,Future MPC alert,3.6860759493670887,0.021940928270042195,reserved,1.0
16,1,16,2030-04-16,OPS,General observatory overhead,Observatory maintenance / overhead,Operations and calibration,21.44846153846154,0.12766941391941394,indirect overhead,1.0
16,1,16,2030-04-16,OPS,Wavefront sensing and control,Observatory maintenance / overhead,Segmented primary mirror,2.52,0.015,maintenance,1.0
17,1,17,2030-04-23,X,Compact-object ToO reserve,Compact monitoring / ToO,Future KMTNet/LVK alert,1.8430379746835444,0.010970464135021098,reserved,1.0
17,1,17,2030-04-23,X,Dwarf-nova population,Compact monitoring / ToO,OY Car,0.75,0.004464285714285714,target-visit MILP,1.0
17,1,17,2030-04-23,B,Nearest Stellar Systems Survey,Exoplanet nearest / HZ,Wolf 359,10.0,0.05952380952380952,target-visit MILP,1.0
17,1,17,2030-04-23,B,Nearest Stellar Systems Survey,Exoplanet nearest / HZ,alpha Cen A,10.0,0.05952380952380952,target-visit MILP,1.0
17,1,17,2030-04-23,C,NEO optical blind survey,NEO blind survey / recovery,Dynamic ecliptic scan annulus,9.215189873417721,0.05485232067510548,blind survey,1.0
17,1,17,2030-04-23,C,NEO recovery ToO reserve,NEO blind survey / recovery,Future MPC alert,3.6860759493670887,0.021940928270042195,reserved,1.0
17,1,17,2030-04-23,OPS,General observatory overhead,Observatory maintenance / overhead,Operations and calibration,21.44846153846154,0.12766941391941394,indirect overhead,1.0
17,1,17,2030-04-23,OPS,Wavefront sensing and control,Observatory maintenance / overhead,Segmented primary mirror,2.52,0.015,maintenance,1.0
18,1,18,2030-04-30,X,Compact-object ToO reserve,Compact monitoring / ToO,Future KMTNet/LVK alert,1.8430379746835444,0.010970464135021098,reserved,1.0
18,1,18,2030-04-30,X,Dwarf-nova intensive,Compact monitoring / ToO,WZ Sge,0.375,0.002232142857142857,target-visit MILP,1.0
18,1,18,2030-04-30,X,Dwarf-nova intensive,Compact monitoring / ToO,WZ Sge,0.375,0.002232142857142857,target-visit MILP,1.0
18,1,18,2030-04-30,B,Nearest FGK HZ Systems Survey,Exoplanet nearest / HZ,HD 102365,15.779932744531134,0.09392817109839961,target-visit MILP,1.0
18,1,18,2030-04-30,C,NEO optical blind survey,NEO blind survey / recovery,Dynamic ecliptic scan annulus,9.215189873417721,0.05485232067510548,blind survey,1.0
18,1,18,2030-04-30,C,NEO recovery ToO reserve,NEO blind survey / recovery,Future MPC alert,3.6860759493670887,0.021940928270042195,reserved,1.0
18,1,18,2030-04-30,OPS,General observatory overhead,Observatory maintenance / overhead,Operations and calibration,21.44846153846154,0.12766941391941394,indirect overhead,1.0
18,1,18,2030-04-30,OPS,L2 station keeping,Observatory maintenance / overhead,Spacecraft orbit,2.0,0.011904761904761904,maintenance,1.0
18,1,18,2030-04-30,OPS,Momentum unload,Observatory maintenance / overhead,Reaction wheels,3.0,0.017857142857142856,maintenance,1.0
18,1,18,2030-04-30,OPS,Wavefront sensing and control,Observatory maintenance / overhead,Segmented primary mirror,2.52,0.015,maintenance,1.0
19,1,19,2030-05-07,X,Compact-object ToO reserve,Compact monitoring / ToO,Future KMTNet/LVK alert,1.8430379746835444,0.010970464135021098,reserved,1.0
19,1,19,2030-05-07,B,Nearest FGK HZ Systems Survey,Exoplanet nearest / HZ,eps Ind,5.704502578699747,0.033955372492260404,target-visit MILP,1.0
19,1,19,2030-05-07,B,Nearest Stellar Systems Survey,Exoplanet nearest / HZ,alpha Cen B,10.0,0.05952380952380952,target-visit MILP,1.0
19,1,19,2030-05-07,C,NEO optical blind survey,NEO blind survey / recovery,Dynamic ecliptic scan annulus,9.215189873417721,0.05485232067510548,blind survey,1.0
19,1,19,2030-05-07,C,NEO recovery ToO reserve,NEO blind survey / recovery,Future MPC alert,3.6860759493670887,0.021940928270042195,reserved,1.0
19,1,19,2030-05-07,OPS,General observatory overhead,Observatory maintenance / overhead,Operations and calibration,21.44846153846154,0.12766941391941394,indirect overhead,1.0
19,1,19,2030-05-07,OPS,Wavefront sensing and control,Observatory maintenance / overhead,Segmented primary mirror,2.52,0.015,maintenance,1.0
20,1,20,2030-05-14,X,Compact-object ToO reserve,Compact monitoring / ToO,Future KMTNet/LVK alert,1.8430379746835444,0.010970464135021098,reserved,1.0
20,1,20,2030-05-14,X,Dwarf-nova intensive,Compact monitoring / ToO,VW Hyi,0.375,0.002232142857142857,target-visit MILP,1.0
20,1,20,2030-05-14,X,Dwarf-nova population,Compact monitoring / ToO,VW Vul,0.75,0.004464285714285714,target-visit MILP,0.42857142857142855
20,1,20,2030-05-14,B,Nearest FGK HZ Systems Survey,Exoplanet nearest / HZ,HD 102365,15.779932744531134,0.09392817109839961,target-visit MILP,1.0
20,1,20,2030-05-14,B,Nearest FGK HZ Systems Survey,Exoplanet nearest / HZ,lam Ser,19.96967241010322,0.11886709767918584,target-visit MILP,1.0
20,1,20,2030-05-14,C,NEO optical blind survey,NEO blind survey / recovery,Dynamic ecliptic scan annulus,9.215189873417721,0.05485232067510548,blind survey,1.0
20,1,20,2030-05-14,C,NEO recovery ToO reserve,NEO blind survey / recovery,Future MPC alert,3.6860759493670887,0.021940928270042195,reserved,1.0
20,1,20,2030-05-14,OPS,General observatory overhead,Observatory maintenance / overhead,Operations and calibration,21.44846153846154,0.12766941391941394,indirect overhead,1.0
20,1,20,2030-05-14,OPS,Wavefront sensing and control,Observatory maintenance / overhead,Segmented primary mirror,2.52,0.015,maintenance,1.0
21,1,21,2030-05-21,X,Compact-object ToO reserve,Compact monitoring / ToO,Future KMTNet/LVK alert,1.8430379746835444,0.010970464135021098,reserved,1.0
21,1,21,2030-05-21,X,Dwarf-nova population,Compact monitoring / ToO,OY Car,0.75,0.004464285714285714,target-visit MILP,1.0
21,1,21,2030-05-21,X,Dwarf-nova population,Compact monitoring / ToO,VW Vul,0.75,0.004464285714285714,target-visit MILP,1.0
21,1,21,2030-05-21,X,Dwarf-nova population,Compact monitoring / ToO,VY Aqr,0.75,0.004464285714285714,target-visit MILP,1.0
21,1,21,2030-05-21,X,Dwarf-nova population,Compact monitoring / ToO,VY Aqr,0.75,0.004464285714285714,target-visit MILP,1.0
21,1,21,2030-05-21,A,Wide ELG BAO/RSD,ELG wide North,Boötes north,15.25,0.09077380952380952,continuous LP,1.0
21,1,21,2030-05-21,C,NEO optical blind survey,NEO blind survey / recovery,Dynamic ecliptic scan annulus,9.215189873417721,0.05485232067510548,blind survey,1.0
21,1,21,2030-05-21,C,NEO recovery ToO reserve,NEO blind survey / recovery,Future MPC alert,3.6860759493670887,0.021940928270042195,reserved,1.0
21,1,21,2030-05-21,OPS,General observatory overhead,Observatory maintenance / overhead,Operations and calibration,21.44846153846154,0.12766941391941394,indirect overhead,1.0
21,1,21,2030-05-21,OPS,L2 station keeping,Observatory maintenance / overhead,Spacecraft orbit,2.0,0.011904761904761904,maintenance,1.0
21,1,21,2030-05-21,OPS,Wavefront sensing and control,Observatory maintenance / overhead,Segmented primary mirror,2.52,0.015,maintenance,1.0
22,1,22,2030-05-28,X,Compact-object ToO reserve,Compact monitoring / ToO,Future KMTNet/LVK alert,1.8430379746835444,0.010970464135021098,reserved,1.0
22,1,22,2030-05-28,A,Wide ELG BAO/RSD,ELG wide North,Boötes north,36.0,0.21428571428571427,continuous LP,1.0
22,1,22,2030-05-28,B,Nearest FGK HZ Systems Survey,Exoplanet nearest / HZ,61 Vir,17.86117427425261,0.10631651353721791,target-visit MILP,1.0
22,1,22,2030-05-28,B,Nearest Stellar Systems Survey,Exoplanet nearest / HZ,EZ Aqr Aa,10.0,0.05952380952380952,target-visit MILP,1.0
22,1,22,2030-05-28,B,Nearest Stellar Systems Survey,Exoplanet nearest / HZ,EZ Aqr Ab,10.0,0.05952380952380952,target-visit MILP,1.0
22,1,22,2030-05-28,B,Nearest Stellar Systems Survey,Exoplanet nearest / HZ,Ross 128,10.0,0.05952380952380952,target-visit MILP,1.0
22,1,22,2030-05-28,C,NEO optical blind survey,NEO blind survey / recovery,Dynamic ecliptic scan annulus,9.215189873417721,0.05485232067510548,blind survey,1.0
22,1,22,2030-05-28,C,NEO recovery ToO reserve,NEO blind survey / recovery,Future MPC alert,3.6860759493670887,0.021940928270042195,reserved,1.0
22,1,22,2030-05-28,OPS,General observatory overhead,Observatory maintenance / overhead,Operations and calibration,21.44846153846154,0.12766941391941394,indirect overhead,1.0
22,1,22,2030-05-28,OPS,Wavefront sensing and control,Observatory maintenance / overhead,Segmented primary mirror,2.52,0.015,maintenance,1.0
23,1,23,2030-06-04,X,Compact-object ToO reserve,Compact monitoring / ToO,Future KMTNet/LVK alert,1.8430379746835444,0.010970464135021098,reserved,1.0
23,1,23,2030-06-04,A,Wide ELG BAO/RSD,ELG wide North,Boötes north,36.0,0.21428571428571427,continuous LP,1.0
23,1,23,2030-06-04,B,Nearest FGK HZ Systems Survey,Exoplanet nearest / HZ,61 Vir,17.86117427425261,0.10631651353721791,target-visit MILP,1.0
23,1,23,2030-06-04,B,Nearest FGK HZ Systems Survey,Exoplanet nearest / HZ,61 Vir,17.86117427425261,0.10631651353721791,target-visit MILP,1.0
23,1,23,2030-06-04,B,Nearest FGK HZ Systems Survey,Exoplanet nearest / HZ,lam Ser,19.96967241010322,0.11886709767918584,target-visit MILP,1.0
23,1,23,2030-06-04,C,NEO optical blind survey,NEO blind survey / recovery,Dynamic ecliptic scan annulus,9.215189873417721,0.05485232067510548,blind survey,1.0
23,1,23,2030-06-04,C,NEO recovery ToO reserve,NEO blind survey / recovery,Future MPC alert,3.6860759493670887,0.021940928270042195,reserved,1.0
23,1,23,2030-06-04,OPS,General observatory overhead,Observatory maintenance / overhead,Operations and calibration,21.44846153846154,0.12766941391941394,indirect overhead,1.0
23,1,23,2030-06-04,OPS,Wavefront sensing and control,Observatory maintenance / overhead,Segmented primary mirror,2.52,0.015,maintenance,1.0
24,1,24,2030-06-11,X,Compact-object ToO reserve,Compact monitoring / ToO,Future KMTNet/LVK alert,1.8430379746835444,0.010970464135021098,reserved,1.0
24,1,24,2030-06-11,A,Wide ELG BAO/RSD,ELG wide North,Boötes north,36.0,0.21428571428571427,continuous LP,1.0
24,1,24,2030-06-11,B,Nearest FGK HZ Systems Survey,Exoplanet nearest / HZ,HD 102365,15.779932744531134,0.09392817109839961,target-visit MILP,1.0
24,1,24,2030-06-11,B,Nearest Stellar Systems Survey,Exoplanet nearest / HZ,61 Cyg A,10.0,0.05952380952380952,target-visit MILP,1.0
24,1,24,2030-06-11,C,NEO optical blind survey,NEO blind survey / recovery,Dynamic ecliptic scan annulus,9.215189873417721,0.05485232067510548,blind survey,1.0
24,1,24,2030-06-11,C,NEO recovery ToO reserve,NEO blind survey / recovery,Future MPC alert,3.6860759493670887,0.021940928270042195,reserved,1.0
24,1,24,2030-06-11,OPS,General observatory overhead,Observatory maintenance / overhead,Operations and calibration,21.44846153846154,0.12766941391941394,indirect overhead,1.0
24,1,24,2030-06-11,OPS,L2 station keeping,Observatory maintenance / overhead,Spacecraft orbit,2.0,0.011904761904761904,maintenance,1.0
24,1,24,2030-06-11,OPS,Momentum unload,Observatory maintenance / overhead,Reaction wheels,3.0,0.017857142857142856,maintenance,1.0
24,1,24,2030-06-11,OPS,Wavefront sensing and control,Observatory maintenance / overhead,Segmented primary mirror,2.52,0.015,maintenance,1.0
25,1,25,2030-06-18,X,Compact-object ToO reserve,Compact monitoring / ToO,Future KMTNet/LVK alert,1.8430379746835444,0.010970464135021098,reserved,1.0
25,1,25,2030-06-18,X,Dwarf-nova intensive,Compact monitoring / ToO,SS Cyg,0.375,0.002232142857142857,target-visit MILP,1.0
25,1,25,2030-06-18,X,Dwarf-nova population,Compact monitoring / ToO,OY Car,0.75,0.004464285714285714,target-visit MILP,1.0
25,1,25,2030-06-18,A,Wide ELG BAO/RSD,ELG wide North,Boötes north,36.0,0.21428571428571427,continuous LP,1.0
25,1,25,2030-06-18,B,Nearest FGK HZ Systems Survey,Exoplanet nearest / HZ,36 Oph B,15.077588763946688,0.08974755216634933,target-visit MILP,1.0
25,1,25,2030-06-18,B,Nearest Stellar Systems Survey,Exoplanet nearest / HZ,61 Cyg B,10.0,0.05952380952380952,target-visit MILP,1.0
25,1,25,2030-06-18,B,Nearest Stellar Systems Survey,Exoplanet nearest / HZ,GJ 887,10.0,0.05952380952380952,target-visit MILP,1.0
25,1,25,2030-06-18,C,NEO optical blind survey,NEO blind survey / recovery,Dynamic ecliptic scan annulus,9.215189873417721,0.05485232067510548,blind survey,1.0
25,1,25,2030-06-18,C,NEO recovery ToO reserve,NEO blind survey / recovery,Future MPC alert,3.6860759493670887,0.021940928270042195,reserved,1.0
25,1,25,2030-06-18,OPS,General observatory overhead,Observatory maintenance / overhead,Operations and calibration,21.44846153846154,0.12766941391941394,indirect overhead,1.0
25,1,25,2030-06-18,OPS,Wavefront sensing and control,Observatory maintenance / overhead,Segmented primary mirror,2.52,0.015,maintenance,1.0
26,1,26,2030-06-25,X,Compact-object ToO reserve,Compact monitoring / ToO,Future KMTNet/LVK alert,1.8430379746835444,0.010970464135021098,reserved,1.0
26,1,26,2030-06-25,X,Dwarf-nova population,Compact monitoring / ToO,VY Aqr,0.75,0.004464285714285714,target-visit MILP,1.0
26,1,26,2030-06-25,A,Wide ELG BAO/RSD,ELG wide North,Boötes north,36.0,0.21428571428571427,continuous LP,1.0
26,1,26,2030-06-25,B,Nearest FGK HZ Systems Survey,Exoplanet nearest / HZ,lam Ser,19.96967241010322,0.11886709767918584,target-visit MILP,1.0
26,1,26,2030-06-25,C,NEO optical blind survey,NEO blind survey / recovery,Dynamic ecliptic scan annulus,9.215189873417721,0.05485232067510548,blind survey,1.0
26,1,26,2030-06-25,C,NEO recovery ToO reserve,NEO blind survey / recovery,Future MPC alert,3.6860759493670887,0.021940928270042195,reserved,1.0
26,1,26,2030-06-25,OPS,General observatory overhead,Observatory maintenance / overhead,Operations and calibration,21.44846153846154,0.12766941391941394,indirect overhead,1.0
26,1,26,2030-06-25,OPS,Quarterly calibration block,Observatory maintenance / overhead,Instruments and reference fields,24.0,0.14285714285714285,maintenance,1.0
26,1,26,2030-06-25,OPS,Wavefront sensing and control,Observatory maintenance / overhead,Segmented primary mirror,2.52,0.015,maintenance,1.0
27,1,27,2030-07-02,X,Compact-object ToO reserve,Compact monitoring / ToO,Future KMTNet/LVK alert,1.8430379746835444,0.010970464135021098,reserved,1.0
27,1,27,2030-07-02,X,Dwarf-nova intensive,Compact monitoring / ToO,WZ Sge,0.375,0.002232142857142857,target-visit MILP,1.0
27,1,27,2030-07-02,X,Dwarf-nova intensive,Compact monitoring / ToO,WZ Sge,0.375,0.002232142857142857,target-visit MILP,1.0
27,1,27,2030-07-02,A,Wide ELG BAO/RSD,ELG wide North,Boötes north,36.0,0.21428571428571427,continuous LP,1.0
27,1,27,2030-07-02,B,Nearest Stellar Systems Survey,Exoplanet nearest / HZ,Proxima Cen,10.0,0.05952380952380952,target-visit MILP,1.0
27,1,27,2030-07-02,C,NEO optical blind survey,NEO blind survey / recovery,Dynamic ecliptic scan annulus,9.215189873417721,0.05485232067510548,blind survey,1.0
27,1,27,2030-07-02,C,NEO recovery ToO reserve,NEO blind survey / recovery,Future MPC alert,3.6860759493670887,0.021940928270042195,reserved,1.0
27,1,27,2030-07-02,OPS,General observatory overhead,Observatory maintenance / overhead,Operations and calibration,21.44846153846154,0.12766941391941394,indirect overhead,1.0
27,1,27,2030-07-02,OPS,L2 station keeping,Observatory maintenance / overhead,Spacecraft orbit,2.0,0.011904761904761904,maintenance,1.0
27,1,27,2030-07-02,OPS,Wavefront sensing and control,Observatory maintenance / overhead,Segmented primary mirror,2.52,0.015,maintenance,1.0
28,1,28,2030-07-09,X,Compact-object ToO reserve,Compact monitoring / ToO,Future KMTNet/LVK alert,1.8430379746835444,0.010970464135021098,reserved,1.0
28,1,28,2030-07-09,B,Nearest FGK HZ Systems Survey,Exoplanet nearest / HZ,ksi Boo A,11.780571683014253,0.07012245049413246,target-visit MILP,1.0
28,1,28,2030-07-09,B,Nearest FGK HZ Systems Survey,Exoplanet nearest / HZ,lam Ser,19.96967241010322,0.11886709767918584,target-visit MILP,1.0
28,1,28,2030-07-09,C,NEO optical blind survey,NEO blind survey / recovery,Dynamic ecliptic scan annulus,9.215189873417721,0.05485232067510548,blind survey,1.0
28,1,28,2030-07-09,C,NEO recovery ToO reserve,NEO blind survey / recovery,Future MPC alert,3.6860759493670887,0.021940928270042195,reserved,1.0
28,1,28,2030-07-09,OPS,General observatory overhead,Observatory maintenance / overhead,Operations and calibration,21.44846153846154,0.12766941391941394,indirect overhead,1.0
28,1,28,2030-07-09,OPS,Wavefront sensing and control,Observatory maintenance / overhead,Segmented primary mirror,2.52,0.015,maintenance,1.0
29,1,29,2030-07-16,X,Compact-object ToO reserve,Compact monitoring / ToO,Future KMTNet/LVK alert,1.8430379746835444,0.010970464135021098,reserved,1.0
29,1,29,2030-07-16,X,Dwarf-nova intensive,Compact monitoring / ToO,RU Peg,0.375,0.002232142857142857,target-visit MILP,1.0
29,1,29,2030-07-16,X,Dwarf-nova intensive,Compact monitoring / ToO,VW Hyi,0.375,0.002232142857142857,target-visit MILP,1.0
29,1,29,2030-07-16,B,Nearest FGK HZ Systems Survey,Exoplanet nearest / HZ,lam Ser,19.96967241010322,0.11886709767918584,target-visit MILP,1.0
29,1,29,2030-07-16,B,Nearest Stellar Systems Survey,Exoplanet nearest / HZ,EZ Aqr B,10.0,0.05952380952380952,target-visit MILP,1.0
29,1,29,2030-07-16,C,NEO optical blind survey,NEO blind survey / recovery,Dynamic ecliptic scan annulus,9.215189873417721,0.05485232067510548,blind survey,1.0
29,1,29,2030-07-16,C,NEO recovery ToO reserve,NEO blind survey / recovery,Future MPC alert,3.6860759493670887,0.021940928270042195,reserved,1.0
29,1,29,2030-07-16,OPS,General observatory overhead,Observatory maintenance / overhead,Operations and calibration,21.44846153846154,0.12766941391941394,indirect overhead,1.0
29,1,29,2030-07-16,OPS,Wavefront sensing and control,Observatory maintenance / overhead,Segmented primary mirror,2.52,0.015,maintenance,1.0
30,1,30,2030-07-23,X,Compact-object ToO reserve,Compact monitoring / ToO,Future KMTNet/LVK alert,1.8430379746835444,0.010970464135021098,reserved,1.0
30,1,30,2030-07-23,X,Dwarf-nova intensive,Compact monitoring / ToO,VW Hyi,0.375,0.002232142857142857,target-visit MILP,1.0
30,1,30,2030-07-23,X,Dwarf-nova population,Compact monitoring / ToO,OY Car,0.75,0.004464285714285714,target-visit MILP,1.0
30,1,30,2030-07-23,X,Dwarf-nova population,Compact monitoring / ToO,VW Vul,0.75,0.004464285714285714,target-visit MILP,1.0
30,1,30,2030-07-23,B,Nearest FGK HZ Systems Survey,Exoplanet nearest / HZ,ksi Boo A,11.780571683014253,0.07012245049413246,target-visit MILP,0.5714285714285714
30,1,30,2030-07-23,B,Nearest FGK HZ Systems Survey,Exoplanet nearest / HZ,lam Ser,19.96967241010322,0.11886709767918584,target-visit MILP,1.0
30,1,30,2030-07-23,B,Nearest Stellar Systems Survey,Exoplanet nearest / HZ,Ross 248,10.0,0.05952380952380952,target-visit MILP,1.0
30,1,30,2030-07-23,C,NEO optical blind survey,NEO blind survey / recovery,Dynamic ecliptic scan annulus,9.215189873417721,0.05485232067510548,blind survey,1.0
30,1,30,2030-07-23,C,NEO recovery ToO reserve,NEO blind survey / recovery,Future MPC alert,3.6860759493670887,0.021940928270042195,reserved,1.0
30,1,30,2030-07-23,OPS,General observatory overhead,Observatory maintenance / overhead,Operations and calibration,21.44846153846154,0.12766941391941394,indirect overhead,1.0
30,1,30,2030-07-23,OPS,L2 station keeping,Observatory maintenance / overhead,Spacecraft orbit,2.0,0.011904761904761904,maintenance,1.0
30,1,30,2030-07-23,OPS,Momentum unload,Observatory maintenance / overhead,Reaction wheels,3.0,0.017857142857142856,maintenance,1.0
30,1,30,2030-07-23,OPS,Wavefront sensing and control,Observatory maintenance / overhead,Segmented primary mirror,2.52,0.015,maintenance,1.0
31,1,31,2030-07-30,X,Compact-object ToO reserve,Compact monitoring / ToO,Future KMTNet/LVK alert,1.8430379746835444,0.010970464135021098,reserved,1.0
31,1,31,2030-07-30,X,Dwarf-nova intensive,Compact monitoring / ToO,WZ Sge,0.375,0.002232142857142857,target-visit MILP,1.0
31,1,31,2030-07-30,X,Dwarf-nova population,Compact monitoring / ToO,RX And,0.75,0.004464285714285714,target-visit MILP,1.0
31,1,31,2030-07-30,B,Nearest FGK HZ Systems Survey,Exoplanet nearest / HZ,36 Oph A,16.058276436541128,0.09558497878893528,target-visit MILP,1.0
31,1,31,2030-07-30,C,NEO optical blind survey,NEO blind survey / recovery,Dynamic ecliptic scan annulus,9.215189873417721,0.05485232067510548,blind survey,1.0
31,1,31,2030-07-30,C,NEO recovery ToO reserve,NEO blind survey / recovery,Future MPC alert,3.6860759493670887,0.021940928270042195,reserved,1.0
31,1,31,2030-07-30,OPS,General observatory overhead,Observatory maintenance / overhead,Operations and calibration,21.44846153846154,0.12766941391941394,indirect overhead,1.0
31,1,31,2030-07-30,OPS,Wavefront sensing and control,Observatory maintenance / overhead,Segmented primary mirror,2.52,0.015,maintenance,1.0
32,1,32,2030-08-06,X,Compact-object ToO reserve,Compact monitoring / ToO,Future KMTNet/LVK alert,1.8430379746835444,0.010970464135021098,reserved,1.0
32,1,32,2030-08-06,X,Dwarf-nova population,Compact monitoring / ToO,RX And,0.75,0.004464285714285714,target-visit MILP,1.0
32,1,32,2030-08-06,B,Nearest FGK HZ Systems Survey,Exoplanet nearest / HZ,lam Ser,19.96967241010322,0.11886709767918584,target-visit MILP,1.0
32,1,32,2030-08-06,B,Nearest Stellar Systems Survey,Exoplanet nearest / HZ,Ross 154,10.0,0.05952380952380952,target-visit MILP,1.0
32,1,32,2030-08-06,C,NEO optical blind survey,NEO blind survey / recovery,Dynamic ecliptic scan annulus,9.215189873417721,0.05485232067510548,blind survey,1.0
32,1,32,2030-08-06,C,NEO recovery ToO reserve,NEO blind survey / recovery,Future MPC alert,3.6860759493670887,0.021940928270042195,reserved,1.0
32,1,32,2030-08-06,OPS,General observatory overhead,Observatory maintenance / overhead,Operations and calibration,21.44846153846154,0.12766941391941394,indirect overhead,1.0
32,1,32,2030-08-06,OPS,Wavefront sensing and control,Observatory maintenance / overhead,Segmented primary mirror,2.52,0.015,maintenance,1.0
33,1,33,2030-08-13,X,Compact-object ToO reserve,Compact monitoring / ToO,Future KMTNet/LVK alert,1.8430379746835444,0.010970464135021098,reserved,1.0
33,1,33,2030-08-13,B,Nearest FGK HZ Systems Survey,Exoplanet nearest / HZ,lam Ser,19.96967241010322,0.11886709767918584,target-visit MILP,0.42857142857142855
33,1,33,2030-08-13,C,NEO optical blind survey,NEO blind survey / recovery,Dynamic ecliptic scan annulus,9.215189873417721,0.05485232067510548,blind survey,1.0
33,1,33,2030-08-13,C,NEO recovery ToO reserve,NEO blind survey / recovery,Future MPC alert,3.6860759493670887,0.021940928270042195,reserved,1.0
33,1,33,2030-08-13,OPS,General observatory overhead,Observatory maintenance / overhead,Operations and calibration,21.44846153846154,0.12766941391941394,indirect overhead,1.0
33,1,33,2030-08-13,OPS,L2 station keeping,Observatory maintenance / overhead,Spacecraft orbit,2.0,0.011904761904761904,maintenance,1.0
33,1,33,2030-08-13,OPS,Wavefront sensing and control,Observatory maintenance / overhead,Segmented primary mirror,2.52,0.015,maintenance,1.0
34,1,34,2030-08-20,X,Compact-object ToO reserve,Compact monitoring / ToO,Future KMTNet/LVK alert,1.8430379746835444,0.010970464135021098,reserved,1.0
34,1,34,2030-08-20,X,Dwarf-nova population,Compact monitoring / ToO,HT Cas,0.75,0.004464285714285714,target-visit MILP,1.0
34,1,34,2030-08-20,C,NEO optical blind survey,NEO blind survey / recovery,Dynamic ecliptic scan annulus,9.215189873417721,0.05485232067510548,blind survey,1.0
34,1,34,2030-08-20,C,NEO recovery ToO reserve,NEO blind survey / recovery,Future MPC alert,3.6860759493670887,0.021940928270042195,reserved,1.0
34,1,34,2030-08-20,OPS,General observatory overhead,Observatory maintenance / overhead,Operations and calibration,21.44846153846154,0.12766941391941394,indirect overhead,1.0
34,1,34,2030-08-20,OPS,Wavefront sensing and control,Observatory maintenance / overhead,Segmented primary mirror,2.52,0.015,maintenance,1.0
35,1,35,2030-08-27,X,Compact-object ToO reserve,Compact monitoring / ToO,Future KMTNet/LVK alert,1.8430379746835444,0.010970464135021098,reserved,1.0
35,1,35,2030-08-27,B,Nearest FGK HZ Systems Survey,Exoplanet nearest / HZ,kap01 Cet,16.831312877344757,0.10018638617467117,target-visit MILP,1.0
35,1,35,2030-08-27,C,NEO optical blind survey,NEO blind survey / recovery,Dynamic ecliptic scan annulus,9.215189873417721,0.05485232067510548,blind survey,1.0
35,1,35,2030-08-27,C,NEO recovery ToO reserve,NEO blind survey / recovery,Future MPC alert,3.6860759493670887,0.021940928270042195,reserved,1.0
35,1,35,2030-08-27,OPS,General observatory overhead,Observatory maintenance / overhead,Operations and calibration,21.44846153846154,0.12766941391941394,indirect overhead,1.0
35,1,35,2030-08-27,OPS,Wavefront sensing and control,Observatory maintenance / overhead,Segmented primary mirror,2.52,0.015,maintenance,1.0
36,1,36,2030-09-03,X,Compact-object ToO reserve,Compact monitoring / ToO,Future KMTNet/LVK alert,1.8430379746835444,0.010970464135021098,reserved,1.0
36,1,36,2030-09-03,X,Dwarf-nova population,Compact monitoring / ToO,HT Cas,0.75,0.004464285714285714,target-visit MILP,1.0
36,1,36,2030-09-03,X,Dwarf-nova population,Compact monitoring / ToO,VY Aqr,0.75,0.004464285714285714,target-visit MILP,1.0
36,1,36,2030-09-03,C,NEO optical blind survey,NEO blind survey / recovery,Dynamic ecliptic scan annulus,9.215189873417721,0.05485232067510548,blind survey,1.0
36,1,36,2030-09-03,C,NEO recovery ToO reserve,NEO blind survey / recovery,Future MPC alert,3.6860759493670887,0.021940928270042195,reserved,1.0
36,1,36,2030-09-03,OPS,General observatory overhead,Observatory maintenance / overhead,Operations and calibration,21.44846153846154,0.12766941391941394,indirect overhead,1.0
36,1,36,2030-09-03,OPS,L2 station keeping,Observatory maintenance / overhead,Spacecraft orbit,2.0,0.011904761904761904,maintenance,1.0
36,1,36,2030-09-03,OPS,Momentum unload,Observatory maintenance / overhead,Reaction wheels,3.0,0.017857142857142856,maintenance,1.0
36,1,36,2030-09-03,OPS,Wavefront sensing and control,Observatory maintenance / overhead,Segmented primary mirror,2.52,0.015,maintenance,1.0
37,1,37,2030-09-10,X,Compact-object ToO reserve,Compact monitoring / ToO,Future KMTNet/LVK alert,1.8430379746835444,0.010970464135021098,reserved,1.0
37,1,37,2030-09-10,X,Dwarf-nova intensive,Compact monitoring / ToO,SS Cyg,0.375,0.002232142857142857,target-visit MILP,1.0
37,1,37,2030-09-10,X,Dwarf-nova intensive,Compact monitoring / ToO,SS Cyg,0.375,0.002232142857142857,target-visit MILP,1.0
37,1,37,2030-09-10,X,Dwarf-nova population,Compact monitoring / ToO,VW Vul,0.75,0.004464285714285714,target-visit MILP,1.0
37,1,37,2030-09-10,X,Dwarf-nova population,Compact monitoring / ToO,VW Vul,0.75,0.004464285714285714,target-visit MILP,1.0
37,1,37,2030-09-10,B,Nearest FGK HZ Systems Survey,Exoplanet nearest / HZ,61 Cyg A,4.180960088775178,0.024886667195090344,target-visit MILP,1.0
37,1,37,2030-09-10,B,Nearest FGK HZ Systems Survey,Exoplanet nearest / HZ,kap01 Cet,16.831312877344757,0.10018638617467117,target-visit MILP,1.0
37,1,37,2030-09-10,B,Nearest FGK HZ Systems Survey,Exoplanet nearest / HZ,zet Dor,19.289362039661423,0.11481763118846085,target-visit MILP,1.0
37,1,37,2030-09-10,C,NEO optical blind survey,NEO blind survey / recovery,Dynamic ecliptic scan annulus,9.215189873417721,0.05485232067510548,blind survey,1.0
37,1,37,2030-09-10,C,NEO recovery ToO reserve,NEO blind survey / recovery,Future MPC alert,3.6860759493670887,0.021940928270042195,reserved,1.0
37,1,37,2030-09-10,OPS,General observatory overhead,Observatory maintenance / overhead,Operations and calibration,21.44846153846154,0.12766941391941394,indirect overhead,1.0
37,1,37,2030-09-10,OPS,Wavefront sensing and control,Observatory maintenance / overhead,Segmented primary mirror,2.52,0.015,maintenance,1.0
38,1,38,2030-09-17,X,Compact-object ToO reserve,Compact monitoring / ToO,Future KMTNet/LVK alert,1.8430379746835444,0.010970464135021098,reserved,1.0
38,1,38,2030-09-17,X,Dwarf-nova intensive,Compact monitoring / ToO,RU Peg,0.375,0.002232142857142857,target-visit MILP,1.0
38,1,38,2030-09-17,X,Dwarf-nova population,Compact monitoring / ToO,VW Vul,0.75,0.004464285714285714,target-visit MILP,1.0
38,1,38,2030-09-17,C,NEO optical blind survey,NEO blind survey / recovery,Dynamic ecliptic scan annulus,9.215189873417721,0.05485232067510548,blind survey,1.0
38,1,38,2030-09-17,C,NEO recovery ToO reserve,NEO blind survey / recovery,Future MPC alert,3.6860759493670887,0.021940928270042195,reserved,1.0
38,1,38,2030-09-17,OPS,General observatory overhead,Observatory maintenance / overhead,Operations and calibration,21.44846153846154,0.12766941391941394,indirect overhead,1.0
38,1,38,2030-09-17,OPS,Wavefront sensing and control,Observatory maintenance / overhead,Segmented primary mirror,2.52,0.015,maintenance,1.0
39,1,39,2030-09-24,X,Compact-object ToO reserve,Compact monitoring / ToO,Future KMTNet/LVK alert,1.8430379746835444,0.010970464135021098,reserved,1.0
39,1,39,2030-09-24,X,Dwarf-nova population,Compact monitoring / ToO,RX And,0.75,0.004464285714285714,target-visit MILP,1.0
39,1,39,2030-09-24,B,Nearest FGK HZ Systems Survey,Exoplanet nearest / HZ,lam Aur,19.50590926156399,0.1161066027474047,target-visit MILP,1.0
39,1,39,2030-09-24,B,Nearest FGK HZ Systems Survey,Exoplanet nearest / HZ,zet Dor,19.289362039661423,0.11481763118846085,target-visit MILP,1.0
39,1,39,2030-09-24,C,NEO optical blind survey,NEO blind survey / recovery,Dynamic ecliptic scan annulus,9.215189873417721,0.05485232067510548,blind survey,1.0
39,1,39,2030-09-24,C,NEO recovery ToO reserve,NEO blind survey / recovery,Future MPC alert,3.6860759493670887,0.021940928270042195,reserved,1.0
39,1,39,2030-09-24,OPS,General observatory overhead,Observatory maintenance / overhead,Operations and calibration,21.44846153846154,0.12766941391941394,indirect overhead,1.0
39,1,39,2030-09-24,OPS,L2 station keeping,Observatory maintenance / overhead,Spacecraft orbit,2.0,0.011904761904761904,maintenance,1.0
39,1,39,2030-09-24,OPS,Quarterly calibration block,Observatory maintenance / overhead,Instruments and reference fields,24.0,0.14285714285714285,maintenance,1.0
39,1,39,2030-09-24,OPS,Wavefront sensing and control,Observatory maintenance / overhead,Segmented primary mirror,2.52,0.015,maintenance,1.0
40,1,40,2030-10-01,X,Compact-object ToO reserve,Compact monitoring / ToO,Future KMTNet/LVK alert,1.8430379746835444,0.010970464135021098,reserved,1.0
40,1,40,2030-10-01,X,Dwarf-nova intensive,Compact monitoring / ToO,SS Cyg,0.375,0.002232142857142857,target-visit MILP,1.0
40,1,40,2030-10-01,X,Dwarf-nova intensive,Compact monitoring / ToO,WZ Sge,0.375,0.002232142857142857,target-visit MILP,1.0
40,1,40,2030-10-01,X,Dwarf-nova population,Compact monitoring / ToO,VY Aqr,0.75,0.004464285714285714,target-visit MILP,1.0
40,1,40,2030-10-01,B,Nearest FGK HZ Systems Survey,Exoplanet nearest / HZ,lam Aur,19.50590926156399,0.1161066027474047,target-visit MILP,1.0
40,1,40,2030-10-01,B,Nearest FGK HZ Systems Survey,Exoplanet nearest / HZ,zet Dor,19.289362039661423,0.11481763118846085,target-visit MILP,1.0
40,1,40,2030-10-01,B,Nearest FGK HZ Systems Survey,Exoplanet nearest / HZ,zet Dor,19.289362039661423,0.11481763118846085,target-visit MILP,1.0
40,1,40,2030-10-01,B,Nearest Stellar Systems Survey,Exoplanet nearest / HZ,BL Ceti,10.0,0.05952380952380952,target-visit MILP,1.0
40,1,40,2030-10-01,C,NEO optical blind survey,NEO blind survey / recovery,Dynamic ecliptic scan annulus,9.215189873417721,0.05485232067510548,blind survey,1.0
40,1,40,2030-10-01,C,NEO recovery ToO reserve,NEO blind survey / recovery,Future MPC alert,3.6860759493670887,0.021940928270042195,reserved,1.0
40,1,40,2030-10-01,OPS,General observatory overhead,Observatory maintenance / overhead,Operations and calibration,21.44846153846154,0.12766941391941394,indirect overhead,1.0
40,1,40,2030-10-01,OPS,Wavefront sensing and control,Observatory maintenance / overhead,Segmented primary mirror,2.52,0.015,maintenance,1.0
41,1,41,2030-10-08,X,Compact-object ToO reserve,Compact monitoring / ToO,Future KMTNet/LVK alert,1.8430379746835444,0.010970464135021098,reserved,1.0
41,1,41,2030-10-08,X,Dwarf-nova intensive,Compact monitoring / ToO,RU Peg,0.375,0.002232142857142857,target-visit MILP,1.0
41,1,41,2030-10-08,X,Dwarf-nova intensive,Compact monitoring / ToO,VW Hyi,0.375,0.002232142857142857,target-visit MILP,1.0
41,1,41,2030-10-08,X,Dwarf-nova population,Compact monitoring / ToO,HT Cas,0.75,0.004464285714285714,target-visit MILP,1.0
41,1,41,2030-10-08,B,Nearest FGK HZ Systems Survey,Exoplanet nearest / HZ,lam Aur,19.50590926156399,0.1161066027474047,target-visit MILP,1.0
41,1,41,2030-10-08,B,Nearest Stellar Systems Survey,Exoplanet nearest / HZ,Sirius A,10.0,0.05952380952380952,target-visit MILP,1.0
41,1,41,2030-10-08,C,NEO optical blind survey,NEO blind survey / recovery,Dynamic ecliptic scan annulus,9.215189873417721,0.05485232067510548,blind survey,1.0
41,1,41,2030-10-08,C,NEO recovery ToO reserve,NEO blind survey / recovery,Future MPC alert,3.6860759493670887,0.021940928270042195,reserved,1.0
41,1,41,2030-10-08,OPS,General observatory overhead,Observatory maintenance / overhead,Operations and calibration,21.44846153846154,0.12766941391941394,indirect overhead,1.0
41,1,41,2030-10-08,OPS,Wavefront sensing and control,Observatory maintenance / overhead,Segmented primary mirror,2.52,0.015,maintenance,1.0
42,1,42,2030-10-15,X,Compact-object ToO reserve,Compact monitoring / ToO,Future KMTNet/LVK alert,1.8430379746835444,0.010970464135021098,reserved,1.0
42,1,42,2030-10-15,X,Dwarf-nova intensive,Compact monitoring / ToO,RU Peg,0.375,0.002232142857142857,target-visit MILP,1.0
42,1,42,2030-10-15,X,Dwarf-nova intensive,Compact monitoring / ToO,VW Hyi,0.375,0.002232142857142857,target-visit MILP,1.0
42,1,42,2030-10-15,X,Dwarf-nova population,Compact monitoring / ToO,SS Aur,0.75,0.004464285714285714,target-visit MILP,1.0
42,1,42,2030-10-15,X,Dwarf-nova population,Compact monitoring / ToO,SS Aur,0.75,0.004464285714285714,target-visit MILP,1.0
42,1,42,2030-10-15,X,Dwarf-nova population,Compact monitoring / ToO,SS Aur,0.75,0.004464285714285714,target-visit MILP,1.0
42,1,42,2030-10-15,B,Nearest FGK HZ Systems Survey,Exoplanet nearest / HZ,lam Aur,19.50590926156399,0.1161066027474047,target-visit MILP,1.0
42,1,42,2030-10-15,B,Nearest FGK HZ Systems Survey,Exoplanet nearest / HZ,lam Aur,19.50590926156399,0.1161066027474047,target-visit MILP,1.0
42,1,42,2030-10-15,B,Nearest FGK HZ Systems Survey,Exoplanet nearest / HZ,zet Dor,19.289362039661423,0.11481763118846085,target-visit MILP,1.0
42,1,42,2030-10-15,B,Nearest FGK HZ Systems Survey,Exoplanet nearest / HZ,zet Dor,19.289362039661423,0.11481763118846085,target-visit MILP,1.0
42,1,42,2030-10-15,C,NEO optical blind survey,NEO blind survey / recovery,Dynamic ecliptic scan annulus,9.215189873417721,0.05485232067510548,blind survey,1.0
42,1,42,2030-10-15,C,NEO recovery ToO reserve,NEO blind survey / recovery,Future MPC alert,3.6860759493670887,0.021940928270042195,reserved,1.0
42,1,42,2030-10-15,OPS,General observatory overhead,Observatory maintenance / overhead,Operations and calibration,21.44846153846154,0.12766941391941394,indirect overhead,1.0
42,1,42,2030-10-15,OPS,L2 station keeping,Observatory maintenance / overhead,Spacecraft orbit,2.0,0.011904761904761904,maintenance,1.0
42,1,42,2030-10-15,OPS,Momentum unload,Observatory maintenance / overhead,Reaction wheels,3.0,0.017857142857142856,maintenance,1.0
42,1,42,2030-10-15,OPS,Wavefront sensing and control,Observatory maintenance / overhead,Segmented primary mirror,2.52,0.015,maintenance,1.0
43,1,43,2030-10-22,DDT,Director discretionary time,Director discretionary time,Director-controlled observations,144.03153846153845,0.857330586080586,director reserve,1.0
43,1,43,2030-10-22,OPS,General observatory overhead,Observatory maintenance / overhead,Operations and calibration,21.44846153846154,0.12766941391941394,indirect overhead,1.0
43,1,43,2030-10-22,OPS,Wavefront sensing and control,Observatory maintenance / overhead,Segmented primary mirror,2.52,0.015,maintenance,1.0
44,1,44,2030-10-29,DDT,Director discretionary time,Director discretionary time,Director-controlled observations,144.03153846153845,0.857330586080586,director reserve,1.0
44,1,44,2030-10-29,OPS,General observatory overhead,Observatory maintenance / overhead,Operations and calibration,21.44846153846154,0.12766941391941394,indirect overhead,1.0
44,1,44,2030-10-29,OPS,Wavefront sensing and control,Observatory maintenance / overhead,Segmented primary mirror,2.52,0.015,maintenance,1.0
45,1,45,2030-11-05,X,Compact-object ToO reserve,Compact monitoring / ToO,Future KMTNet/LVK alert,1.8430379746835444,0.010970464135021098,reserved,1.0
45,1,45,2030-11-05,X,Dwarf-nova intensive,Compact monitoring / ToO,SS Cyg,0.375,0.002232142857142857,target-visit MILP,1.0
45,1,45,2030-11-05,X,Dwarf-nova intensive,Compact monitoring / ToO,SU UMa,0.375,0.002232142857142857,target-visit MILP,1.0
45,1,45,2030-11-05,X,Dwarf-nova intensive,Compact monitoring / ToO,U Gem,0.375,0.002232142857142857,target-visit MILP,1.0
45,1,45,2030-11-05,X,Dwarf-nova population,Compact monitoring / ToO,ER UMa,0.75,0.004464285714285714,target-visit MILP,1.0
45,1,45,2030-11-05,X,Dwarf-nova population,Compact monitoring / ToO,YZ Cnc,0.75,0.004464285714285714,target-visit MILP,1.0
45,1,45,2030-11-05,B,Nearest FGK HZ Systems Survey,Exoplanet nearest / HZ,36 UMa,18.28124011602197,0.10881690545251173,target-visit MILP,0.5714285714285714
45,1,45,2030-11-05,B,Nearest FGK HZ Systems Survey,Exoplanet nearest / HZ,lam Aur,19.50590926156399,0.1161066027474047,target-visit MILP,1.0
45,1,45,2030-11-05,B,Nearest FGK HZ Systems Survey,Exoplanet nearest / HZ,lam Aur,19.50590926156399,0.1161066027474047,target-visit MILP,1.0
45,1,45,2030-11-05,B,Nearest FGK HZ Systems Survey,Exoplanet nearest / HZ,zet Dor,19.289362039661423,0.11481763118846085,target-visit MILP,1.0
45,1,45,2030-11-05,C,NEO optical blind survey,NEO blind survey / recovery,Dynamic ecliptic scan annulus,9.215189873417721,0.05485232067510548,blind survey,1.0
45,1,45,2030-11-05,C,NEO recovery ToO reserve,NEO blind survey / recovery,Future MPC alert,3.6860759493670887,0.021940928270042195,reserved,1.0
45,1,45,2030-11-05,OPS,General observatory overhead,Observatory maintenance / overhead,Operations and calibration,21.44846153846154,0.12766941391941394,indirect overhead,1.0
45,1,45,2030-11-05,OPS,L2 station keeping,Observatory maintenance / overhead,Spacecraft orbit,2.0,0.011904761904761904,maintenance,1.0
45,1,45,2030-11-05,OPS,Wavefront sensing and control,Observatory maintenance / overhead,Segmented primary mirror,2.52,0.015,maintenance,1.0
46,1,46,2030-11-12,X,Compact-object ToO reserve,Compact monitoring / ToO,Future KMTNet/LVK alert,1.8430379746835444,0.010970464135021098,reserved,1.0
46,1,46,2030-11-12,X,Dwarf-nova population,Compact monitoring / ToO,HT Cas,0.75,0.004464285714285714,target-visit MILP,1.0
46,1,46,2030-11-12,A,Wide ELG BAO/RSD,ELG wide South,SXDS south,15.25,0.09077380952380952,continuous LP,1.0
46,1,46,2030-11-12,B,Nearest FGK HZ Systems Survey,Exoplanet nearest / HZ,36 UMa,18.28124011602197,0.10881690545251173,target-visit MILP,1.0
46,1,46,2030-11-12,B,Nearest FGK HZ Systems Survey,Exoplanet nearest / HZ,36 UMa,18.28124011602197,0.10881690545251173,target-visit MILP,1.0
46,1,46,2030-11-12,B,Nearest FGK HZ Systems Survey,Exoplanet nearest / HZ,kap01 Cet,16.831312877344757,0.10018638617467117,target-visit MILP,1.0
46,1,46,2030-11-12,B,Nearest FGK HZ Systems Survey,Exoplanet nearest / HZ,lam Aur,19.50590926156399,0.1161066027474047,target-visit MILP,1.0
46,1,46,2030-11-12,C,NEO optical blind survey,NEO blind survey / recovery,Dynamic ecliptic scan annulus,9.215189873417721,0.05485232067510548,blind survey,1.0
46,1,46,2030-11-12,C,NEO recovery ToO reserve,NEO blind survey / recovery,Future MPC alert,3.6860759493670887,0.021940928270042195,reserved,1.0
46,1,46,2030-11-12,OPS,General observatory overhead,Observatory maintenance / overhead,Operations and calibration,21.44846153846154,0.12766941391941394,indirect overhead,1.0
46,1,46,2030-11-12,OPS,Wavefront sensing and control,Observatory maintenance / overhead,Segmented primary mirror,2.52,0.015,maintenance,1.0
47,1,47,2030-11-19,X,Compact-object ToO reserve,Compact monitoring / ToO,Future KMTNet/LVK alert,1.8430379746835444,0.010970464135021098,reserved,1.0
47,1,47,2030-11-19,X,Dwarf-nova intensive,Compact monitoring / ToO,RU Peg,0.375,0.002232142857142857,target-visit MILP,1.0
47,1,47,2030-11-19,X,Dwarf-nova intensive,Compact monitoring / ToO,SS Cyg,0.375,0.002232142857142857,target-visit MILP,1.0
47,1,47,2030-11-19,X,Dwarf-nova intensive,Compact monitoring / ToO,U Gem,0.375,0.002232142857142857,target-visit MILP,1.0
47,1,47,2030-11-19,X,Dwarf-nova intensive,Compact monitoring / ToO,U Gem,0.375,0.002232142857142857,target-visit MILP,1.0
47,1,47,2030-11-19,X,Dwarf-nova population,Compact monitoring / ToO,YZ Cnc,0.75,0.004464285714285714,target-visit MILP,1.0
47,1,47,2030-11-19,A,Wide ELG BAO/RSD,ELG wide South,SXDS south,36.0,0.21428571428571427,continuous LP,1.0
47,1,47,2030-11-19,B,Nearest FGK HZ Systems Survey,Exoplanet nearest / HZ,36 UMa,18.28124011602197,0.10881690545251173,target-visit MILP,1.0
47,1,47,2030-11-19,B,Nearest FGK HZ Systems Survey,Exoplanet nearest / HZ,lam Aur,19.50590926156399,0.1161066027474047,target-visit MILP,1.0
47,1,47,2030-11-19,B,Nearest Stellar Systems Survey,Exoplanet nearest / HZ,eps Eri,10.0,0.05952380952380952,target-visit MILP,1.0
47,1,47,2030-11-19,C,NEO optical blind survey,NEO blind survey / recovery,Dynamic ecliptic scan annulus,9.215189873417721,0.05485232067510548,blind survey,1.0
47,1,47,2030-11-19,C,NEO recovery ToO reserve,NEO blind survey / recovery,Future MPC alert,3.6860759493670887,0.021940928270042195,reserved,1.0
47,1,47,2030-11-19,OPS,General observatory overhead,Observatory maintenance / overhead,Operations and calibration,21.44846153846154,0.12766941391941394,indirect overhead,1.0
47,1,47,2030-11-19,OPS,Wavefront sensing and control,Observatory maintenance / overhead,Segmented primary mirror,2.52,0.015,maintenance,1.0
48,1,48,2030-11-26,X,Compact-object ToO reserve,Compact monitoring / ToO,Future KMTNet/LVK alert,1.8430379746835444,0.010970464135021098,reserved,1.0
48,1,48,2030-11-26,X,Dwarf-nova intensive,Compact monitoring / ToO,SU UMa,0.375,0.002232142857142857,target-visit MILP,1.0
48,1,48,2030-11-26,X,Dwarf-nova intensive,Compact monitoring / ToO,U Gem,0.375,0.002232142857142857,target-visit MILP,1.0
48,1,48,2030-11-26,X,Dwarf-nova intensive,Compact monitoring / ToO,Z Cam,0.375,0.002232142857142857,target-visit MILP,1.0
48,1,48,2030-11-26,X,Dwarf-nova population,Compact monitoring / ToO,ER UMa,0.75,0.004464285714285714,target-visit MILP,1.0
48,1,48,2030-11-26,X,Dwarf-nova population,Compact monitoring / ToO,HT Cas,0.75,0.004464285714285714,target-visit MILP,1.0
48,1,48,2030-11-26,X,Dwarf-nova population,Compact monitoring / ToO,SS Aur,0.75,0.004464285714285714,target-visit MILP,1.0
48,1,48,2030-11-26,X,Dwarf-nova population,Compact monitoring / ToO,YZ Cnc,0.75,0.004464285714285714,target-visit MILP,1.0
48,1,48,2030-11-26,A,Wide ELG BAO/RSD,ELG wide South,SXDS south,36.0,0.21428571428571427,continuous LP,1.0
48,1,48,2030-11-26,C,NEO optical blind survey,NEO blind survey / recovery,Dynamic ecliptic scan annulus,9.215189873417721,0.05485232067510548,blind survey,1.0
48,1,48,2030-11-26,C,NEO recovery ToO reserve,NEO blind survey / recovery,Future MPC alert,3.6860759493670887,0.021940928270042195,reserved,1.0
48,1,48,2030-11-26,OPS,General observatory overhead,Observatory maintenance / overhead,Operations and calibration,21.44846153846154,0.12766941391941394,indirect overhead,1.0
48,1,48,2030-11-26,OPS,L2 station keeping,Observatory maintenance / overhead,Spacecraft orbit,2.0,0.011904761904761904,maintenance,1.0
48,1,48,2030-11-26,OPS,Momentum unload,Observatory maintenance / overhead,Reaction wheels,3.0,0.017857142857142856,maintenance,1.0
48,1,48,2030-11-26,OPS,Wavefront sensing and control,Observatory maintenance / overhead,Segmented primary mirror,2.52,0.015,maintenance,1.0
49,1,49,2030-12-03,X,Compact-object ToO reserve,Compact monitoring / ToO,Future KMTNet/LVK alert,1.8430379746835444,0.010970464135021098,reserved,1.0
49,1,49,2030-12-03,A,Wide ELG BAO/RSD,ELG wide South,SXDS south,36.0,0.21428571428571427,continuous LP,1.0
49,1,49,2030-12-03,B,Nearest FGK HZ Systems Survey,Exoplanet nearest / HZ,lam Aur,19.50590926156399,0.1161066027474047,target-visit MILP,1.0
49,1,49,2030-12-03,B,Nearest FGK HZ Systems Survey,Exoplanet nearest / HZ,zet Dor,19.289362039661423,0.11481763118846085,target-visit MILP,1.0
49,1,49,2030-12-03,C,NEO optical blind survey,NEO blind survey / recovery,Dynamic ecliptic scan annulus,9.215189873417721,0.05485232067510548,blind survey,1.0
49,1,49,2030-12-03,C,NEO recovery ToO reserve,NEO blind survey / recovery,Future MPC alert,3.6860759493670887,0.021940928270042195,reserved,1.0
49,1,49,2030-12-03,OPS,General observatory overhead,Observatory maintenance / overhead,Operations and calibration,21.44846153846154,0.12766941391941394,indirect overhead,1.0
49,1,49,2030-12-03,OPS,Wavefront sensing and control,Observatory maintenance / overhead,Segmented primary mirror,2.52,0.015,maintenance,1.0
50,1,50,2030-12-10,X,Compact-object ToO reserve,Compact monitoring / ToO,Future KMTNet/LVK alert,1.8430379746835444,0.010970464135021098,reserved,1.0
50,1,50,2030-12-10,X,Dwarf-nova intensive,Compact monitoring / ToO,SS Cyg,0.375,0.002232142857142857,target-visit MILP,0.42857142857142855
50,1,50,2030-12-10,X,Dwarf-nova intensive,Compact monitoring / ToO,Z Cam,0.375,0.002232142857142857,target-visit MILP,1.0
50,1,50,2030-12-10,X,Dwarf-nova population,Compact monitoring / ToO,RX And,0.75,0.004464285714285714,target-visit MILP,1.0
50,1,50,2030-12-10,A,Wide ELG BAO/RSD,ELG wide South,SXDS south,36.0,0.21428571428571427,continuous LP,1.0
50,1,50,2030-12-10,B,Nearest Stellar Systems Survey,Exoplanet nearest / HZ,Sirius B,10.0,0.05952380952380952,target-visit MILP,1.0
50,1,50,2030-12-10,C,NEO optical blind survey,NEO blind survey / recovery,Dynamic ecliptic scan annulus,9.215189873417721,0.05485232067510548,blind survey,1.0
50,1,50,2030-12-10,C,NEO recovery ToO reserve,NEO blind survey / recovery,Future MPC alert,3.6860759493670887,0.021940928270042195,reserved,1.0
50,1,50,2030-12-10,OPS,General observatory overhead,Observatory maintenance / overhead,Operations and calibration,21.44846153846154,0.12766941391941394,indirect overhead,1.0
50,1,50,2030-12-10,OPS,Wavefront sensing and control,Observatory maintenance / overhead,Segmented primary mirror,2.52,0.015,maintenance,1.0
51,1,51,2030-12-17,X,Compact-object ToO reserve,Compact monitoring / ToO,Future KMTNet/LVK alert,1.8430379746835444,0.010970464135021098,reserved,1.0
51,1,51,2030-12-17,X,Dwarf-nova intensive,Compact monitoring / ToO,U Gem,0.375,0.002232142857142857,target-visit MILP,1.0
51,1,51,2030-12-17,X,Dwarf-nova population,Compact monitoring / ToO,HT Cas,0.75,0.004464285714285714,target-visit MILP,1.0
51,1,51,2030-12-17,A,Wide ELG BAO/RSD,ELG wide South,SXDS south,36.0,0.21428571428571427,continuous LP,1.0
51,1,51,2030-12-17,B,Nearest FGK HZ Systems Survey,Exoplanet nearest / HZ,36 UMa,18.28124011602197,0.10881690545251173,target-visit MILP,1.0
51,1,51,2030-12-17,B,Nearest FGK HZ Systems Survey,Exoplanet nearest / HZ,36 UMa,18.28124011602197,0.10881690545251173,target-visit MILP,1.0
51,1,51,2030-12-17,B,Nearest FGK HZ Systems Survey,Exoplanet nearest / HZ,36 UMa,18.28124011602197,0.10881690545251173,target-visit MILP,1.0
51,1,51,2030-12-17,B,Nearest FGK HZ Systems Survey,Exoplanet nearest / HZ,kap01 Cet,16.831312877344757,0.10018638617467117,target-visit MILP,1.0
51,1,51,2030-12-17,B,Nearest Stellar Systems Survey,Exoplanet nearest / HZ,UV Ceti,10.0,0.05952380952380952,target-visit MILP,1.0
51,1,51,2030-12-17,C,NEO optical blind survey,NEO blind survey / recovery,Dynamic ecliptic scan annulus,9.215189873417721,0.05485232067510548,blind survey,1.0
51,1,51,2030-12-17,C,NEO recovery ToO reserve,NEO blind survey / recovery,Future MPC alert,3.6860759493670887,0.021940928270042195,reserved,1.0
51,1,51,2030-12-17,OPS,General observatory overhead,Observatory maintenance / overhead,Operations and calibration,21.44846153846154,0.12766941391941394,indirect overhead,1.0
51,1,51,2030-12-17,OPS,L2 station keeping,Observatory maintenance / overhead,Spacecraft orbit,2.0,0.011904761904761904,maintenance,1.0
51,1,51,2030-12-17,OPS,Wavefront sensing and control,Observatory maintenance / overhead,Segmented primary mirror,2.52,0.015,maintenance,1.0
52,1,52,2030-12-24,X,Compact-object ToO reserve,Compact monitoring / ToO,Future KMTNet/LVK alert,1.8430379746835444,0.010970464135021098,reserved,1.0
52,1,52,2030-12-24,X,Dwarf-nova population,Compact monitoring / ToO,HT Cas,0.75,0.004464285714285714,target-visit MILP,1.0
52,1,52,2030-12-24,A,Wide ELG BAO/RSD,ELG wide South,SXDS south,36.0,0.21428571428571427,continuous LP,1.0
52,1,52,2030-12-24,B,Nearest FGK HZ Systems Survey,Exoplanet nearest / HZ,36 UMa,18.28124011602197,0.10881690545251173,target-visit MILP,1.0
52,1,52,2030-12-24,B,Nearest FGK HZ Systems Survey,Exoplanet nearest / HZ,lam Aur,19.50590926156399,0.1161066027474047,target-visit MILP,1.0
52,1,52,2030-12-24,C,NEO optical blind survey,NEO blind survey / recovery,Dynamic ecliptic scan annulus,9.215189873417721,0.05485232067510548,blind survey,1.0
52,1,52,2030-12-24,C,NEO recovery ToO reserve,NEO blind survey / recovery,Future MPC alert,3.6860759493670887,0.021940928270042195,reserved,1.0
52,1,52,2030-12-24,OPS,General observatory overhead,Observatory maintenance / overhead,Operations and calibration,21.44846153846154,0.12766941391941394,indirect overhead,1.0
52,1,52,2030-12-24,OPS,Quarterly calibration block,Observatory maintenance / overhead,Instruments and reference fields,24.0,0.14285714285714285,maintenance,1.0
52,1,52,2030-12-24,OPS,Wavefront sensing and control,Observatory maintenance / overhead,Segmented primary mirror,2.52,0.015,maintenance,1.0
53,2,1,2031-01-01,X,AM CVn monitoring,Compact monitoring / ToO,ES Cet,0.75,0.004464285714285714,target-visit MILP,1.0
53,2,1,2031-01-01,X,AM CVn monitoring,Compact monitoring / ToO,ES Cet,0.75,0.004464285714285714,target-visit MILP,1.0
53,2,1,2031-01-01,X,AM CVn monitoring,Compact monitoring / ToO,HM Cnc,0.75,0.004464285714285714,target-visit MILP,1.0
53,2,1,2031-01-01,X,Compact-object ToO reserve,Compact monitoring / ToO,Future KMTNet/LVK alert,1.8430379746835444,0.010970464135021098,reserved,1.0
53,2,1,2031-01-01,X,Dwarf-nova population,Compact monitoring / ToO,ER UMa,0.75,0.004464285714285714,target-visit MILP,1.0
53,2,1,2031-01-01,C,NEO optical blind survey,NEO blind survey / recovery,Dynamic ecliptic scan annulus,9.215189873417721,0.05485232067510548,blind survey,1.0
53,2,1,2031-01-01,C,NEO recovery ToO reserve,NEO blind survey / recovery,Future MPC alert,3.6860759493670887,0.021940928270042195,reserved,1.0
53,2,1,2031-01-01,OPS,General observatory overhead,Observatory maintenance / overhead,Operations and calibration,21.44846153846154,0.12766941391941394,indirect overhead,1.0
53,2,1,2031-01-01,OPS,Wavefront sensing and control,Observatory maintenance / overhead,Segmented primary mirror,2.52,0.015,maintenance,1.0
53,2,1,2031-01-01,A,SN Ia time-domain cadence,SN Ia time domain,SN south,2.0,0.011904761904761904,cadence baseline,1.0
54,2,2,2031-01-08,X,AM CVn monitoring,Compact monitoring / ToO,AM CVn,0.75,0.004464285714285714,target-visit MILP,1.0
54,2,2,2031-01-08,X,Compact-object ToO reserve,Compact monitoring / ToO,Future KMTNet/LVK alert,1.8430379746835444,0.010970464135021098,reserved,1.0
54,2,2,2031-01-08,X,Dwarf-nova population,Compact monitoring / ToO,ER UMa,0.75,0.004464285714285714,target-visit MILP,1.0
54,2,2,2031-01-08,X,Dwarf-nova population,Compact monitoring / ToO,ER UMa,0.75,0.004464285714285714,target-visit MILP,1.0
54,2,2,2031-01-08,B,Nearest FGK HZ Systems Survey,Exoplanet nearest / HZ,kap01 Cet,16.831312877344757,0.10018638617467117,target-visit MILP,1.0
54,2,2,2031-01-08,B,Nearest FGK HZ Systems Survey,Exoplanet nearest / HZ,lam Aur,19.50590926156399,0.1161066027474047,target-visit MILP,1.0
54,2,2,2031-01-08,C,NEO optical blind survey,NEO blind survey / recovery,Dynamic ecliptic scan annulus,9.215189873417721,0.05485232067510548,blind survey,1.0
54,2,2,2031-01-08,C,NEO recovery ToO reserve,NEO blind survey / recovery,Future MPC alert,3.6860759493670887,0.021940928270042195,reserved,1.0
54,2,2,2031-01-08,OPS,General observatory overhead,Observatory maintenance / overhead,Operations and calibration,21.44846153846154,0.12766941391941394,indirect overhead,1.0
54,2,2,2031-01-08,OPS,L2 station keeping,Observatory maintenance / overhead,Spacecraft orbit,2.0,0.011904761904761904,maintenance,1.0
54,2,2,2031-01-08,OPS,Momentum unload,Observatory maintenance / overhead,Reaction wheels,3.0,0.017857142857142856,maintenance,1.0
54,2,2,2031-01-08,OPS,Wavefront sensing and control,Observatory maintenance / overhead,Segmented primary mirror,2.52,0.015,maintenance,1.0
54,2,2,2031-01-08,A,SN Ia time-domain cadence,SN Ia time domain,SN north,2.0,0.011904761904761904,cadence baseline,0.5714285714285714
54,2,2,2031-01-08,A,SN Ia time-domain cadence,SN Ia time domain,SN south,2.0,0.011904761904761904,cadence baseline,1.0
55,2,3,2031-01-15,X,AM CVn monitoring,Compact monitoring / ToO,HM Cnc,0.75,0.004464285714285714,target-visit MILP,1.0
55,2,3,2031-01-15,X,Compact-object ToO reserve,Compact monitoring / ToO,Future KMTNet/LVK alert,1.8430379746835444,0.010970464135021098,reserved,1.0
55,2,3,2031-01-15,B,Nearest FGK HZ Systems Survey,Exoplanet nearest / HZ,HD 102365,15.779932744531134,0.09392817109839961,target-visit MILP,1.0
55,2,3,2031-01-15,B,Nearest FGK HZ Systems Survey,Exoplanet nearest / HZ,kap01 Cet,16.831312877344757,0.10018638617467117,target-visit MILP,1.0
55,2,3,2031-01-15,B,Nearest FGK HZ Systems Survey,Exoplanet nearest / HZ,lam Aur,19.50590926156399,0.1161066027474047,target-visit MILP,1.0
55,2,3,2031-01-15,C,NEO optical blind survey,NEO blind survey / recovery,Dynamic ecliptic scan annulus,9.215189873417721,0.05485232067510548,blind survey,1.0
55,2,3,2031-01-15,C,NEO recovery ToO reserve,NEO blind survey / recovery,Future MPC alert,3.6860759493670887,0.021940928270042195,reserved,1.0
55,2,3,2031-01-15,OPS,General observatory overhead,Observatory maintenance / overhead,Operations and calibration,21.44846153846154,0.12766941391941394,indirect overhead,1.0
55,2,3,2031-01-15,OPS,Wavefront sensing and control,Observatory maintenance / overhead,Segmented primary mirror,2.52,0.015,maintenance,1.0
55,2,3,2031-01-15,A,SN Ia time-domain cadence,SN Ia time domain,SN north,2.0,0.011904761904761904,cadence baseline,1.0
55,2,3,2031-01-15,A,SN Ia time-domain cadence,SN Ia time domain,SN south,2.0,0.011904761904761904,cadence baseline,0.42857142857142855
56,2,4,2031-01-22,X,Compact-object ToO reserve,Compact monitoring / ToO,Future KMTNet/LVK alert,1.8430379746835444,0.010970464135021098,reserved,1.0
56,2,4,2031-01-22,B,Nearest Stellar Systems Survey,Exoplanet nearest / HZ,eps Eri,10.0,0.05952380952380952,target-visit MILP,1.0
56,2,4,2031-01-22,C,NEO optical blind survey,NEO blind survey / recovery,Dynamic ecliptic scan annulus,9.215189873417721,0.05485232067510548,blind survey,1.0
56,2,4,2031-01-22,C,NEO recovery ToO reserve,NEO blind survey / recovery,Future MPC alert,3.6860759493670887,0.021940928270042195,reserved,1.0
56,2,4,2031-01-22,OPS,General observatory overhead,Observatory maintenance / overhead,Operations and calibration,21.44846153846154,0.12766941391941394,indirect overhead,1.0
56,2,4,2031-01-22,OPS,Wavefront sensing and control,Observatory maintenance / overhead,Segmented primary mirror,2.52,0.015,maintenance,1.0
56,2,4,2031-01-22,A,SN Ia time-domain cadence,SN Ia time domain,SN north,2.0,0.011904761904761904,cadence baseline,1.0
57,2,5,2031-01-29,X,AM CVn monitoring,Compact monitoring / ToO,CR Boo,0.75,0.004464285714285714,target-visit MILP,1.0
57,2,5,2031-01-29,X,Compact-object ToO reserve,Compact monitoring / ToO,Future KMTNet/LVK alert,1.8430379746835444,0.010970464135021098,reserved,1.0
57,2,5,2031-01-29,X,Dwarf-nova intensive,Compact monitoring / ToO,Z Cam,0.375,0.002232142857142857,target-visit MILP,1.0
57,2,5,2031-01-29,X,Dwarf-nova population,Compact monitoring / ToO,OY Car,0.75,0.004464285714285714,target-visit MILP,1.0
57,2,5,2031-01-29,B,Nearest FGK HZ Systems Survey,Exoplanet nearest / HZ,61 Vir,17.86117427425261,0.10631651353721791,target-visit MILP,1.0
57,2,5,2031-01-29,B,Nearest FGK HZ Systems Survey,Exoplanet nearest / HZ,lam Aur,19.50590926156399,0.1161066027474047,target-visit MILP,1.0
57,2,5,2031-01-29,B,Nearest FGK HZ Systems Survey,Exoplanet nearest / HZ,lam Aur,19.50590926156399,0.1161066027474047,target-visit MILP,1.0
57,2,5,2031-01-29,C,NEO optical blind survey,NEO blind survey / recovery,Dynamic ecliptic scan annulus,9.215189873417721,0.05485232067510548,blind survey,1.0
57,2,5,2031-01-29,C,NEO recovery ToO reserve,NEO blind survey / recovery,Future MPC alert,3.6860759493670887,0.021940928270042195,reserved,1.0
57,2,5,2031-01-29,OPS,General observatory overhead,Observatory maintenance / overhead,Operations and calibration,21.44846153846154,0.12766941391941394,indirect overhead,1.0
57,2,5,2031-01-29,OPS,L2 station keeping,Observatory maintenance / overhead,Spacecraft orbit,2.0,0.011904761904761904,maintenance,1.0
57,2,5,2031-01-29,OPS,Wavefront sensing and control,Observatory maintenance / overhead,Segmented primary mirror,2.52,0.015,maintenance,1.0
57,2,5,2031-01-29,A,SN Ia time-domain cadence,SN Ia time domain,SN north,2.0,0.011904761904761904,cadence baseline,1.0
58,2,6,2031-02-05,X,AM CVn monitoring,Compact monitoring / ToO,CE 315,0.75,0.004464285714285714,target-visit MILP,1.0
58,2,6,2031-02-05,X,AM CVn monitoring,Compact monitoring / ToO,V803 Cen,0.75,0.004464285714285714,target-visit MILP,1.0
58,2,6,2031-02-05,X,Compact-object ToO reserve,Compact monitoring / ToO,Future KMTNet/LVK alert,1.8430379746835444,0.010970464135021098,reserved,1.0
58,2,6,2031-02-05,X,Dwarf-nova intensive,Compact monitoring / ToO,SU UMa,0.375,0.002232142857142857,target-visit MILP,1.0
58,2,6,2031-02-05,X,Dwarf-nova population,Compact monitoring / ToO,OY Car,0.75,0.004464285714285714,target-visit MILP,1.0
58,2,6,2031-02-05,X,Dwarf-nova population,Compact monitoring / ToO,SS Aur,0.75,0.004464285714285714,target-visit MILP,1.0
58,2,6,2031-02-05,B,Nearest FGK HZ Systems Survey,Exoplanet nearest / HZ,36 UMa,18.28124011602197,0.10881690545251173,target-visit MILP,1.0
58,2,6,2031-02-05,B,Nearest FGK HZ Systems Survey,Exoplanet nearest / HZ,61 Vir,17.86117427425261,0.10631651353721791,target-visit MILP,1.0
58,2,6,2031-02-05,B,Nearest FGK HZ Systems Survey,Exoplanet nearest / HZ,kap01 Cet,16.831312877344757,0.10018638617467117,target-visit MILP,0.42857142857142855
58,2,6,2031-02-05,C,NEO optical blind survey,NEO blind survey / recovery,Dynamic ecliptic scan annulus,9.215189873417721,0.05485232067510548,blind survey,1.0
58,2,6,2031-02-05,C,NEO recovery ToO reserve,NEO blind survey / recovery,Future MPC alert,3.6860759493670887,0.021940928270042195,reserved,1.0
58,2,6,2031-02-05,OPS,General observatory overhead,Observatory maintenance / overhead,Operations and calibration,21.44846153846154,0.12766941391941394,indirect overhead,1.0
58,2,6,2031-02-05,OPS,Wavefront sensing and control,Observatory maintenance / overhead,Segmented primary mirror,2.52,0.015,maintenance,1.0
58,2,6,2031-02-05,A,SN Ia time-domain cadence,SN Ia time domain,SN north,2.0,0.011904761904761904,cadence baseline,1.0
59,2,7,2031-02-12,X,AM CVn monitoring,Compact monitoring / ToO,CE 315,0.75,0.004464285714285714,target-visit MILP,1.0
59,2,7,2031-02-12,X,AM CVn monitoring,Compact monitoring / ToO,HP Lib,0.75,0.004464285714285714,target-visit MILP,0.5714285714285714
59,2,7,2031-02-12,X,Compact-object ToO reserve,Compact monitoring / ToO,Future KMTNet/LVK alert,1.8430379746835444,0.010970464135021098,reserved,1.0
59,2,7,2031-02-12,X,Dwarf-nova intensive,Compact monitoring / ToO,SU UMa,0.375,0.002232142857142857,target-visit MILP,1.0
59,2,7,2031-02-12,C,NEO optical blind survey,NEO blind survey / recovery,Dynamic ecliptic scan annulus,9.215189873417721,0.05485232067510548,blind survey,1.0
59,2,7,2031-02-12,C,NEO recovery ToO reserve,NEO blind survey / recovery,Future MPC alert,3.6860759493670887,0.021940928270042195,reserved,1.0
59,2,7,2031-02-12,OPS,General observatory overhead,Observatory maintenance / overhead,Operations and calibration,21.44846153846154,0.12766941391941394,indirect overhead,1.0
59,2,7,2031-02-12,OPS,Wavefront sensing and control,Observatory maintenance / overhead,Segmented primary mirror,2.52,0.015,maintenance,1.0
59,2,7,2031-02-12,A,SN Ia time-domain cadence,SN Ia time domain,SN north,2.0,0.011904761904761904,cadence baseline,1.0
60,2,8,2031-02-19,X,AM CVn monitoring,Compact monitoring / ToO,CR Boo,0.75,0.004464285714285714,target-visit MILP,1.0
60,2,8,2031-02-19,X,AM CVn monitoring,Compact monitoring / ToO,GP Com,0.75,0.004464285714285714,target-visit MILP,1.0
60,2,8,2031-02-19,X,Compact-object ToO reserve,Compact monitoring / ToO,Future KMTNet/LVK alert,1.8430379746835444,0.010970464135021098,reserved,1.0
60,2,8,2031-02-19,B,Nearest FGK HZ Systems Survey,Exoplanet nearest / HZ,lam Aur,19.50590926156399,0.1161066027474047,target-visit MILP,1.0
60,2,8,2031-02-19,B,Nearest FGK HZ Systems Survey,Exoplanet nearest / HZ,lam Ser,19.96967241010322,0.11886709767918584,target-visit MILP,1.0
60,2,8,2031-02-19,C,NEO optical blind survey,NEO blind survey / recovery,Dynamic ecliptic scan annulus,9.215189873417721,0.05485232067510548,blind survey,1.0
60,2,8,2031-02-19,C,NEO recovery ToO reserve,NEO blind survey / recovery,Future MPC alert,3.6860759493670887,0.021940928270042195,reserved,1.0
60,2,8,2031-02-19,OPS,General observatory overhead,Observatory maintenance / overhead,Operations and calibration,21.44846153846154,0.12766941391941394,indirect overhead,1.0
60,2,8,2031-02-19,OPS,L2 station keeping,Observatory maintenance / overhead,Spacecraft orbit,2.0,0.011904761904761904,maintenance,1.0
60,2,8,2031-02-19,OPS,Momentum unload,Observatory maintenance / overhead,Reaction wheels,3.0,0.017857142857142856,maintenance,1.0
60,2,8,2031-02-19,OPS,Wavefront sensing and control,Observatory maintenance / overhead,Segmented primary mirror,2.52,0.015,maintenance,1.0
60,2,8,2031-02-19,A,SN Ia time-domain cadence,SN Ia time domain,SN north,2.0,0.011904761904761904,cadence baseline,1.0
61,2,9,2031-02-26,X,AM CVn monitoring,Compact monitoring / ToO,AM CVn,0.75,0.004464285714285714,target-visit MILP,1.0
61,2,9,2031-02-26,X,AM CVn monitoring,Compact monitoring / ToO,HM Cnc,0.75,0.004464285714285714,target-visit MILP,1.0
61,2,9,2031-02-26,X,AM CVn monitoring,Compact monitoring / ToO,HP Lib,0.75,0.004464285714285714,target-visit MILP,1.0
61,2,9,2031-02-26,X,Compact-object ToO reserve,Compact monitoring / ToO,Future KMTNet/LVK alert,1.8430379746835444,0.010970464135021098,reserved,1.0
61,2,9,2031-02-26,X,Dwarf-nova intensive,Compact monitoring / ToO,SU UMa,0.375,0.002232142857142857,target-visit MILP,1.0
61,2,9,2031-02-26,X,Dwarf-nova population,Compact monitoring / ToO,OY Car,0.75,0.004464285714285714,target-visit MILP,1.0
61,2,9,2031-02-26,X,Dwarf-nova population,Compact monitoring / ToO,SS Aur,0.75,0.004464285714285714,target-visit MILP,1.0
61,2,9,2031-02-26,B,Nearest FGK HZ Systems Survey,Exoplanet nearest / HZ,36 UMa,18.28124011602197,0.10881690545251173,target-visit MILP,1.0
61,2,9,2031-02-26,B,Nearest FGK HZ Systems Survey,Exoplanet nearest / HZ,lam Aur,19.50590926156399,0.1161066027474047,target-visit MILP,1.0
61,2,9,2031-02-26,C,NEO optical blind survey,NEO blind survey / recovery,Dynamic ecliptic scan annulus,9.215189873417721,0.05485232067510548,blind survey,1.0
61,2,9,2031-02-26,C,NEO recovery ToO reserve,NEO blind survey / recovery,Future MPC alert,3.6860759493670887,0.021940928270042195,reserved,1.0
61,2,9,2031-02-26,OPS,General observatory overhead,Observatory maintenance / overhead,Operations and calibration,21.44846153846154,0.12766941391941394,indirect overhead,1.0
61,2,9,2031-02-26,OPS,Wavefront sensing and control,Observatory maintenance / overhead,Segmented primary mirror,2.52,0.015,maintenance,1.0
61,2,9,2031-02-26,A,SN Ia time-domain cadence,SN Ia time domain,SN north,2.0,0.011904761904761904,cadence baseline,1.0
62,2,10,2031-03-05,X,AM CVn monitoring,Compact monitoring / ToO,HM Cnc,0.75,0.004464285714285714,target-visit MILP,1.0
62,2,10,2031-03-05,X,AM CVn monitoring,Compact monitoring / ToO,HP Lib,0.75,0.004464285714285714,target-visit MILP,1.0
62,2,10,2031-03-05,X,Compact-object ToO reserve,Compact monitoring / ToO,Future KMTNet/LVK alert,1.8430379746835444,0.010970464135021098,reserved,1.0
62,2,10,2031-03-05,B,Nearest FGK HZ Systems Survey,Exoplanet nearest / HZ,lam Aur,19.50590926156399,0.1161066027474047,target-visit MILP,1.0
62,2,10,2031-03-05,C,NEO optical blind survey,NEO blind survey / recovery,Dynamic ecliptic scan annulus,9.215189873417721,0.05485232067510548,blind survey,1.0
62,2,10,2031-03-05,C,NEO recovery ToO reserve,NEO blind survey / recovery,Future MPC alert,3.6860759493670887,0.021940928270042195,reserved,1.0
62,2,10,2031-03-05,OPS,General observatory overhead,Observatory maintenance / overhead,Operations and calibration,21.44846153846154,0.12766941391941394,indirect overhead,1.0
62,2,10,2031-03-05,OPS,Wavefront sensing and control,Observatory maintenance / overhead,Segmented primary mirror,2.52,0.015,maintenance,1.0
62,2,10,2031-03-05,A,SN Ia time-domain cadence,SN Ia time domain,SN north,2.0,0.011904761904761904,cadence baseline,1.0
63,2,11,2031-03-12,X,AM CVn monitoring,Compact monitoring / ToO,AM CVn,0.75,0.004464285714285714,target-visit MILP,1.0
63,2,11,2031-03-12,X,AM CVn monitoring,Compact monitoring / ToO,CE 315,0.75,0.004464285714285714,target-visit MILP,1.0
63,2,11,2031-03-12,X,Compact-object ToO reserve,Compact monitoring / ToO,Future KMTNet/LVK alert,1.8430379746835444,0.010970464135021098,reserved,1.0
63,2,11,2031-03-12,X,Dwarf-nova population,Compact monitoring / ToO,YZ Cnc,0.75,0.004464285714285714,target-visit MILP,1.0
63,2,11,2031-03-12,X,Dwarf-nova population,Compact monitoring / ToO,YZ Cnc,0.75,0.004464285714285714,target-visit MILP,1.0
63,2,11,2031-03-12,B,Nearest Stellar Systems Survey,Exoplanet nearest / HZ,GJ 411,10.0,0.05952380952380952,target-visit MILP,1.0
63,2,11,2031-03-12,C,NEO optical blind survey,NEO blind survey / recovery,Dynamic ecliptic scan annulus,9.215189873417721,0.05485232067510548,blind survey,1.0
63,2,11,2031-03-12,C,NEO recovery ToO reserve,NEO blind survey / recovery,Future MPC alert,3.6860759493670887,0.021940928270042195,reserved,1.0
63,2,11,2031-03-12,OPS,General observatory overhead,Observatory maintenance / overhead,Operations and calibration,21.44846153846154,0.12766941391941394,indirect overhead,1.0
63,2,11,2031-03-12,OPS,L2 station keeping,Observatory maintenance / overhead,Spacecraft orbit,2.0,0.011904761904761904,maintenance,1.0
63,2,11,2031-03-12,OPS,Wavefront sensing and control,Observatory maintenance / overhead,Segmented primary mirror,2.52,0.015,maintenance,1.0
63,2,11,2031-03-12,A,SN Ia time-domain cadence,SN Ia time domain,SN north,2.0,0.011904761904761904,cadence baseline,1.0
64,2,12,2031-03-19,X,Compact-object ToO reserve,Compact monitoring / ToO,Future KMTNet/LVK alert,1.8430379746835444,0.010970464135021098,reserved,1.0
64,2,12,2031-03-19,X,Dwarf-nova intensive,Compact monitoring / ToO,U Gem,0.375,0.002232142857142857,target-visit MILP,1.0
64,2,12,2031-03-19,X,Dwarf-nova intensive,Compact monitoring / ToO,Z Cam,0.375,0.002232142857142857,target-visit MILP,1.0
64,2,12,2031-03-19,X,Dwarf-nova intensive,Compact monitoring / ToO,Z Cam,0.375,0.002232142857142857,target-visit MILP,1.0
64,2,12,2031-03-19,B,First-light known giants,Exoplanet giants / disks,47 UMa b,16.666666666666668,0.09920634920634921,target-visit MILP,1.0
64,2,12,2031-03-19,B,Nearest FGK HZ Systems Survey,Exoplanet nearest / HZ,36 UMa,18.28124011602197,0.10881690545251173,target-visit MILP,1.0
64,2,12,2031-03-19,B,Nearest FGK HZ Systems Survey,Exoplanet nearest / HZ,lam Ser,19.96967241010322,0.11886709767918584,target-visit MILP,1.0
64,2,12,2031-03-19,B,Nearest Stellar Systems Survey,Exoplanet nearest / HZ,Sirius A,10.0,0.05952380952380952,target-visit MILP,1.0
64,2,12,2031-03-19,B,Nearest Stellar Systems Survey,Exoplanet nearest / HZ,Sirius B,10.0,0.05952380952380952,target-visit MILP,1.0
64,2,12,2031-03-19,C,NEO optical blind survey,NEO blind survey / recovery,Dynamic ecliptic scan annulus,9.215189873417721,0.05485232067510548,blind survey,1.0
64,2,12,2031-03-19,C,NEO recovery ToO reserve,NEO blind survey / recovery,Future MPC alert,3.6860759493670887,0.021940928270042195,reserved,1.0
64,2,12,2031-03-19,OPS,General observatory overhead,Observatory maintenance / overhead,Operations and calibration,21.44846153846154,0.12766941391941394,indirect overhead,1.0
64,2,12,2031-03-19,OPS,Wavefront sensing and control,Observatory maintenance / overhead,Segmented primary mirror,2.52,0.015,maintenance,1.0
64,2,12,2031-03-19,A,SN Ia time-domain cadence,SN Ia time domain,SN north,2.0,0.011904761904761904,cadence baseline,1.0
65,2,13,2031-03-26,X,AM CVn monitoring,Compact monitoring / ToO,CR Boo,0.75,0.004464285714285714,target-visit MILP,1.0
65,2,13,2031-03-26,X,Compact-object ToO reserve,Compact monitoring / ToO,Future KMTNet/LVK alert,1.8430379746835444,0.010970464135021098,reserved,1.0
65,2,13,2031-03-26,X,Dwarf-nova population,Compact monitoring / ToO,OY Car,0.75,0.004464285714285714,target-visit MILP,1.0
65,2,13,2031-03-26,B,Nearest FGK HZ Systems Survey,Exoplanet nearest / HZ,lam Ser,19.96967241010322,0.11886709767918584,target-visit MILP,1.0
65,2,13,2031-03-26,B,Nearest Stellar Systems Survey,Exoplanet nearest / HZ,alpha Cen A,10.0,0.05952380952380952,target-visit MILP,1.0
65,2,13,2031-03-26,C,NEO optical blind survey,NEO blind survey / recovery,Dynamic ecliptic scan annulus,9.215189873417721,0.05485232067510548,blind survey,1.0
65,2,13,2031-03-26,C,NEO recovery ToO reserve,NEO blind survey / recovery,Future MPC alert,3.6860759493670887,0.021940928270042195,reserved,1.0
65,2,13,2031-03-26,OPS,General observatory overhead,Observatory maintenance / overhead,Operations and calibration,21.44846153846154,0.12766941391941394,indirect overhead,1.0
65,2,13,2031-03-26,OPS,Quarterly calibration block,Observatory maintenance / overhead,Instruments and reference fields,24.0,0.14285714285714285,maintenance,1.0
65,2,13,2031-03-26,OPS,Wavefront sensing and control,Observatory maintenance / overhead,Segmented primary mirror,2.52,0.015,maintenance,1.0
65,2,13,2031-03-26,A,SN Ia time-domain cadence,SN Ia time domain,SN north,2.0,0.011904761904761904,cadence baseline,1.0
66,2,14,2031-04-02,X,Compact-object ToO reserve,Compact monitoring / ToO,Future KMTNet/LVK alert,1.8430379746835444,0.010970464135021098,reserved,1.0
66,2,14,2031-04-02,X,Dwarf-nova intensive,Compact monitoring / ToO,SU UMa,0.375,0.002232142857142857,target-visit MILP,1.0
66,2,14,2031-04-02,X,Dwarf-nova intensive,Compact monitoring / ToO,U Gem,0.375,0.002232142857142857,target-visit MILP,1.0
66,2,14,2031-04-02,X,Dwarf-nova intensive,Compact monitoring / ToO,Z Cam,0.375,0.002232142857142857,target-visit MILP,0.7142857142857143
66,2,14,2031-04-02,B,Nearest FGK HZ Systems Survey,Exoplanet nearest / HZ,36 UMa,18.28124011602197,0.10881690545251173,target-visit MILP,1.0
66,2,14,2031-04-02,B,Nearest FGK HZ Systems Survey,Exoplanet nearest / HZ,61 Vir,17.86117427425261,0.10631651353721791,target-visit MILP,1.0
66,2,14,2031-04-02,C,NEO optical blind survey,NEO blind survey / recovery,Dynamic ecliptic scan annulus,9.215189873417721,0.05485232067510548,blind survey,1.0
66,2,14,2031-04-02,C,NEO recovery ToO reserve,NEO blind survey / recovery,Future MPC alert,3.6860759493670887,0.021940928270042195,reserved,1.0
66,2,14,2031-04-02,OPS,General observatory overhead,Observatory maintenance / overhead,Operations and calibration,21.44846153846154,0.12766941391941394,indirect overhead,1.0
66,2,14,2031-04-02,OPS,L2 station keeping,Observatory maintenance / overhead,Spacecraft orbit,2.0,0.011904761904761904,maintenance,1.0
66,2,14,2031-04-02,OPS,Momentum unload,Observatory maintenance / overhead,Reaction wheels,3.0,0.017857142857142856,maintenance,1.0
66,2,14,2031-04-02,OPS,Wavefront sensing and control,Observatory maintenance / overhead,Segmented primary mirror,2.52,0.015,maintenance,1.0
66,2,14,2031-04-02,A,SN Ia time-domain cadence,SN Ia time domain,SN north,2.0,0.011904761904761904,cadence baseline,1.0
67,2,15,2031-04-09,X,AM CVn monitoring,Compact monitoring / ToO,HP Lib,0.75,0.004464285714285714,target-visit MILP,1.0
67,2,15,2031-04-09,X,Compact-object ToO reserve,Compact monitoring / ToO,Future KMTNet/LVK alert,1.8430379746835444,0.010970464135021098,reserved,1.0
67,2,15,2031-04-09,B,First-light known giants,Exoplanet giants / disks,GJ 414 A c,16.666666666666668,0.09920634920634921,target-visit MILP,1.0
67,2,15,2031-04-09,C,NEO optical blind survey,NEO blind survey / recovery,Dynamic ecliptic scan annulus,9.215189873417721,0.05485232067510548,blind survey,1.0
67,2,15,2031-04-09,C,NEO recovery ToO reserve,NEO blind survey / recovery,Future MPC alert,3.6860759493670887,0.021940928270042195,reserved,1.0
67,2,15,2031-04-09,OPS,General observatory overhead,Observatory maintenance / overhead,Operations and calibration,21.44846153846154,0.12766941391941394,indirect overhead,1.0
67,2,15,2031-04-09,OPS,Wavefront sensing and control,Observatory maintenance / overhead,Segmented primary mirror,2.52,0.015,maintenance,1.0
67,2,15,2031-04-09,A,SN Ia time-domain cadence,SN Ia time domain,SN north,2.0,0.011904761904761904,cadence baseline,1.0
68,2,16,2031-04-16,X,Compact-object ToO reserve,Compact monitoring / ToO,Future KMTNet/LVK alert,1.8430379746835444,0.010970464135021098,reserved,1.0
68,2,16,2031-04-16,X,Dwarf-nova population,Compact monitoring / ToO,ER UMa,0.75,0.004464285714285714,target-visit MILP,1.0
68,2,16,2031-04-16,B,First-light known giants,Exoplanet giants / disks,47 UMa c,16.666666666666668,0.09920634920634921,target-visit MILP,1.0
68,2,16,2031-04-16,B,Nearest FGK HZ Systems Survey,Exoplanet nearest / HZ,36 UMa,18.28124011602197,0.10881690545251173,target-visit MILP,1.0
68,2,16,2031-04-16,B,Nearest FGK HZ Systems Survey,Exoplanet nearest / HZ,ksi Boo A,11.780571683014253,0.07012245049413246,target-visit MILP,1.0
68,2,16,2031-04-16,B,Nearest FGK HZ Systems Survey,Exoplanet nearest / HZ,lam Ser,19.96967241010322,0.11886709767918584,target-visit MILP,1.0
68,2,16,2031-04-16,B,Nearest FGK HZ Systems Survey,Exoplanet nearest / HZ,lam Ser,19.96967241010322,0.11886709767918584,target-visit MILP,1.0
68,2,16,2031-04-16,C,NEO optical blind survey,NEO blind survey / recovery,Dynamic ecliptic scan annulus,9.215189873417721,0.05485232067510548,blind survey,1.0
68,2,16,2031-04-16,C,NEO recovery ToO reserve,NEO blind survey / recovery,Future MPC alert,3.6860759493670887,0.021940928270042195,reserved,1.0
68,2,16,2031-04-16,OPS,General observatory overhead,Observatory maintenance / overhead,Operations and calibration,21.44846153846154,0.12766941391941394,indirect overhead,1.0
68,2,16,2031-04-16,OPS,Wavefront sensing and control,Observatory maintenance / overhead,Segmented primary mirror,2.52,0.015,maintenance,1.0
68,2,16,2031-04-16,A,SN Ia time-domain cadence,SN Ia time domain,SN north,2.0,0.011904761904761904,cadence baseline,1.0
69,2,17,2031-04-23,X,AM CVn monitoring,Compact monitoring / ToO,GP Com,0.75,0.004464285714285714,target-visit MILP,1.0
69,2,17,2031-04-23,X,AM CVn monitoring,Compact monitoring / ToO,GP Com,0.75,0.004464285714285714,target-visit MILP,1.0
69,2,17,2031-04-23,X,Compact-object ToO reserve,Compact monitoring / ToO,Future KMTNet/LVK alert,1.8430379746835444,0.010970464135021098,reserved,1.0
69,2,17,2031-04-23,B,Nearest FGK HZ Systems Survey,Exoplanet nearest / HZ,36 UMa,18.28124011602197,0.10881690545251173,target-visit MILP,1.0
69,2,17,2031-04-23,C,NEO optical blind survey,NEO blind survey / recovery,Dynamic ecliptic scan annulus,9.215189873417721,0.05485232067510548,blind survey,1.0
69,2,17,2031-04-23,C,NEO recovery ToO reserve,NEO blind survey / recovery,Future MPC alert,3.6860759493670887,0.021940928270042195,reserved,1.0
69,2,17,2031-04-23,OPS,General observatory overhead,Observatory maintenance / overhead,Operations and calibration,21.44846153846154,0.12766941391941394,indirect overhead,1.0
69,2,17,2031-04-23,OPS,L2 station keeping,Observatory maintenance / overhead,Spacecraft orbit,2.0,0.011904761904761904,maintenance,1.0
69,2,17,2031-04-23,OPS,Wavefront sensing and control,Observatory maintenance / overhead,Segmented primary mirror,2.52,0.015,maintenance,1.0
69,2,17,2031-04-23,A,SN Ia time-domain cadence,SN Ia time domain,SN north,2.0,0.011904761904761904,cadence baseline,1.0
70,2,18,2031-04-30,X,Compact-object ToO reserve,Compact monitoring / ToO,Future KMTNet/LVK alert,1.8430379746835444,0.010970464135021098,reserved,1.0
70,2,18,2031-04-30,X,Dwarf-nova population,Compact monitoring / ToO,OY Car,0.75,0.004464285714285714,target-visit MILP,1.0
70,2,18,2031-04-30,B,Nearest FGK HZ Systems Survey,Exoplanet nearest / HZ,lam Ser,19.96967241010322,0.11886709767918584,target-visit MILP,1.0
70,2,18,2031-04-30,B,Nearest FGK HZ Systems Survey,Exoplanet nearest / HZ,lam Ser,19.96967241010322,0.11886709767918584,target-visit MILP,1.0
70,2,18,2031-04-30,B,Nearest FGK HZ Systems Survey,Exoplanet nearest / HZ,lam Ser,19.96967241010322,0.11886709767918584,target-visit MILP,1.0
70,2,18,2031-04-30,C,NEO optical blind survey,NEO blind survey / recovery,Dynamic ecliptic scan annulus,9.215189873417721,0.05485232067510548,blind survey,1.0
70,2,18,2031-04-30,C,NEO recovery ToO reserve,NEO blind survey / recovery,Future MPC alert,3.6860759493670887,0.021940928270042195,reserved,1.0
70,2,18,2031-04-30,OPS,General observatory overhead,Observatory maintenance / overhead,Operations and calibration,21.44846153846154,0.12766941391941394,indirect overhead,1.0
70,2,18,2031-04-30,OPS,Wavefront sensing and control,Observatory maintenance / overhead,Segmented primary mirror,2.52,0.015,maintenance,1.0
70,2,18,2031-04-30,A,SN Ia time-domain cadence,SN Ia time domain,SN north,2.0,0.011904761904761904,cadence baseline,1.0
71,2,19,2031-05-07,X,AM CVn monitoring,Compact monitoring / ToO,V407 Vul,0.75,0.004464285714285714,target-visit MILP,1.0
71,2,19,2031-05-07,X,AM CVn monitoring,Compact monitoring / ToO,V803 Cen,0.75,0.004464285714285714,target-visit MILP,1.0
71,2,19,2031-05-07,X,Compact-object ToO reserve,Compact monitoring / ToO,Future KMTNet/LVK alert,1.8430379746835444,0.010970464135021098,reserved,1.0
71,2,19,2031-05-07,B,First-light known giants,Exoplanet giants / disks,HD 147513 b,16.666666666666668,0.09920634920634921,target-visit MILP,1.0
71,2,19,2031-05-07,B,Nearest FGK HZ Systems Survey,Exoplanet nearest / HZ,lam Ser,19.96967241010322,0.11886709767918584,target-visit MILP,1.0
71,2,19,2031-05-07,C,NEO optical blind survey,NEO blind survey / recovery,Dynamic ecliptic scan annulus,9.215189873417721,0.05485232067510548,blind survey,1.0
71,2,19,2031-05-07,C,NEO recovery ToO reserve,NEO blind survey / recovery,Future MPC alert,3.6860759493670887,0.021940928270042195,reserved,1.0
71,2,19,2031-05-07,OPS,General observatory overhead,Observatory maintenance / overhead,Operations and calibration,21.44846153846154,0.12766941391941394,indirect overhead,1.0
71,2,19,2031-05-07,OPS,Wavefront sensing and control,Observatory maintenance / overhead,Segmented primary mirror,2.52,0.015,maintenance,1.0
71,2,19,2031-05-07,A,SN Ia time-domain cadence,SN Ia time domain,SN north,2.0,0.011904761904761904,cadence baseline,1.0
72,2,20,2031-05-14,X,AM CVn monitoring,Compact monitoring / ToO,AM CVn,0.75,0.004464285714285714,target-visit MILP,1.0
72,2,20,2031-05-14,X,AM CVn monitoring,Compact monitoring / ToO,CR Boo,0.75,0.004464285714285714,target-visit MILP,1.0
72,2,20,2031-05-14,X,AM CVn monitoring,Compact monitoring / ToO,GP Com,0.75,0.004464285714285714,target-visit MILP,1.0
72,2,20,2031-05-14,X,AM CVn monitoring,Compact monitoring / ToO,GP Com,0.75,0.004464285714285714,target-visit MILP,1.0
72,2,20,2031-05-14,X,Compact-object ToO reserve,Compact monitoring / ToO,Future KMTNet/LVK alert,1.8430379746835444,0.010970464135021098,reserved,1.0
72,2,20,2031-05-14,A,Wide ELG BAO/RSD,ELG wide North,Boötes north,15.25,0.09077380952380952,continuous LP,1.0
72,2,20,2031-05-14,B,First-light known giants,Exoplanet giants / disks,47 UMa b,16.666666666666668,0.09920634920634921,target-visit MILP,1.0
72,2,20,2031-05-14,B,Nearest Stellar Systems Survey,Exoplanet nearest / HZ,Proxima Cen,10.0,0.05952380952380952,target-visit MILP,1.0
72,2,20,2031-05-14,C,NEO optical blind survey,NEO blind survey / recovery,Dynamic ecliptic scan annulus,9.215189873417721,0.05485232067510548,blind survey,1.0
72,2,20,2031-05-14,C,NEO recovery ToO reserve,NEO blind survey / recovery,Future MPC alert,3.6860759493670887,0.021940928270042195,reserved,1.0
72,2,20,2031-05-14,OPS,General observatory overhead,Observatory maintenance / overhead,Operations and calibration,21.44846153846154,0.12766941391941394,indirect overhead,1.0
72,2,20,2031-05-14,OPS,L2 station keeping,Observatory maintenance / overhead,Spacecraft orbit,2.0,0.011904761904761904,maintenance,1.0
72,2,20,2031-05-14,OPS,Momentum unload,Observatory maintenance / overhead,Reaction wheels,3.0,0.017857142857142856,maintenance,1.0
72,2,20,2031-05-14,OPS,Wavefront sensing and control,Observatory maintenance / overhead,Segmented primary mirror,2.52,0.015,maintenance,1.0
72,2,20,2031-05-14,A,SN Ia time-domain cadence,SN Ia time domain,SN north,2.0,0.011904761904761904,cadence baseline,1.0
73,2,21,2031-05-21,X,AM CVn monitoring,Compact monitoring / ToO,GP Com,0.75,0.004464285714285714,target-visit MILP,1.0
73,2,21,2031-05-21,X,AM CVn monitoring,Compact monitoring / ToO,V407 Vul,0.75,0.004464285714285714,target-visit MILP,1.0
73,2,21,2031-05-21,X,Compact-object ToO reserve,Compact monitoring / ToO,Future KMTNet/LVK alert,1.8430379746835444,0.010970464135021098,reserved,1.0
73,2,21,2031-05-21,X,Dwarf-nova intensive,Compact monitoring / ToO,WZ Sge,0.375,0.002232142857142857,target-visit MILP,1.0
73,2,21,2031-05-21,A,Wide ELG BAO/RSD,ELG wide North,Boötes north,36.0,0.21428571428571427,continuous LP,1.0
73,2,21,2031-05-21,B,Nearest FGK HZ Systems Survey,Exoplanet nearest / HZ,HD 102365,15.779932744531134,0.09392817109839961,target-visit MILP,1.0
73,2,21,2031-05-21,B,Nearest Stellar Systems Survey,Exoplanet nearest / HZ,GJ 887,10.0,0.05952380952380952,target-visit MILP,0.42857142857142855
73,2,21,2031-05-21,B,Nearest Stellar Systems Survey,Exoplanet nearest / HZ,Ross 128,10.0,0.05952380952380952,target-visit MILP,1.0
73,2,21,2031-05-21,C,NEO optical blind survey,NEO blind survey / recovery,Dynamic ecliptic scan annulus,9.215189873417721,0.05485232067510548,blind survey,1.0
73,2,21,2031-05-21,C,NEO recovery ToO reserve,NEO blind survey / recovery,Future MPC alert,3.6860759493670887,0.021940928270042195,reserved,1.0
73,2,21,2031-05-21,OPS,General observatory overhead,Observatory maintenance / overhead,Operations and calibration,21.44846153846154,0.12766941391941394,indirect overhead,1.0
73,2,21,2031-05-21,OPS,Wavefront sensing and control,Observatory maintenance / overhead,Segmented primary mirror,2.52,0.015,maintenance,1.0
73,2,21,2031-05-21,A,SN Ia time-domain cadence,SN Ia time domain,SN north,2.0,0.011904761904761904,cadence baseline,1.0
74,2,22,2031-05-28,X,AM CVn monitoring,Compact monitoring / ToO,KL Dra,0.75,0.004464285714285714,target-visit MILP,1.0
74,2,22,2031-05-28,X,AM CVn monitoring,Compact monitoring / ToO,V803 Cen,0.75,0.004464285714285714,target-visit MILP,1.0
74,2,22,2031-05-28,X,Compact-object ToO reserve,Compact monitoring / ToO,Future KMTNet/LVK alert,1.8430379746835444,0.010970464135021098,reserved,1.0
74,2,22,2031-05-28,A,Medium/deep ELG tiers,Deep / imaging calibration,Boötes north,16.5,0.09821428571428571,continuous LP,1.0
74,2,22,2031-05-28,A,Wide ELG BAO/RSD,ELG wide North,Boötes north,36.0,0.21428571428571427,continuous LP,1.0
74,2,22,2031-05-28,B,Nearest FGK HZ Systems Survey,Exoplanet nearest / HZ,36 Oph A,16.058276436541128,0.09558497878893528,target-visit MILP,1.0
74,2,22,2031-05-28,B,Nearest Stellar Systems Survey,Exoplanet nearest / HZ,Barnard star,10.0,0.05952380952380952,target-visit MILP,1.0
74,2,22,2031-05-28,B,Nearest Stellar Systems Survey,Exoplanet nearest / HZ,EZ Aqr Aa,10.0,0.05952380952380952,target-visit MILP,1.0
74,2,22,2031-05-28,B,Nearest Stellar Systems Survey,Exoplanet nearest / HZ,EZ Aqr B,10.0,0.05952380952380952,target-visit MILP,1.0
74,2,22,2031-05-28,C,NEO optical blind survey,NEO blind survey / recovery,Dynamic ecliptic scan annulus,9.215189873417721,0.05485232067510548,blind survey,1.0
74,2,22,2031-05-28,C,NEO recovery ToO reserve,NEO blind survey / recovery,Future MPC alert,3.6860759493670887,0.021940928270042195,reserved,1.0
74,2,22,2031-05-28,OPS,General observatory overhead,Observatory maintenance / overhead,Operations and calibration,21.44846153846154,0.12766941391941394,indirect overhead,1.0
74,2,22,2031-05-28,OPS,Wavefront sensing and control,Observatory maintenance / overhead,Segmented primary mirror,2.52,0.015,maintenance,1.0
74,2,22,2031-05-28,A,SN Ia time-domain cadence,SN Ia time domain,SN north,2.0,0.011904761904761904,cadence baseline,1.0
75,2,23,2031-06-04,X,AM CVn monitoring,Compact monitoring / ToO,CE 315,0.75,0.004464285714285714,target-visit MILP,1.0
75,2,23,2031-06-04,X,AM CVn monitoring,Compact monitoring / ToO,HP Lib,0.75,0.004464285714285714,target-visit MILP,1.0
75,2,23,2031-06-04,X,Compact-object ToO reserve,Compact monitoring / ToO,Future KMTNet/LVK alert,1.8430379746835444,0.010970464135021098,reserved,1.0
75,2,23,2031-06-04,X,Dwarf-nova intensive,Compact monitoring / ToO,VW Hyi,0.375,0.002232142857142857,target-visit MILP,1.0
75,2,23,2031-06-04,A,Medium/deep ELG tiers,Deep / imaging calibration,Boötes north,24.0,0.14285714285714285,continuous LP,1.0
75,2,23,2031-06-04,A,Wide ELG BAO/RSD,ELG wide North,Boötes north,36.0,0.21428571428571427,continuous LP,1.0
75,2,23,2031-06-04,C,NEO optical blind survey,NEO blind survey / recovery,Dynamic ecliptic scan annulus,9.215189873417721,0.05485232067510548,blind survey,1.0
75,2,23,2031-06-04,C,NEO recovery ToO reserve,NEO blind survey / recovery,Future MPC alert,3.6860759493670887,0.021940928270042195,reserved,1.0
75,2,23,2031-06-04,OPS,General observatory overhead,Observatory maintenance / overhead,Operations and calibration,21.44846153846154,0.12766941391941394,indirect overhead,1.0
75,2,23,2031-06-04,OPS,L2 station keeping,Observatory maintenance / overhead,Spacecraft orbit,2.0,0.011904761904761904,maintenance,1.0
75,2,23,2031-06-04,OPS,Wavefront sensing and control,Observatory maintenance / overhead,Segmented primary mirror,2.52,0.015,maintenance,1.0
75,2,23,2031-06-04,A,SN Ia time-domain cadence,SN Ia time domain,SN north,2.0,0.011904761904761904,cadence baseline,1.0
76,2,24,2031-06-11,X,AM CVn monitoring,Compact monitoring / ToO,CE 315,0.75,0.004464285714285714,target-visit MILP,1.0
76,2,24,2031-06-11,X,AM CVn monitoring,Compact monitoring / ToO,V407 Vul,0.75,0.004464285714285714,target-visit MILP,1.0
76,2,24,2031-06-11,X,Compact-object ToO reserve,Compact monitoring / ToO,Future KMTNet/LVK alert,1.8430379746835444,0.010970464135021098,reserved,1.0
76,2,24,2031-06-11,X,Dwarf-nova intensive,Compact monitoring / ToO,SS Cyg,0.375,0.002232142857142857,target-visit MILP,0.7142857142857143
76,2,24,2031-06-11,X,Dwarf-nova population,Compact monitoring / ToO,OY Car,0.75,0.004464285714285714,target-visit MILP,1.0
76,2,24,2031-06-11,X,Dwarf-nova population,Compact monitoring / ToO,VY Aqr,0.75,0.004464285714285714,target-visit MILP,1.0
76,2,24,2031-06-11,A,Medium/deep ELG tiers,Deep / imaging calibration,Boötes north,24.0,0.14285714285714285,continuous LP,1.0
76,2,24,2031-06-11,A,Wide ELG BAO/RSD,ELG wide North,Boötes north,36.0,0.21428571428571427,continuous LP,1.0
76,2,24,2031-06-11,B,Nearest FGK HZ Systems Survey,Exoplanet nearest / HZ,HD 102365,15.779932744531134,0.09392817109839961,target-visit MILP,1.0
76,2,24,2031-06-11,C,NEO optical blind survey,NEO blind survey / recovery,Dynamic ecliptic scan annulus,9.215189873417721,0.05485232067510548,blind survey,1.0
76,2,24,2031-06-11,C,NEO recovery ToO reserve,NEO blind survey / recovery,Future MPC alert,3.6860759493670887,0.021940928270042195,reserved,1.0
76,2,24,2031-06-11,OPS,General observatory overhead,Observatory maintenance / overhead,Operations and calibration,21.44846153846154,0.12766941391941394,indirect overhead,1.0
76,2,24,2031-06-11,OPS,Wavefront sensing and control,Observatory maintenance / overhead,Segmented primary mirror,2.52,0.015,maintenance,1.0
76,2,24,2031-06-11,A,SN Ia time-domain cadence,SN Ia time domain,SN north,2.0,0.011904761904761904,cadence baseline,1.0
77,2,25,2031-06-18,X,AM CVn monitoring,Compact monitoring / ToO,CR Boo,0.75,0.004464285714285714,target-visit MILP,1.0
77,2,25,2031-06-18,X,AM CVn monitoring,Compact monitoring / ToO,V803 Cen,0.75,0.004464285714285714,target-visit MILP,1.0
77,2,25,2031-06-18,X,Compact-object ToO reserve,Compact monitoring / ToO,Future KMTNet/LVK alert,1.8430379746835444,0.010970464135021098,reserved,1.0
77,2,25,2031-06-18,X,Dwarf-nova intensive,Compact monitoring / ToO,RU Peg,0.375,0.002232142857142857,target-visit MILP,1.0
77,2,25,2031-06-18,X,Dwarf-nova intensive,Compact monitoring / ToO,RU Peg,0.375,0.002232142857142857,target-visit MILP,1.0
77,2,25,2031-06-18,X,Dwarf-nova intensive,Compact monitoring / ToO,WZ Sge,0.375,0.002232142857142857,target-visit MILP,1.0
77,2,25,2031-06-18,A,Medium/deep ELG tiers,Deep / imaging calibration,Boötes north,24.0,0.14285714285714285,continuous LP,1.0
77,2,25,2031-06-18,A,Wide ELG BAO/RSD,ELG wide North,Boötes north,36.0,0.21428571428571427,continuous LP,1.0
77,2,25,2031-06-18,B,Nearest FGK HZ Systems Survey,Exoplanet nearest / HZ,36 Oph B,15.077588763946688,0.08974755216634933,target-visit MILP,1.0
77,2,25,2031-06-18,B,Nearest FGK HZ Systems Survey,Exoplanet nearest / HZ,HD 102365,15.779932744531134,0.09392817109839961,target-visit MILP,1.0
77,2,25,2031-06-18,C,NEO optical blind survey,NEO blind survey / recovery,Dynamic ecliptic scan annulus,9.215189873417721,0.05485232067510548,blind survey,1.0
77,2,25,2031-06-18,C,NEO recovery ToO reserve,NEO blind survey / recovery,Future MPC alert,3.6860759493670887,0.021940928270042195,reserved,1.0
77,2,25,2031-06-18,OPS,General observatory overhead,Observatory maintenance / overhead,Operations and calibration,21.44846153846154,0.12766941391941394,indirect overhead,1.0
77,2,25,2031-06-18,OPS,Wavefront sensing and control,Observatory maintenance / overhead,Segmented primary mirror,2.52,0.015,maintenance,1.0
77,2,25,2031-06-18,A,SN Ia time-domain cadence,SN Ia time domain,SN north,2.0,0.011904761904761904,cadence baseline,1.0
78,2,26,2031-06-25,X,Compact-object ToO reserve,Compact monitoring / ToO,Future KMTNet/LVK alert,1.8430379746835444,0.010970464135021098,reserved,1.0
78,2,26,2031-06-25,B,Nearest FGK HZ Systems Survey,Exoplanet nearest / HZ,eps Ind,5.704502578699747,0.033955372492260404,target-visit MILP,1.0
78,2,26,2031-06-25,C,NEO optical blind survey,NEO blind survey / recovery,Dynamic ecliptic scan annulus,9.215189873417721,0.05485232067510548,blind survey,1.0
78,2,26,2031-06-25,C,NEO recovery ToO reserve,NEO blind survey / recovery,Future MPC alert,3.6860759493670887,0.021940928270042195,reserved,1.0
78,2,26,2031-06-25,OPS,General observatory overhead,Observatory maintenance / overhead,Operations and calibration,21.44846153846154,0.12766941391941394,indirect overhead,1.0
78,2,26,2031-06-25,OPS,L2 station keeping,Observatory maintenance / overhead,Spacecraft orbit,2.0,0.011904761904761904,maintenance,1.0
78,2,26,2031-06-25,OPS,Momentum unload,Observatory maintenance / overhead,Reaction wheels,3.0,0.017857142857142856,maintenance,1.0
78,2,26,2031-06-25,OPS,Quarterly calibration block,Observatory maintenance / overhead,Instruments and reference fields,24.0,0.14285714285714285,maintenance,1.0
78,2,26,2031-06-25,OPS,Wavefront sensing and control,Observatory maintenance / overhead,Segmented primary mirror,2.52,0.015,maintenance,1.0
78,2,26,2031-06-25,A,SN Ia time-domain cadence,SN Ia time domain,SN north,2.0,0.011904761904761904,cadence baseline,1.0
79,2,27,2031-07-02,X,AM CVn monitoring,Compact monitoring / ToO,KL Dra,0.75,0.004464285714285714,target-visit MILP,1.0
79,2,27,2031-07-02,X,Compact-object ToO reserve,Compact monitoring / ToO,Future KMTNet/LVK alert,1.8430379746835444,0.010970464135021098,reserved,1.0
79,2,27,2031-07-02,X,Dwarf-nova intensive,Compact monitoring / ToO,WZ Sge,0.375,0.002232142857142857,target-visit MILP,1.0
79,2,27,2031-07-02,X,Dwarf-nova population,Compact monitoring / ToO,VW Vul,0.75,0.004464285714285714,target-visit MILP,1.0
79,2,27,2031-07-02,X,Dwarf-nova population,Compact monitoring / ToO,VW Vul,0.75,0.004464285714285714,target-visit MILP,1.0
79,2,27,2031-07-02,A,Medium/deep ELG tiers,Deep / imaging calibration,Boötes north,24.0,0.14285714285714285,continuous LP,1.0
79,2,27,2031-07-02,A,Wide ELG BAO/RSD,ELG wide North,Boötes north,36.0,0.21428571428571427,continuous LP,1.0
79,2,27,2031-07-02,B,First-light known giants,Exoplanet giants / disks,HD 192310 c,16.666666666666668,0.09920634920634921,target-visit MILP,1.0
79,2,27,2031-07-02,B,Nearest FGK HZ Systems Survey,Exoplanet nearest / HZ,61 Cyg A,4.180960088775178,0.024886667195090344,target-visit MILP,1.0
79,2,27,2031-07-02,C,NEO optical blind survey,NEO blind survey / recovery,Dynamic ecliptic scan annulus,9.215189873417721,0.05485232067510548,blind survey,1.0
79,2,27,2031-07-02,C,NEO recovery ToO reserve,NEO blind survey / recovery,Future MPC alert,3.6860759493670887,0.021940928270042195,reserved,1.0
79,2,27,2031-07-02,OPS,General observatory overhead,Observatory maintenance / overhead,Operations and calibration,21.44846153846154,0.12766941391941394,indirect overhead,1.0
79,2,27,2031-07-02,OPS,Wavefront sensing and control,Observatory maintenance / overhead,Segmented primary mirror,2.52,0.015,maintenance,1.0
79,2,27,2031-07-02,A,SN Ia time-domain cadence,SN Ia time domain,SN north,2.0,0.011904761904761904,cadence baseline,1.0
80,2,28,2031-07-09,X,AM CVn monitoring,Compact monitoring / ToO,CE 315,0.75,0.004464285714285714,target-visit MILP,1.0
80,2,28,2031-07-09,X,AM CVn monitoring,Compact monitoring / ToO,CR Boo,0.75,0.004464285714285714,target-visit MILP,1.0
80,2,28,2031-07-09,X,AM CVn monitoring,Compact monitoring / ToO,V803 Cen,0.75,0.004464285714285714,target-visit MILP,1.0
80,2,28,2031-07-09,X,Compact-object ToO reserve,Compact monitoring / ToO,Future KMTNet/LVK alert,1.8430379746835444,0.010970464135021098,reserved,1.0
80,2,28,2031-07-09,X,Dwarf-nova intensive,Compact monitoring / ToO,WZ Sge,0.375,0.002232142857142857,target-visit MILP,1.0
80,2,28,2031-07-09,X,Dwarf-nova population,Compact monitoring / ToO,VY Aqr,0.75,0.004464285714285714,target-visit MILP,1.0
80,2,28,2031-07-09,B,Nearest Stellar Systems Survey,Exoplanet nearest / HZ,Ross 154,10.0,0.05952380952380952,target-visit MILP,1.0
80,2,28,2031-07-09,C,NEO optical blind survey,NEO blind survey / recovery,Dynamic ecliptic scan annulus,9.215189873417721,0.05485232067510548,blind survey,1.0
80,2,28,2031-07-09,C,NEO recovery ToO reserve,NEO blind survey / recovery,Future MPC alert,3.6860759493670887,0.021940928270042195,reserved,1.0
80,2,28,2031-07-09,OPS,General observatory overhead,Observatory maintenance / overhead,Operations and calibration,21.44846153846154,0.12766941391941394,indirect overhead,1.0
80,2,28,2031-07-09,OPS,Wavefront sensing and control,Observatory maintenance / overhead,Segmented primary mirror,2.52,0.015,maintenance,1.0
80,2,28,2031-07-09,A,SN Ia time-domain cadence,SN Ia time domain,SN north,2.0,0.011904761904761904,cadence baseline,0.5714285714285714
81,2,29,2031-07-16,X,AM CVn monitoring,Compact monitoring / ToO,ES Cet,0.75,0.004464285714285714,target-visit MILP,0.7142857142857143
81,2,29,2031-07-16,X,AM CVn monitoring,Compact monitoring / ToO,HP Lib,0.75,0.004464285714285714,target-visit MILP,1.0
81,2,29,2031-07-16,X,AM CVn monitoring,Compact monitoring / ToO,V803 Cen,0.75,0.004464285714285714,target-visit MILP,1.0
81,2,29,2031-07-16,X,Compact-object ToO reserve,Compact monitoring / ToO,Future KMTNet/LVK alert,1.8430379746835444,0.010970464135021098,reserved,1.0
81,2,29,2031-07-16,B,Nearest FGK HZ Systems Survey,Exoplanet nearest / HZ,ksi Boo A,11.780571683014253,0.07012245049413246,target-visit MILP,1.0
81,2,29,2031-07-16,C,NEO optical blind survey,NEO blind survey / recovery,Dynamic ecliptic scan annulus,9.215189873417721,0.05485232067510548,blind survey,1.0
81,2,29,2031-07-16,C,NEO recovery ToO reserve,NEO blind survey / recovery,Future MPC alert,3.6860759493670887,0.021940928270042195,reserved,1.0
81,2,29,2031-07-16,OPS,General observatory overhead,Observatory maintenance / overhead,Operations and calibration,21.44846153846154,0.12766941391941394,indirect overhead,1.0
81,2,29,2031-07-16,OPS,L2 station keeping,Observatory maintenance / overhead,Spacecraft orbit,2.0,0.011904761904761904,maintenance,1.0
81,2,29,2031-07-16,OPS,Wavefront sensing and control,Observatory maintenance / overhead,Segmented primary mirror,2.52,0.015,maintenance,1.0
81,2,29,2031-07-16,A,SN Ia time-domain cadence,SN Ia time domain,SN south,2.0,0.011904761904761904,cadence baseline,0.42857142857142855
82,2,30,2031-07-23,X,AM CVn monitoring,Compact monitoring / ToO,V803 Cen,0.75,0.004464285714285714,target-visit MILP,1.0
82,2,30,2031-07-23,X,Compact-object ToO reserve,Compact monitoring / ToO,Future KMTNet/LVK alert,1.8430379746835444,0.010970464135021098,reserved,1.0
82,2,30,2031-07-23,X,Dwarf-nova intensive,Compact monitoring / ToO,VW Hyi,0.375,0.002232142857142857,target-visit MILP,1.0
82,2,30,2031-07-23,B,Nearest FGK HZ Systems Survey,Exoplanet nearest / HZ,lam Ser,19.96967241010322,0.11886709767918584,target-visit MILP,1.0
82,2,30,2031-07-23,C,NEO optical blind survey,NEO blind survey / recovery,Dynamic ecliptic scan annulus,9.215189873417721,0.05485232067510548,blind survey,1.0
82,2,30,2031-07-23,C,NEO recovery ToO reserve,NEO blind survey / recovery,Future MPC alert,3.6860759493670887,0.021940928270042195,reserved,1.0
82,2,30,2031-07-23,OPS,General observatory overhead,Observatory maintenance / overhead,Operations and calibration,21.44846153846154,0.12766941391941394,indirect overhead,1.0
82,2,30,2031-07-23,OPS,Wavefront sensing and control,Observatory maintenance / overhead,Segmented primary mirror,2.52,0.015,maintenance,1.0
82,2,30,2031-07-23,A,SN Ia time-domain cadence,SN Ia time domain,SN south,2.0,0.011904761904761904,cadence baseline,1.0
83,2,31,2031-07-30,X,AM CVn monitoring,Compact monitoring / ToO,HP Lib,0.75,0.004464285714285714,target-visit MILP,1.0
83,2,31,2031-07-30,X,Compact-object ToO reserve,Compact monitoring / ToO,Future KMTNet/LVK alert,1.8430379746835444,0.010970464135021098,reserved,1.0
83,2,31,2031-07-30,X,Dwarf-nova intensive,Compact monitoring / ToO,VW Hyi,0.375,0.002232142857142857,target-visit MILP,1.0
83,2,31,2031-07-30,X,Dwarf-nova population,Compact monitoring / ToO,RX And,0.75,0.004464285714285714,target-visit MILP,1.0
83,2,31,2031-07-30,X,Dwarf-nova population,Compact monitoring / ToO,RX And,0.75,0.004464285714285714,target-visit MILP,1.0
83,2,31,2031-07-30,X,Dwarf-nova population,Compact monitoring / ToO,VY Aqr,0.75,0.004464285714285714,target-visit MILP,1.0
83,2,31,2031-07-30,B,Nearest Stellar Systems Survey,Exoplanet nearest / HZ,61 Cyg B,10.0,0.05952380952380952,target-visit MILP,1.0
83,2,31,2031-07-30,C,NEO optical blind survey,NEO blind survey / recovery,Dynamic ecliptic scan annulus,9.215189873417721,0.05485232067510548,blind survey,1.0
83,2,31,2031-07-30,C,NEO recovery ToO reserve,NEO blind survey / recovery,Future MPC alert,3.6860759493670887,0.021940928270042195,reserved,1.0
83,2,31,2031-07-30,OPS,General observatory overhead,Observatory maintenance / overhead,Operations and calibration,21.44846153846154,0.12766941391941394,indirect overhead,1.0
83,2,31,2031-07-30,OPS,Wavefront sensing and control,Observatory maintenance / overhead,Segmented primary mirror,2.52,0.015,maintenance,1.0
83,2,31,2031-07-30,A,SN Ia time-domain cadence,SN Ia time domain,SN south,2.0,0.011904761904761904,cadence baseline,1.0
84,2,32,2031-08-06,X,Compact-object ToO reserve,Compact monitoring / ToO,Future KMTNet/LVK alert,1.8430379746835444,0.010970464135021098,reserved,1.0
84,2,32,2031-08-06,X,Dwarf-nova intensive,Compact monitoring / ToO,RU Peg,0.375,0.002232142857142857,target-visit MILP,1.0
84,2,32,2031-08-06,X,Dwarf-nova population,Compact monitoring / ToO,RX And,0.75,0.004464285714285714,target-visit MILP,1.0
84,2,32,2031-08-06,B,First-light known giants,Exoplanet giants / disks,HD 147513 b,16.666666666666668,0.09920634920634921,target-visit MILP,1.0
84,2,32,2031-08-06,B,First-light known giants,Exoplanet giants / disks,HD 192310 c,16.666666666666668,0.09920634920634921,target-visit MILP,1.0
84,2,32,2031-08-06,B,First-light known giants,Exoplanet giants / disks,HD 219134 h,16.666666666666668,0.09920634920634921,target-visit MILP,1.0
84,2,32,2031-08-06,C,NEO optical blind survey,NEO blind survey / recovery,Dynamic ecliptic scan annulus,9.215189873417721,0.05485232067510548,blind survey,1.0
84,2,32,2031-08-06,C,NEO recovery ToO reserve,NEO blind survey / recovery,Future MPC alert,3.6860759493670887,0.021940928270042195,reserved,1.0
84,2,32,2031-08-06,OPS,General observatory overhead,Observatory maintenance / overhead,Operations and calibration,21.44846153846154,0.12766941391941394,indirect overhead,1.0
84,2,32,2031-08-06,OPS,L2 station keeping,Observatory maintenance / overhead,Spacecraft orbit,2.0,0.011904761904761904,maintenance,1.0
84,2,32,2031-08-06,OPS,Momentum unload,Observatory maintenance / overhead,Reaction wheels,3.0,0.017857142857142856,maintenance,1.0
84,2,32,2031-08-06,OPS,Wavefront sensing and control,Observatory maintenance / overhead,Segmented primary mirror,2.52,0.015,maintenance,1.0
84,2,32,2031-08-06,A,SN Ia time-domain cadence,SN Ia time domain,SN south,2.0,0.011904761904761904,cadence baseline,1.0
85,2,33,2031-08-13,X,AM CVn monitoring,Compact monitoring / ToO,ES Cet,0.75,0.004464285714285714,target-visit MILP,1.0
85,2,33,2031-08-13,X,Compact-object ToO reserve,Compact monitoring / ToO,Future KMTNet/LVK alert,1.8430379746835444,0.010970464135021098,reserved,1.0
85,2,33,2031-08-13,C,NEO optical blind survey,NEO blind survey / recovery,Dynamic ecliptic scan annulus,9.215189873417721,0.05485232067510548,blind survey,1.0
85,2,33,2031-08-13,C,NEO recovery ToO reserve,NEO blind survey / recovery,Future MPC alert,3.6860759493670887,0.021940928270042195,reserved,1.0
85,2,33,2031-08-13,OPS,General observatory overhead,Observatory maintenance / overhead,Operations and calibration,21.44846153846154,0.12766941391941394,indirect overhead,1.0
85,2,33,2031-08-13,OPS,Wavefront sensing and control,Observatory maintenance / overhead,Segmented primary mirror,2.52,0.015,maintenance,1.0
85,2,33,2031-08-13,A,SN Ia time-domain cadence,SN Ia time domain,SN south,2.0,0.011904761904761904,cadence baseline,1.0
86,2,34,2031-08-20,X,AM CVn monitoring,Compact monitoring / ToO,KL Dra,0.75,0.004464285714285714,target-visit MILP,1.0
86,2,34,2031-08-20,X,Compact-object ToO reserve,Compact monitoring / ToO,Future KMTNet/LVK alert,1.8430379746835444,0.010970464135021098,reserved,1.0
86,2,34,2031-08-20,X,Dwarf-nova intensive,Compact monitoring / ToO,RU Peg,0.375,0.002232142857142857,target-visit MILP,1.0
86,2,34,2031-08-20,X,Dwarf-nova intensive,Compact monitoring / ToO,RU Peg,0.375,0.002232142857142857,target-visit MILP,1.0
86,2,34,2031-08-20,X,Dwarf-nova intensive,Compact monitoring / ToO,SS Cyg,0.375,0.002232142857142857,target-visit MILP,1.0
86,2,34,2031-08-20,X,Dwarf-nova population,Compact monitoring / ToO,HT Cas,0.75,0.004464285714285714,target-visit MILP,1.0
86,2,34,2031-08-20,B,Nearest Stellar Systems Survey,Exoplanet nearest / HZ,alpha Cen B,10.0,0.05952380952380952,target-visit MILP,0.5714285714285714
86,2,34,2031-08-20,C,NEO optical blind survey,NEO blind survey / recovery,Dynamic ecliptic scan annulus,9.215189873417721,0.05485232067510548,blind survey,1.0
86,2,34,2031-08-20,C,NEO recovery ToO reserve,NEO blind survey / recovery,Future MPC alert,3.6860759493670887,0.021940928270042195,reserved,1.0
86,2,34,2031-08-20,OPS,General observatory overhead,Observatory maintenance / overhead,Operations and calibration,21.44846153846154,0.12766941391941394,indirect overhead,1.0
86,2,34,2031-08-20,OPS,Wavefront sensing and control,Observatory maintenance / overhead,Segmented primary mirror,2.52,0.015,maintenance,1.0
86,2,34,2031-08-20,A,SN Ia time-domain cadence,SN Ia time domain,SN south,2.0,0.011904761904761904,cadence baseline,1.0
87,2,35,2031-08-27,X,Compact-object ToO reserve,Compact monitoring / ToO,Future KMTNet/LVK alert,1.8430379746835444,0.010970464135021098,reserved,1.0
87,2,35,2031-08-27,X,Dwarf-nova population,Compact monitoring / ToO,VW Vul,0.75,0.004464285714285714,target-visit MILP,1.0
87,2,35,2031-08-27,B,Nearest FGK HZ Systems Survey,Exoplanet nearest / HZ,zet Dor,19.289362039661423,0.11481763118846085,target-visit MILP,1.0
87,2,35,2031-08-27,B,Nearest Stellar Systems Survey,Exoplanet nearest / HZ,Ross 248,10.0,0.05952380952380952,target-visit MILP,1.0
87,2,35,2031-08-27,C,NEO optical blind survey,NEO blind survey / recovery,Dynamic ecliptic scan annulus,9.215189873417721,0.05485232067510548,blind survey,1.0
87,2,35,2031-08-27,C,NEO recovery ToO reserve,NEO blind survey / recovery,Future MPC alert,3.6860759493670887,0.021940928270042195,reserved,1.0
87,2,35,2031-08-27,OPS,General observatory overhead,Observatory maintenance / overhead,Operations and calibration,21.44846153846154,0.12766941391941394,indirect overhead,1.0
87,2,35,2031-08-27,OPS,L2 station keeping,Observatory maintenance / overhead,Spacecraft orbit,2.0,0.011904761904761904,maintenance,1.0
87,2,35,2031-08-27,OPS,Wavefront sensing and control,Observatory maintenance / overhead,Segmented primary mirror,2.52,0.015,maintenance,1.0
87,2,35,2031-08-27,A,SN Ia time-domain cadence,SN Ia time domain,SN south,2.0,0.011904761904761904,cadence baseline,1.0
88,2,36,2031-09-03,X,Compact-object ToO reserve,Compact monitoring / ToO,Future KMTNet/LVK alert,1.8430379746835444,0.010970464135021098,reserved,1.0
88,2,36,2031-09-03,X,Dwarf-nova intensive,Compact monitoring / ToO,VW Hyi,0.375,0.002232142857142857,target-visit MILP,1.0
88,2,36,2031-09-03,X,Dwarf-nova population,Compact monitoring / ToO,HT Cas,0.75,0.004464285714285714,target-visit MILP,1.0
88,2,36,2031-09-03,C,NEO optical blind survey,NEO blind survey / recovery,Dynamic ecliptic scan annulus,9.215189873417721,0.05485232067510548,blind survey,1.0
88,2,36,2031-09-03,C,NEO recovery ToO reserve,NEO blind survey / recovery,Future MPC alert,3.6860759493670887,0.021940928270042195,reserved,1.0
88,2,36,2031-09-03,OPS,General observatory overhead,Observatory maintenance / overhead,Operations and calibration,21.44846153846154,0.12766941391941394,indirect overhead,1.0
88,2,36,2031-09-03,OPS,Wavefront sensing and control,Observatory maintenance / overhead,Segmented primary mirror,2.52,0.015,maintenance,1.0
88,2,36,2031-09-03,A,SN Ia time-domain cadence,SN Ia time domain,SN south,2.0,0.011904761904761904,cadence baseline,1.0
89,2,37,2031-09-10,X,Compact-object ToO reserve,Compact monitoring / ToO,Future KMTNet/LVK alert,1.8430379746835444,0.010970464135021098,reserved,1.0
89,2,37,2031-09-10,X,Dwarf-nova intensive,Compact monitoring / ToO,SS Cyg,0.375,0.002232142857142857,target-visit MILP,1.0
89,2,37,2031-09-10,B,Nearest Stellar Systems Survey,Exoplanet nearest / HZ,61 Cyg A,10.0,0.05952380952380952,target-visit MILP,1.0
89,2,37,2031-09-10,C,NEO optical blind survey,NEO blind survey / recovery,Dynamic ecliptic scan annulus,9.215189873417721,0.05485232067510548,blind survey,1.0
89,2,37,2031-09-10,C,NEO recovery ToO reserve,NEO blind survey / recovery,Future MPC alert,3.6860759493670887,0.021940928270042195,reserved,1.0
89,2,37,2031-09-10,OPS,General observatory overhead,Observatory maintenance / overhead,Operations and calibration,21.44846153846154,0.12766941391941394,indirect overhead,1.0
89,2,37,2031-09-10,OPS,Wavefront sensing and control,Observatory maintenance / overhead,Segmented primary mirror,2.52,0.015,maintenance,1.0
89,2,37,2031-09-10,A,SN Ia time-domain cadence,SN Ia time domain,SN south,2.0,0.011904761904761904,cadence baseline,1.0
90,2,38,2031-09-17,X,Compact-object ToO reserve,Compact monitoring / ToO,Future KMTNet/LVK alert,1.8430379746835444,0.010970464135021098,reserved,1.0
90,2,38,2031-09-17,B,Nearest Stellar Systems Survey,Exoplanet nearest / HZ,EZ Aqr Ab,10.0,0.05952380952380952,target-visit MILP,1.0
90,2,38,2031-09-17,C,NEO optical blind survey,NEO blind survey / recovery,Dynamic ecliptic scan annulus,9.215189873417721,0.05485232067510548,blind survey,1.0
90,2,38,2031-09-17,C,NEO recovery ToO reserve,NEO blind survey / recovery,Future MPC alert,3.6860759493670887,0.021940928270042195,reserved,1.0
90,2,38,2031-09-17,OPS,General observatory overhead,Observatory maintenance / overhead,Operations and calibration,21.44846153846154,0.12766941391941394,indirect overhead,1.0
90,2,38,2031-09-17,OPS,L2 station keeping,Observatory maintenance / overhead,Spacecraft orbit,2.0,0.011904761904761904,maintenance,1.0
90,2,38,2031-09-17,OPS,Momentum unload,Observatory maintenance / overhead,Reaction wheels,3.0,0.017857142857142856,maintenance,1.0
90,2,38,2031-09-17,OPS,Wavefront sensing and control,Observatory maintenance / overhead,Segmented primary mirror,2.52,0.015,maintenance,1.0
90,2,38,2031-09-17,A,SN Ia time-domain cadence,SN Ia time domain,SN south,2.0,0.011904761904761904,cadence baseline,1.0
91,2,39,2031-09-24,X,AM CVn monitoring,Compact monitoring / ToO,ES Cet,0.75,0.004464285714285714,target-visit MILP,1.0
91,2,39,2031-09-24,X,AM CVn monitoring,Compact monitoring / ToO,V407 Vul,0.75,0.004464285714285714,target-visit MILP,1.0
91,2,39,2031-09-24,X,Compact-object ToO reserve,Compact monitoring / ToO,Future KMTNet/LVK alert,1.8430379746835444,0.010970464135021098,reserved,1.0
91,2,39,2031-09-24,X,Dwarf-nova population,Compact monitoring / ToO,SS Aur,0.75,0.004464285714285714,target-visit MILP,0.5714285714285714
91,2,39,2031-09-24,B,Nearest FGK HZ Systems Survey,Exoplanet nearest / HZ,zet Dor,19.289362039661423,0.11481763118846085,target-visit MILP,1.0
91,2,39,2031-09-24,B,Nearest FGK HZ Systems Survey,Exoplanet nearest / HZ,zet Dor,19.289362039661423,0.11481763118846085,target-visit MILP,1.0
91,2,39,2031-09-24,B,Nearest FGK HZ Systems Survey,Exoplanet nearest / HZ,zet Dor,19.289362039661423,0.11481763118846085,target-visit MILP,1.0
91,2,39,2031-09-24,C,NEO optical blind survey,NEO blind survey / recovery,Dynamic ecliptic scan annulus,9.215189873417721,0.05485232067510548,blind survey,1.0
91,2,39,2031-09-24,C,NEO recovery ToO reserve,NEO blind survey / recovery,Future MPC alert,3.6860759493670887,0.021940928270042195,reserved,1.0
91,2,39,2031-09-24,OPS,General observatory overhead,Observatory maintenance / overhead,Operations and calibration,21.44846153846154,0.12766941391941394,indirect overhead,1.0
91,2,39,2031-09-24,OPS,Quarterly calibration block,Observatory maintenance / overhead,Instruments and reference fields,24.0,0.14285714285714285,maintenance,1.0
91,2,39,2031-09-24,OPS,Wavefront sensing and control,Observatory maintenance / overhead,Segmented primary mirror,2.52,0.015,maintenance,1.0
91,2,39,2031-09-24,A,SN Ia time-domain cadence,SN Ia time domain,SN south,2.0,0.011904761904761904,cadence baseline,1.0
92,2,40,2031-10-01,X,AM CVn monitoring,Compact monitoring / ToO,V407 Vul,0.75,0.004464285714285714,target-visit MILP,1.0
92,2,40,2031-10-01,X,Compact-object ToO reserve,Compact monitoring / ToO,Future KMTNet/LVK alert,1.8430379746835444,0.010970464135021098,reserved,1.0
92,2,40,2031-10-01,X,Dwarf-nova intensive,Compact monitoring / ToO,VW Hyi,0.375,0.002232142857142857,target-visit MILP,1.0
92,2,40,2031-10-01,X,Dwarf-nova intensive,Compact monitoring / ToO,WZ Sge,0.375,0.002232142857142857,target-visit MILP,1.0
92,2,40,2031-10-01,B,Nearest FGK HZ Systems Survey,Exoplanet nearest / HZ,zet Dor,19.289362039661423,0.11481763118846085,target-visit MILP,1.0
92,2,40,2031-10-01,C,NEO optical blind survey,NEO blind survey / recovery,Dynamic ecliptic scan annulus,9.215189873417721,0.05485232067510548,blind survey,1.0
92,2,40,2031-10-01,C,NEO recovery ToO reserve,NEO blind survey / recovery,Future MPC alert,3.6860759493670887,0.021940928270042195,reserved,1.0
92,2,40,2031-10-01,OPS,General observatory overhead,Observatory maintenance / overhead,Operations and calibration,21.44846153846154,0.12766941391941394,indirect overhead,1.0
92,2,40,2031-10-01,OPS,Wavefront sensing and control,Observatory maintenance / overhead,Segmented primary mirror,2.52,0.015,maintenance,1.0
92,2,40,2031-10-01,A,SN Ia time-domain cadence,SN Ia time domain,SN south,2.0,0.011904761904761904,cadence baseline,1.0
93,2,41,2031-10-08,X,AM CVn monitoring,Compact monitoring / ToO,KL Dra,0.75,0.004464285714285714,target-visit MILP,1.0
93,2,41,2031-10-08,X,Compact-object ToO reserve,Compact monitoring / ToO,Future KMTNet/LVK alert,1.8430379746835444,0.010970464135021098,reserved,1.0
93,2,41,2031-10-08,X,Dwarf-nova intensive,Compact monitoring / ToO,Z Cam,0.375,0.002232142857142857,target-visit MILP,0.5714285714285714
93,2,41,2031-10-08,B,Nearest FGK HZ Systems Survey,Exoplanet nearest / HZ,lam Aur,19.50590926156399,0.1161066027474047,target-visit MILP,1.0
93,2,41,2031-10-08,B,Nearest FGK HZ Systems Survey,Exoplanet nearest / HZ,lam Aur,19.50590926156399,0.1161066027474047,target-visit MILP,1.0
93,2,41,2031-10-08,B,Nearest FGK HZ Systems Survey,Exoplanet nearest / HZ,lam Aur,19.50590926156399,0.1161066027474047,target-visit MILP,1.0
93,2,41,2031-10-08,C,NEO optical blind survey,NEO blind survey / recovery,Dynamic ecliptic scan annulus,9.215189873417721,0.05485232067510548,blind survey,1.0
93,2,41,2031-10-08,C,NEO recovery ToO reserve,NEO blind survey / recovery,Future MPC alert,3.6860759493670887,0.021940928270042195,reserved,1.0
93,2,41,2031-10-08,OPS,General observatory overhead,Observatory maintenance / overhead,Operations and calibration,21.44846153846154,0.12766941391941394,indirect overhead,1.0
93,2,41,2031-10-08,OPS,L2 station keeping,Observatory maintenance / overhead,Spacecraft orbit,2.0,0.011904761904761904,maintenance,1.0
93,2,41,2031-10-08,OPS,Wavefront sensing and control,Observatory maintenance / overhead,Segmented primary mirror,2.52,0.015,maintenance,1.0
93,2,41,2031-10-08,A,SN Ia time-domain cadence,SN Ia time domain,SN south,2.0,0.011904761904761904,cadence baseline,1.0
94,2,42,2031-10-15,X,AM CVn monitoring,Compact monitoring / ToO,V407 Vul,0.75,0.004464285714285714,target-visit MILP,0.7142857142857143
94,2,42,2031-10-15,X,Compact-object ToO reserve,Compact monitoring / ToO,Future KMTNet/LVK alert,1.8430379746835444,0.010970464135021098,reserved,1.0
94,2,42,2031-10-15,X,Dwarf-nova intensive,Compact monitoring / ToO,SU UMa,0.375,0.002232142857142857,target-visit MILP,1.0
94,2,42,2031-10-15,X,Dwarf-nova intensive,Compact monitoring / ToO,SU UMa,0.375,0.002232142857142857,target-visit MILP,1.0
94,2,42,2031-10-15,X,Dwarf-nova intensive,Compact monitoring / ToO,VW Hyi,0.375,0.002232142857142857,target-visit MILP,1.0
94,2,42,2031-10-15,X,Dwarf-nova intensive,Compact monitoring / ToO,VW Hyi,0.375,0.002232142857142857,target-visit MILP,1.0
94,2,42,2031-10-15,X,Dwarf-nova intensive,Compact monitoring / ToO,WZ Sge,0.375,0.002232142857142857,target-visit MILP,1.0
94,2,42,2031-10-15,X,Dwarf-nova intensive,Compact monitoring / ToO,Z Cam,0.375,0.002232142857142857,target-visit MILP,1.0
94,2,42,2031-10-15,X,Dwarf-nova population,Compact monitoring / ToO,VW Vul,0.75,0.004464285714285714,target-visit MILP,1.0
94,2,42,2031-10-15,X,Dwarf-nova population,Compact monitoring / ToO,VY Aqr,0.75,0.004464285714285714,target-visit MILP,1.0
94,2,42,2031-10-15,X,Dwarf-nova population,Compact monitoring / ToO,VY Aqr,0.75,0.004464285714285714,target-visit MILP,1.0
94,2,42,2031-10-15,B,Nearest FGK HZ Systems Survey,Exoplanet nearest / HZ,zet Dor,19.289362039661423,0.11481763118846085,target-visit MILP,1.0
94,2,42,2031-10-15,B,Nearest Stellar Systems Survey,Exoplanet nearest / HZ,BL Ceti,10.0,0.05952380952380952,target-visit MILP,1.0
94,2,42,2031-10-15,C,NEO optical blind survey,NEO blind survey / recovery,Dynamic ecliptic scan annulus,9.215189873417721,0.05485232067510548,blind survey,1.0
94,2,42,2031-10-15,C,NEO recovery ToO reserve,NEO blind survey / recovery,Future MPC alert,3.6860759493670887,0.021940928270042195,reserved,1.0
94,2,42,2031-10-15,OPS,General observatory overhead,Observatory maintenance / overhead,Operations and calibration,21.44846153846154,0.12766941391941394,indirect overhead,1.0
94,2,42,2031-10-15,OPS,Wavefront sensing and control,Observatory maintenance / overhead,Segmented primary mirror,2.52,0.015,maintenance,1.0
94,2,42,2031-10-15,A,SN Ia time-domain cadence,SN Ia time domain,SN south,2.0,0.011904761904761904,cadence baseline,1.0
95,2,43,2031-10-22,DDT,Director discretionary time,Director discretionary time,Director-controlled observations,144.03153846153845,0.857330586080586,director reserve,1.0
95,2,43,2031-10-22,OPS,General observatory overhead,Observatory maintenance / overhead,Operations and calibration,21.44846153846154,0.12766941391941394,indirect overhead,1.0
95,2,43,2031-10-22,OPS,Wavefront sensing and control,Observatory maintenance / overhead,Segmented primary mirror,2.52,0.015,maintenance,1.0
96,2,44,2031-10-29,DDT,Director discretionary time,Director discretionary time,Director-controlled observations,139.03153846153845,0.8275686813186812,director reserve,1.0
96,2,44,2031-10-29,OPS,General observatory overhead,Observatory maintenance / overhead,Operations and calibration,21.44846153846154,0.12766941391941394,indirect overhead,1.0
96,2,44,2031-10-29,OPS,L2 station keeping,Observatory maintenance / overhead,Spacecraft orbit,2.0,0.011904761904761904,maintenance,1.0
96,2,44,2031-10-29,OPS,Momentum unload,Observatory maintenance / overhead,Reaction wheels,3.0,0.017857142857142856,maintenance,1.0
96,2,44,2031-10-29,OPS,Wavefront sensing and control,Observatory maintenance / overhead,Segmented primary mirror,2.52,0.015,maintenance,1.0
97,2,45,2031-11-05,X,AM CVn monitoring,Compact monitoring / ToO,ES Cet,0.75,0.004464285714285714,target-visit MILP,1.0
97,2,45,2031-11-05,X,AM CVn monitoring,Compact monitoring / ToO,KL Dra,0.75,0.004464285714285714,target-visit MILP,1.0
97,2,45,2031-11-05,X,Compact-object ToO reserve,Compact monitoring / ToO,Future KMTNet/LVK alert,1.8430379746835444,0.010970464135021098,reserved,1.0
97,2,45,2031-11-05,X,Dwarf-nova intensive,Compact monitoring / ToO,RU Peg,0.375,0.002232142857142857,target-visit MILP,1.0
97,2,45,2031-11-05,X,Dwarf-nova intensive,Compact monitoring / ToO,SU UMa,0.375,0.002232142857142857,target-visit MILP,1.0
97,2,45,2031-11-05,X,Dwarf-nova intensive,Compact monitoring / ToO,Z Cam,0.375,0.002232142857142857,target-visit MILP,1.0
97,2,45,2031-11-05,X,Dwarf-nova population,Compact monitoring / ToO,SS Aur,0.75,0.004464285714285714,target-visit MILP,1.0
97,2,45,2031-11-05,A,Wide ELG BAO/RSD,ELG wide South,SXDS south,15.25,0.09077380952380952,continuous LP,1.0
97,2,45,2031-11-05,C,NEO optical blind survey,NEO blind survey / recovery,Dynamic ecliptic scan annulus,9.215189873417721,0.05485232067510548,blind survey,1.0
97,2,45,2031-11-05,C,NEO recovery ToO reserve,NEO blind survey / recovery,Future MPC alert,3.6860759493670887,0.021940928270042195,reserved,1.0
97,2,45,2031-11-05,OPS,General observatory overhead,Observatory maintenance / overhead,Operations and calibration,21.44846153846154,0.12766941391941394,indirect overhead,1.0
97,2,45,2031-11-05,OPS,Wavefront sensing and control,Observatory maintenance / overhead,Segmented primary mirror,2.52,0.015,maintenance,1.0
97,2,45,2031-11-05,A,SN Ia time-domain cadence,SN Ia time domain,SN south,2.0,0.011904761904761904,cadence baseline,1.0
98,2,46,2031-11-12,X,AM CVn monitoring,Compact monitoring / ToO,KL Dra,0.75,0.004464285714285714,target-visit MILP,1.0
98,2,46,2031-11-12,X,Compact-object ToO reserve,Compact monitoring / ToO,Future KMTNet/LVK alert,1.8430379746835444,0.010970464135021098,reserved,1.0
98,2,46,2031-11-12,X,Dwarf-nova intensive,Compact monitoring / ToO,SS Cyg,0.375,0.002232142857142857,target-visit MILP,1.0
98,2,46,2031-11-12,X,Dwarf-nova population,Compact monitoring / ToO,ER UMa,0.75,0.004464285714285714,target-visit MILP,1.0
98,2,46,2031-11-12,X,Dwarf-nova population,Compact monitoring / ToO,ER UMa,0.75,0.004464285714285714,target-visit MILP,1.0
98,2,46,2031-11-12,X,Dwarf-nova population,Compact monitoring / ToO,YZ Cnc,0.75,0.004464285714285714,target-visit MILP,1.0
98,2,46,2031-11-12,X,Dwarf-nova population,Compact monitoring / ToO,YZ Cnc,0.75,0.004464285714285714,target-visit MILP,1.0
98,2,46,2031-11-12,X,Dwarf-nova population,Compact monitoring / ToO,YZ Cnc,0.75,0.004464285714285714,target-visit MILP,1.0
98,2,46,2031-11-12,A,Wide ELG BAO/RSD,ELG wide South,SXDS south,36.0,0.21428571428571427,continuous LP,1.0
98,2,46,2031-11-12,C,NEO optical blind survey,NEO blind survey / recovery,Dynamic ecliptic scan annulus,9.215189873417721,0.05485232067510548,blind survey,1.0
98,2,46,2031-11-12,C,NEO recovery ToO reserve,NEO blind survey / recovery,Future MPC alert,3.6860759493670887,0.021940928270042195,reserved,1.0
98,2,46,2031-11-12,OPS,General observatory overhead,Observatory maintenance / overhead,Operations and calibration,21.44846153846154,0.12766941391941394,indirect overhead,1.0
98,2,46,2031-11-12,OPS,Wavefront sensing and control,Observatory maintenance / overhead,Segmented primary mirror,2.52,0.015,maintenance,1.0
98,2,46,2031-11-12,A,SN Ia time-domain cadence,SN Ia time domain,SN south,2.0,0.011904761904761904,cadence baseline,1.0
99,2,47,2031-11-19,X,AM CVn monitoring,Compact monitoring / ToO,HM Cnc,0.75,0.004464285714285714,target-visit MILP,1.0
99,2,47,2031-11-19,X,AM CVn monitoring,Compact monitoring / ToO,KL Dra,0.75,0.004464285714285714,target-visit MILP,1.0
99,2,47,2031-11-19,X,Compact-object ToO reserve,Compact monitoring / ToO,Future KMTNet/LVK alert,1.8430379746835444,0.010970464135021098,reserved,1.0
99,2,47,2031-11-19,X,Dwarf-nova intensive,Compact monitoring / ToO,U Gem,0.375,0.002232142857142857,target-visit MILP,1.0
99,2,47,2031-11-19,X,Dwarf-nova population,Compact monitoring / ToO,RX And,0.75,0.004464285714285714,target-visit MILP,1.0
99,2,47,2031-11-19,X,Dwarf-nova population,Compact monitoring / ToO,RX And,0.75,0.004464285714285714,target-visit MILP,1.0
99,2,47,2031-11-19,X,Dwarf-nova population,Compact monitoring / ToO,SS Aur,0.75,0.004464285714285714,target-visit MILP,1.0
99,2,47,2031-11-19,A,Medium/deep ELG tiers,Deep / imaging calibration,SXDS south,16.5,0.09821428571428571,continuous LP,1.0
99,2,47,2031-11-19,A,Wide ELG BAO/RSD,ELG wide South,SXDS south,36.0,0.21428571428571427,continuous LP,1.0
99,2,47,2031-11-19,B,First-light known giants,Exoplanet giants / disks,47 UMa c,16.666666666666668,0.09920634920634921,target-visit MILP,0.42857142857142855
99,2,47,2031-11-19,B,First-light known giants,Exoplanet giants / disks,HD 219134 h,16.666666666666668,0.09920634920634921,target-visit MILP,1.0
99,2,47,2031-11-19,C,NEO optical blind survey,NEO blind survey / recovery,Dynamic ecliptic scan annulus,9.215189873417721,0.05485232067510548,blind survey,1.0
99,2,47,2031-11-19,C,NEO recovery ToO reserve,NEO blind survey / recovery,Future MPC alert,3.6860759493670887,0.021940928270042195,reserved,1.0
99,2,47,2031-11-19,OPS,General observatory overhead,Observatory maintenance / overhead,Operations and calibration,21.44846153846154,0.12766941391941394,indirect overhead,1.0
99,2,47,2031-11-19,OPS,L2 station keeping,Observatory maintenance / overhead,Spacecraft orbit,2.0,0.011904761904761904,maintenance,1.0
99,2,47,2031-11-19,OPS,Wavefront sensing and control,Observatory maintenance / overhead,Segmented primary mirror,2.52,0.015,maintenance,1.0
99,2,47,2031-11-19,A,SN Ia time-domain cadence,SN Ia time domain,SN south,2.0,0.011904761904761904,cadence baseline,1.0
100,2,48,2031-11-26,X,Compact-object ToO reserve,Compact monitoring / ToO,Future KMTNet/LVK alert,1.8430379746835444,0.010970464135021098,reserved,1.0
100,2,48,2031-11-26,X,Dwarf-nova intensive,Compact monitoring / ToO,RU Peg,0.375,0.002232142857142857,target-visit MILP,1.0
100,2,48,2031-11-26,X,Dwarf-nova intensive,Compact monitoring / ToO,U Gem,0.375,0.002232142857142857,target-visit MILP,1.0
100,2,48,2031-11-26,X,Dwarf-nova population,Compact monitoring / ToO,RX And,0.75,0.004464285714285714,target-visit MILP,1.0
100,2,48,2031-11-26,A,Medium/deep ELG tiers,Deep / imaging calibration,SXDS south,24.0,0.14285714285714285,continuous LP,1.0
100,2,48,2031-11-26,A,Wide ELG BAO/RSD,ELG wide South,SXDS south,36.0,0.21428571428571427,continuous LP,1.0
100,2,48,2031-11-26,B,First-light known giants,Exoplanet giants / disks,GJ 414 A c,16.666666666666668,0.09920634920634921,target-visit MILP,0.42857142857142855
100,2,48,2031-11-26,B,Nearest FGK HZ Systems Survey,Exoplanet nearest / HZ,36 UMa,18.28124011602197,0.10881690545251173,target-visit MILP,1.0
100,2,48,2031-11-26,B,Nearest FGK HZ Systems Survey,Exoplanet nearest / HZ,36 UMa,18.28124011602197,0.10881690545251173,target-visit MILP,1.0
100,2,48,2031-11-26,C,NEO optical blind survey,NEO blind survey / recovery,Dynamic ecliptic scan annulus,9.215189873417721,0.05485232067510548,blind survey,1.0
100,2,48,2031-11-26,C,NEO recovery ToO reserve,NEO blind survey / recovery,Future MPC alert,3.6860759493670887,0.021940928270042195,reserved,1.0
100,2,48,2031-11-26,OPS,General observatory overhead,Observatory maintenance / overhead,Operations and calibration,21.44846153846154,0.12766941391941394,indirect overhead,1.0
100,2,48,2031-11-26,OPS,Wavefront sensing and control,Observatory maintenance / overhead,Segmented primary mirror,2.52,0.015,maintenance,1.0
100,2,48,2031-11-26,A,SN Ia time-domain cadence,SN Ia time domain,SN south,2.0,0.011904761904761904,cadence baseline,1.0
101,2,49,2031-12-03,X,AM CVn monitoring,Compact monitoring / ToO,ES Cet,0.75,0.004464285714285714,target-visit MILP,1.0
101,2,49,2031-12-03,X,Compact-object ToO reserve,Compact monitoring / ToO,Future KMTNet/LVK alert,1.8430379746835444,0.010970464135021098,reserved,1.0
101,2,49,2031-12-03,X,Dwarf-nova intensive,Compact monitoring / ToO,SU UMa,0.375,0.002232142857142857,target-visit MILP,1.0
101,2,49,2031-12-03,X,Dwarf-nova intensive,Compact monitoring / ToO,Z Cam,0.375,0.002232142857142857,target-visit MILP,1.0
101,2,49,2031-12-03,A,Medium/deep ELG tiers,Deep / imaging calibration,SXDS south,24.0,0.14285714285714285,continuous LP,1.0
101,2,49,2031-12-03,A,Wide ELG BAO/RSD,ELG wide South,SXDS south,36.0,0.21428571428571427,continuous LP,1.0
101,2,49,2031-12-03,B,Nearest FGK HZ Systems Survey,Exoplanet nearest / HZ,zet Dor,19.289362039661423,0.11481763118846085,target-visit MILP,1.0
101,2,49,2031-12-03,B,Nearest FGK HZ Systems Survey,Exoplanet nearest / HZ,zet Dor,19.289362039661423,0.11481763118846085,target-visit MILP,1.0
101,2,49,2031-12-03,C,NEO optical blind survey,NEO blind survey / recovery,Dynamic ecliptic scan annulus,9.215189873417721,0.05485232067510548,blind survey,1.0
101,2,49,2031-12-03,C,NEO recovery ToO reserve,NEO blind survey / recovery,Future MPC alert,3.6860759493670887,0.021940928270042195,reserved,1.0
101,2,49,2031-12-03,OPS,General observatory overhead,Observatory maintenance / overhead,Operations and calibration,21.44846153846154,0.12766941391941394,indirect overhead,1.0
101,2,49,2031-12-03,OPS,Wavefront sensing and control,Observatory maintenance / overhead,Segmented primary mirror,2.52,0.015,maintenance,1.0
101,2,49,2031-12-03,A,SN Ia time-domain cadence,SN Ia time domain,SN south,2.0,0.011904761904761904,cadence baseline,1.0
102,2,50,2031-12-10,X,AM CVn monitoring,Compact monitoring / ToO,AM CVn,0.75,0.004464285714285714,target-visit MILP,0.42857142857142855
102,2,50,2031-12-10,X,AM CVn monitoring,Compact monitoring / ToO,ES Cet,0.75,0.004464285714285714,target-visit MILP,1.0
102,2,50,2031-12-10,X,Compact-object ToO reserve,Compact monitoring / ToO,Future KMTNet/LVK alert,1.8430379746835444,0.010970464135021098,reserved,1.0
102,2,50,2031-12-10,X,Dwarf-nova intensive,Compact monitoring / ToO,SS Cyg,0.375,0.002232142857142857,target-visit MILP,0.5714285714285714
102,2,50,2031-12-10,X,Dwarf-nova intensive,Compact monitoring / ToO,U Gem,0.375,0.002232142857142857,target-visit MILP,1.0
102,2,50,2031-12-10,X,Dwarf-nova population,Compact monitoring / ToO,SS Aur,0.75,0.004464285714285714,target-visit MILP,1.0
102,2,50,2031-12-10,A,Medium/deep ELG tiers,Deep / imaging calibration,SXDS south,24.0,0.14285714285714285,continuous LP,1.0
102,2,50,2031-12-10,A,Wide ELG BAO/RSD,ELG wide South,SXDS south,36.0,0.21428571428571427,continuous LP,1.0
102,2,50,2031-12-10,B,Nearest Stellar Systems Survey,Exoplanet nearest / HZ,Wolf 359,10.0,0.05952380952380952,target-visit MILP,1.0
102,2,50,2031-12-10,C,NEO optical blind survey,NEO blind survey / recovery,Dynamic ecliptic scan annulus,9.215189873417721,0.05485232067510548,blind survey,1.0
102,2,50,2031-12-10,C,NEO recovery ToO reserve,NEO blind survey / recovery,Future MPC alert,3.6860759493670887,0.021940928270042195,reserved,1.0
102,2,50,2031-12-10,OPS,General observatory overhead,Observatory maintenance / overhead,Operations and calibration,21.44846153846154,0.12766941391941394,indirect overhead,1.0
102,2,50,2031-12-10,OPS,L2 station keeping,Observatory maintenance / overhead,Spacecraft orbit,2.0,0.011904761904761904,maintenance,1.0
102,2,50,2031-12-10,OPS,Momentum unload,Observatory maintenance / overhead,Reaction wheels,3.0,0.017857142857142856,maintenance,1.0
102,2,50,2031-12-10,OPS,Wavefront sensing and control,Observatory maintenance / overhead,Segmented primary mirror,2.52,0.015,maintenance,1.0
102,2,50,2031-12-10,A,SN Ia time-domain cadence,SN Ia time domain,SN south,2.0,0.011904761904761904,cadence baseline,1.0
103,2,51,2031-12-17,X,Compact-object ToO reserve,Compact monitoring / ToO,Future KMTNet/LVK alert,1.8430379746835444,0.010970464135021098,reserved,1.0
103,2,51,2031-12-17,A,Medium/deep ELG tiers,Deep / imaging calibration,SXDS south,24.0,0.14285714285714285,continuous LP,1.0
103,2,51,2031-12-17,A,Wide ELG BAO/RSD,ELG wide South,SXDS south,36.0,0.21428571428571427,continuous LP,1.0
103,2,51,2031-12-17,B,Nearest FGK HZ Systems Survey,Exoplanet nearest / HZ,36 UMa,18.28124011602197,0.10881690545251173,target-visit MILP,1.0
103,2,51,2031-12-17,B,Nearest FGK HZ Systems Survey,Exoplanet nearest / HZ,lam Aur,19.50590926156399,0.1161066027474047,target-visit MILP,1.0
103,2,51,2031-12-17,C,NEO optical blind survey,NEO blind survey / recovery,Dynamic ecliptic scan annulus,9.215189873417721,0.05485232067510548,blind survey,1.0
103,2,51,2031-12-17,C,NEO recovery ToO reserve,NEO blind survey / recovery,Future MPC alert,3.6860759493670887,0.021940928270042195,reserved,1.0
103,2,51,2031-12-17,OPS,General observatory overhead,Observatory maintenance / overhead,Operations and calibration,21.44846153846154,0.12766941391941394,indirect overhead,1.0
103,2,51,2031-12-17,OPS,Wavefront sensing and control,Observatory maintenance / overhead,Segmented primary mirror,2.52,0.015,maintenance,1.0
103,2,51,2031-12-17,A,SN Ia time-domain cadence,SN Ia time domain,SN south,2.0,0.011904761904761904,cadence baseline,1.0
104,2,52,2031-12-24,X,AM CVn monitoring,Compact monitoring / ToO,AM CVn,0.75,0.004464285714285714,target-visit MILP,1.0
104,2,52,2031-12-24,X,Compact-object ToO reserve,Compact monitoring / ToO,Future KMTNet/LVK alert,1.8430379746835444,0.010970464135021098,reserved,1.0
104,2,52,2031-12-24,X,Dwarf-nova population,Compact monitoring / ToO,HT Cas,0.75,0.004464285714285714,target-visit MILP,1.0
104,2,52,2031-12-24,B,Nearest FGK HZ Systems Survey,Exoplanet nearest / HZ,36 UMa,18.28124011602197,0.10881690545251173,target-visit MILP,1.0
104,2,52,2031-12-24,B,Nearest FGK HZ Systems Survey,Exoplanet nearest / HZ,kap01 Cet,16.831312877344757,0.10018638617467117,target-visit MILP,1.0
104,2,52,2031-12-24,B,Nearest Stellar Systems Survey,Exoplanet nearest / HZ,UV Ceti,10.0,0.05952380952380952,target-visit MILP,1.0
104,2,52,2031-12-24,C,NEO optical blind survey,NEO blind survey / recovery,Dynamic ecliptic scan annulus,9.215189873417721,0.05485232067510548,blind survey,1.0
104,2,52,2031-12-24,C,NEO recovery ToO reserve,NEO blind survey / recovery,Future MPC alert,3.6860759493670887,0.021940928270042195,reserved,1.0
104,2,52,2031-12-24,OPS,General observatory overhead,Observatory maintenance / overhead,Operations and calibration,21.44846153846154,0.12766941391941394,indirect overhead,1.0
104,2,52,2031-12-24,OPS,Quarterly calibration block,Observatory maintenance / overhead,Instruments and reference fields,24.0,0.14285714285714285,maintenance,1.0
104,2,52,2031-12-24,OPS,Wavefront sensing and control,Observatory maintenance / overhead,Segmented primary mirror,2.52,0.015,maintenance,1.0
104,2,52,2031-12-24,A,SN Ia time-domain cadence,SN Ia time domain,SN south,2.0,0.011904761904761904,cadence baseline,1.0
105,3,1,2032-01-01,X,Compact-object ToO reserve,Compact monitoring / ToO,Future KMTNet/LVK alert,1.8430379746835444,0.010970464135021098,reserved,1.0
105,3,1,2032-01-01,B,First-light known giants,Exoplanet giants / disks,GJ 414 A c,16.666666666666668,0.09920634920634921,target-visit MILP,1.0
105,3,1,2032-01-01,B,Mature-giant search program,Exoplanet giants / disks,HD 21197,13.986013986013987,0.08325008325008325,target-visit MILP,1.0
105,3,1,2032-01-01,C,NEO optical blind survey,NEO blind survey / recovery,Dynamic ecliptic scan annulus,9.215189873417721,0.05485232067510548,blind survey,1.0
105,3,1,2032-01-01,C,NEO recovery ToO reserve,NEO blind survey / recovery,Future MPC alert,3.6860759493670887,0.021940928270042195,reserved,1.0
105,3,1,2032-01-01,OPS,General observatory overhead,Observatory maintenance / overhead,Operations and calibration,21.44846153846154,0.12766941391941394,indirect overhead,1.0
105,3,1,2032-01-01,OPS,L2 station keeping,Observatory maintenance / overhead,Spacecraft orbit,2.0,0.011904761904761904,maintenance,1.0
105,3,1,2032-01-01,OPS,Wavefront sensing and control,Observatory maintenance / overhead,Segmented primary mirror,2.52,0.015,maintenance,1.0
105,3,1,2032-01-01,A,SN Ia time-domain cadence,SN Ia time domain,SN south,2.0,0.011904761904761904,cadence baseline,1.0
106,3,2,2032-01-08,X,Compact-object ToO reserve,Compact monitoring / ToO,Future KMTNet/LVK alert,1.8430379746835444,0.010970464135021098,reserved,1.0
106,3,2,2032-01-08,B,First-light known giants,Exoplanet giants / disks,HD 219134 h,16.666666666666668,0.09920634920634921,target-visit MILP,1.0
106,3,2,2032-01-08,B,Mature-giant search program,Exoplanet giants / disks,HD 28343,13.986013986013987,0.08325008325008325,target-visit MILP,1.0
106,3,2,2032-01-08,C,NEO optical blind survey,NEO blind survey / recovery,Dynamic ecliptic scan annulus,9.215189873417721,0.05485232067510548,blind survey,1.0
106,3,2,2032-01-08,C,NEO recovery ToO reserve,NEO blind survey / recovery,Future MPC alert,3.6860759493670887,0.021940928270042195,reserved,1.0
106,3,2,2032-01-08,OPS,General observatory overhead,Observatory maintenance / overhead,Operations and calibration,21.44846153846154,0.12766941391941394,indirect overhead,1.0
106,3,2,2032-01-08,OPS,Wavefront sensing and control,Observatory maintenance / overhead,Segmented primary mirror,2.52,0.015,maintenance,1.0
106,3,2,2032-01-08,A,SN Ia time-domain cadence,SN Ia time domain,SN north,2.0,0.011904761904761904,cadence baseline,0.5714285714285714
106,3,2,2032-01-08,A,SN Ia time-domain cadence,SN Ia time domain,SN south,2.0,0.011904761904761904,cadence baseline,1.0
107,3,3,2032-01-15,X,AM CVn monitoring,Compact monitoring / ToO,CE 315,0.75,0.004464285714285714,target-visit MILP,0.7142857142857143
107,3,3,2032-01-15,X,AM CVn monitoring,Compact monitoring / ToO,CR Boo,0.75,0.004464285714285714,target-visit MILP,1.0
107,3,3,2032-01-15,X,AM CVn monitoring,Compact monitoring / ToO,GP Com,0.75,0.004464285714285714,target-visit MILP,1.0
107,3,3,2032-01-15,X,AM CVn monitoring,Compact monitoring / ToO,HM Cnc,0.75,0.004464285714285714,target-visit MILP,1.0
107,3,3,2032-01-15,X,Compact-object ToO reserve,Compact monitoring / ToO,Future KMTNet/LVK alert,1.8430379746835444,0.010970464135021098,reserved,1.0
107,3,3,2032-01-15,C,NEO optical blind survey,NEO blind survey / recovery,Dynamic ecliptic scan annulus,9.215189873417721,0.05485232067510548,blind survey,1.0
107,3,3,2032-01-15,C,NEO recovery ToO reserve,NEO blind survey / recovery,Future MPC alert,3.6860759493670887,0.021940928270042195,reserved,1.0
107,3,3,2032-01-15,OPS,General observatory overhead,Observatory maintenance / overhead,Operations and calibration,21.44846153846154,0.12766941391941394,indirect overhead,1.0
107,3,3,2032-01-15,OPS,Wavefront sensing and control,Observatory maintenance / overhead,Segmented primary mirror,2.52,0.015,maintenance,1.0
107,3,3,2032-01-15,A,SN Ia time-domain cadence,SN Ia time domain,SN north,2.0,0.011904761904761904,cadence baseline,1.0
107,3,3,2032-01-15,A,SN Ia time-domain cadence,SN Ia time domain,SN south,2.0,0.011904761904761904,cadence baseline,0.42857142857142855
108,3,4,2032-01-22,X,Compact-object ToO reserve,Compact monitoring / ToO,Future KMTNet/LVK alert,1.8430379746835444,0.010970464135021098,reserved,1.0
108,3,4,2032-01-22,B,Giant orbit determination,Exoplanet giants / disks,47 UMa c,14.814814814814815,0.08818342151675485,target-visit MILP,1.0
108,3,4,2032-01-22,B,Mature-giant search program,Exoplanet giants / disks,58 Eri,13.986013986013987,0.08325008325008325,target-visit MILP,1.0
108,3,4,2032-01-22,B,Mature-giant search program,Exoplanet giants / disks,zet Dor,13.986013986013987,0.08325008325008325,target-visit MILP,1.0
108,3,4,2032-01-22,C,NEO optical blind survey,NEO blind survey / recovery,Dynamic ecliptic scan annulus,9.215189873417721,0.05485232067510548,blind survey,1.0
108,3,4,2032-01-22,C,NEO recovery ToO reserve,NEO blind survey / recovery,Future MPC alert,3.6860759493670887,0.021940928270042195,reserved,1.0
108,3,4,2032-01-22,OPS,General observatory overhead,Observatory maintenance / overhead,Operations and calibration,21.44846153846154,0.12766941391941394,indirect overhead,1.0
108,3,4,2032-01-22,OPS,L2 station keeping,Observatory maintenance / overhead,Spacecraft orbit,2.0,0.011904761904761904,maintenance,1.0
108,3,4,2032-01-22,OPS,Momentum unload,Observatory maintenance / overhead,Reaction wheels,3.0,0.017857142857142856,maintenance,1.0
108,3,4,2032-01-22,OPS,Wavefront sensing and control,Observatory maintenance / overhead,Segmented primary mirror,2.52,0.015,maintenance,1.0
108,3,4,2032-01-22,A,SN Ia time-domain cadence,SN Ia time domain,SN north,2.0,0.011904761904761904,cadence baseline,1.0
109,3,5,2032-01-29,X,AM CVn monitoring,Compact monitoring / ToO,HM Cnc,0.75,0.004464285714285714,target-visit MILP,1.0
109,3,5,2032-01-29,X,AM CVn monitoring,Compact monitoring / ToO,V803 Cen,0.75,0.004464285714285714,target-visit MILP,1.0
109,3,5,2032-01-29,X,Compact-object ToO reserve,Compact monitoring / ToO,Future KMTNet/LVK alert,1.8430379746835444,0.010970464135021098,reserved,1.0
109,3,5,2032-01-29,B,Giant orbit determination,Exoplanet giants / disks,47 UMa c,14.814814814814815,0.08818342151675485,target-visit MILP,1.0
109,3,5,2032-01-29,B,Mature-giant search program,Exoplanet giants / disks,HD 19305,13.986013986013987,0.08325008325008325,target-visit MILP,1.0
109,3,5,2032-01-29,C,NEO optical blind survey,NEO blind survey / recovery,Dynamic ecliptic scan annulus,9.215189873417721,0.05485232067510548,blind survey,1.0
109,3,5,2032-01-29,C,NEO recovery ToO reserve,NEO blind survey / recovery,Future MPC alert,3.6860759493670887,0.021940928270042195,reserved,1.0
109,3,5,2032-01-29,OPS,General observatory overhead,Observatory maintenance / overhead,Operations and calibration,21.44846153846154,0.12766941391941394,indirect overhead,1.0
109,3,5,2032-01-29,OPS,Wavefront sensing and control,Observatory maintenance / overhead,Segmented primary mirror,2.52,0.015,maintenance,1.0
109,3,5,2032-01-29,A,SN Ia time-domain cadence,SN Ia time domain,SN north,2.0,0.011904761904761904,cadence baseline,1.0
110,3,6,2032-02-05,X,AM CVn monitoring,Compact monitoring / ToO,CE 315,0.75,0.004464285714285714,target-visit MILP,1.0
110,3,6,2032-02-05,X,Compact-object ToO reserve,Compact monitoring / ToO,Future KMTNet/LVK alert,1.8430379746835444,0.010970464135021098,reserved,1.0
110,3,6,2032-02-05,B,Mature-giant search program,Exoplanet giants / disks,BD+63 137,13.986013986013987,0.08325008325008325,target-visit MILP,0.5714285714285714
110,3,6,2032-02-05,B,Mature-giant search program,Exoplanet giants / disks,HD 40307,13.986013986013987,0.08325008325008325,target-visit MILP,1.0
110,3,6,2032-02-05,B,Mature-giant search program,Exoplanet giants / disks,HD 72673,13.986013986013987,0.08325008325008325,target-visit MILP,1.0
110,3,6,2032-02-05,C,NEO optical blind survey,NEO blind survey / recovery,Dynamic ecliptic scan annulus,9.215189873417721,0.05485232067510548,blind survey,1.0
110,3,6,2032-02-05,C,NEO recovery ToO reserve,NEO blind survey / recovery,Future MPC alert,3.6860759493670887,0.021940928270042195,reserved,1.0
110,3,6,2032-02-05,OPS,General observatory overhead,Observatory maintenance / overhead,Operations and calibration,21.44846153846154,0.12766941391941394,indirect overhead,1.0
110,3,6,2032-02-05,OPS,Wavefront sensing and control,Observatory maintenance / overhead,Segmented primary mirror,2.52,0.015,maintenance,1.0
110,3,6,2032-02-05,A,SN Ia time-domain cadence,SN Ia time domain,SN north,2.0,0.011904761904761904,cadence baseline,1.0
111,3,7,2032-02-12,X,AM CVn monitoring,Compact monitoring / ToO,AM CVn,0.75,0.004464285714285714,target-visit MILP,1.0
111,3,7,2032-02-12,X,Compact-object ToO reserve,Compact monitoring / ToO,Future KMTNet/LVK alert,1.8430379746835444,0.010970464135021098,reserved,1.0
111,3,7,2032-02-12,B,Giant orbit determination,Exoplanet giants / disks,47 UMa c,14.814814814814815,0.08818342151675485,target-visit MILP,1.0
111,3,7,2032-02-12,B,Giant orbit determination,Exoplanet giants / disks,GJ 414 A c,14.814814814814815,0.08818342151675485,target-visit MILP,1.0
111,3,7,2032-02-12,C,NEO optical blind survey,NEO blind survey / recovery,Dynamic ecliptic scan annulus,9.215189873417721,0.05485232067510548,blind survey,1.0
111,3,7,2032-02-12,C,NEO recovery ToO reserve,NEO blind survey / recovery,Future MPC alert,3.6860759493670887,0.021940928270042195,reserved,1.0
111,3,7,2032-02-12,OPS,General observatory overhead,Observatory maintenance / overhead,Operations and calibration,21.44846153846154,0.12766941391941394,indirect overhead,1.0
111,3,7,2032-02-12,OPS,L2 station keeping,Observatory maintenance / overhead,Spacecraft orbit,2.0,0.011904761904761904,maintenance,1.0
111,3,7,2032-02-12,OPS,Wavefront sensing and control,Observatory maintenance / overhead,Segmented primary mirror,2.52,0.015,maintenance,1.0
111,3,7,2032-02-12,A,SN Ia time-domain cadence,SN Ia time domain,SN north,2.0,0.011904761904761904,cadence baseline,1.0
112,3,8,2032-02-19,X,AM CVn monitoring,Compact monitoring / ToO,CE 315,0.75,0.004464285714285714,target-visit MILP,1.0
112,3,8,2032-02-19,X,Compact-object ToO reserve,Compact monitoring / ToO,Future KMTNet/LVK alert,1.8430379746835444,0.010970464135021098,reserved,1.0
112,3,8,2032-02-19,B,First-light known giants,Exoplanet giants / disks,47 UMa b,16.666666666666668,0.09920634920634921,target-visit MILP,1.0
112,3,8,2032-02-19,B,Mature-giant search program,Exoplanet giants / disks,HD 103095,13.986013986013987,0.08325008325008325,target-visit MILP,1.0
112,3,8,2032-02-19,C,NEO optical blind survey,NEO blind survey / recovery,Dynamic ecliptic scan annulus,9.215189873417721,0.05485232067510548,blind survey,1.0
112,3,8,2032-02-19,C,NEO recovery ToO reserve,NEO blind survey / recovery,Future MPC alert,3.6860759493670887,0.021940928270042195,reserved,1.0
112,3,8,2032-02-19,OPS,General observatory overhead,Observatory maintenance / overhead,Operations and calibration,21.44846153846154,0.12766941391941394,indirect overhead,1.0
112,3,8,2032-02-19,OPS,Wavefront sensing and control,Observatory maintenance / overhead,Segmented primary mirror,2.52,0.015,maintenance,1.0
112,3,8,2032-02-19,A,SN Ia time-domain cadence,SN Ia time domain,SN north,2.0,0.011904761904761904,cadence baseline,1.0
113,3,9,2032-02-26,X,Compact-object ToO reserve,Compact monitoring / ToO,Future KMTNet/LVK alert,1.8430379746835444,0.010970464135021098,reserved,1.0
113,3,9,2032-02-26,B,Mature-giant search program,Exoplanet giants / disks,61 Vir,13.986013986013987,0.08325008325008325,target-visit MILP,1.0
113,3,9,2032-02-26,C,NEO optical blind survey,NEO blind survey / recovery,Dynamic ecliptic scan annulus,9.215189873417721,0.05485232067510548,blind survey,1.0
113,3,9,2032-02-26,C,NEO recovery ToO reserve,NEO blind survey / recovery,Future MPC alert,3.6860759493670887,0.021940928270042195,reserved,1.0
113,3,9,2032-02-26,OPS,General observatory overhead,Observatory maintenance / overhead,Operations and calibration,21.44846153846154,0.12766941391941394,indirect overhead,1.0
113,3,9,2032-02-26,OPS,Wavefront sensing and control,Observatory maintenance / overhead,Segmented primary mirror,2.52,0.015,maintenance,1.0
113,3,9,2032-02-26,A,SN Ia time-domain cadence,SN Ia time domain,SN north,2.0,0.011904761904761904,cadence baseline,1.0
114,3,10,2032-03-04,X,Compact-object ToO reserve,Compact monitoring / ToO,Future KMTNet/LVK alert,1.8430379746835444,0.010970464135021098,reserved,1.0
114,3,10,2032-03-04,B,First-light known giants,Exoplanet giants / disks,HD 147513 b,16.666666666666668,0.09920634920634921,target-visit MILP,1.0
114,3,10,2032-03-04,B,Giant orbit determination,Exoplanet giants / disks,47 UMa b,14.814814814814815,0.08818342151675485,target-visit MILP,1.0
114,3,10,2032-03-04,B,Giant orbit determination,Exoplanet giants / disks,GJ 414 A c,14.814814814814815,0.08818342151675485,target-visit MILP,1.0
114,3,10,2032-03-04,B,Mature-giant search program,Exoplanet giants / disks,HD 147379,13.986013986013987,0.08325008325008325,target-visit MILP,1.0
114,3,10,2032-03-04,B,Mature-giant search program,Exoplanet giants / disks,lam Ser,13.986013986013987,0.08325008325008325,target-visit MILP,1.0
114,3,10,2032-03-04,C,NEO optical blind survey,NEO blind survey / recovery,Dynamic ecliptic scan annulus,9.215189873417721,0.05485232067510548,blind survey,1.0
114,3,10,2032-03-04,C,NEO recovery ToO reserve,NEO blind survey / recovery,Future MPC alert,3.6860759493670887,0.021940928270042195,reserved,1.0
114,3,10,2032-03-04,OPS,General observatory overhead,Observatory maintenance / overhead,Operations and calibration,21.44846153846154,0.12766941391941394,indirect overhead,1.0
114,3,10,2032-03-04,OPS,L2 station keeping,Observatory maintenance / overhead,Spacecraft orbit,2.0,0.011904761904761904,maintenance,1.0
114,3,10,2032-03-04,OPS,Momentum unload,Observatory maintenance / overhead,Reaction wheels,3.0,0.017857142857142856,maintenance,1.0
114,3,10,2032-03-04,OPS,Wavefront sensing and control,Observatory maintenance / overhead,Segmented primary mirror,2.52,0.015,maintenance,1.0
114,3,10,2032-03-04,A,SN Ia time-domain cadence,SN Ia time domain,SN north,2.0,0.011904761904761904,cadence baseline,1.0
115,3,11,2032-03-11,X,AM CVn monitoring,Compact monitoring / ToO,GP Com,0.75,0.004464285714285714,target-visit MILP,1.0
115,3,11,2032-03-11,X,Compact-object ToO reserve,Compact monitoring / ToO,Future KMTNet/LVK alert,1.8430379746835444,0.010970464135021098,reserved,1.0
115,3,11,2032-03-11,B,First-light known giants,Exoplanet giants / disks,47 UMa b,16.666666666666668,0.09920634920634921,target-visit MILP,1.0
115,3,11,2032-03-11,C,NEO optical blind survey,NEO blind survey / recovery,Dynamic ecliptic scan annulus,9.215189873417721,0.05485232067510548,blind survey,1.0
115,3,11,2032-03-11,C,NEO recovery ToO reserve,NEO blind survey / recovery,Future MPC alert,3.6860759493670887,0.021940928270042195,reserved,1.0
115,3,11,2032-03-11,OPS,General observatory overhead,Observatory maintenance / overhead,Operations and calibration,21.44846153846154,0.12766941391941394,indirect overhead,1.0
115,3,11,2032-03-11,OPS,Wavefront sensing and control,Observatory maintenance / overhead,Segmented primary mirror,2.52,0.015,maintenance,1.0
115,3,11,2032-03-11,A,SN Ia time-domain cadence,SN Ia time domain,SN north,2.0,0.011904761904761904,cadence baseline,1.0
116,3,12,2032-03-18,X,AM CVn monitoring,Compact monitoring / ToO,CR Boo,0.75,0.004464285714285714,target-visit MILP,1.0
116,3,12,2032-03-18,X,AM CVn monitoring,Compact monitoring / ToO,HM Cnc,0.75,0.004464285714285714,target-visit MILP,1.0
116,3,12,2032-03-18,X,Compact-object ToO reserve,Compact monitoring / ToO,Future KMTNet/LVK alert,1.8430379746835444,0.010970464135021098,reserved,1.0
116,3,12,2032-03-18,C,NEO optical blind survey,NEO blind survey / recovery,Dynamic ecliptic scan annulus,9.215189873417721,0.05485232067510548,blind survey,1.0
116,3,12,2032-03-18,C,NEO recovery ToO reserve,NEO blind survey / recovery,Future MPC alert,3.6860759493670887,0.021940928270042195,reserved,1.0
116,3,12,2032-03-18,OPS,General observatory overhead,Observatory maintenance / overhead,Operations and calibration,21.44846153846154,0.12766941391941394,indirect overhead,1.0
116,3,12,2032-03-18,OPS,Wavefront sensing and control,Observatory maintenance / overhead,Segmented primary mirror,2.52,0.015,maintenance,1.0
116,3,12,2032-03-18,A,SN Ia time-domain cadence,SN Ia time domain,SN north,2.0,0.011904761904761904,cadence baseline,1.0
117,3,13,2032-03-25,X,AM CVn monitoring,Compact monitoring / ToO,HP Lib,0.75,0.004464285714285714,target-visit MILP,1.0
117,3,13,2032-03-25,X,Compact-object ToO reserve,Compact monitoring / ToO,Future KMTNet/LVK alert,1.8430379746835444,0.010970464135021098,reserved,1.0
117,3,13,2032-03-25,B,Mature-giant search program,Exoplanet giants / disks,HD 110315,13.986013986013987,0.08325008325008325,target-visit MILP,1.0
117,3,13,2032-03-25,B,Mature-giant search program,Exoplanet giants / disks,HD 84117,13.986013986013987,0.08325008325008325,target-visit MILP,1.0
117,3,13,2032-03-25,C,NEO optical blind survey,NEO blind survey / recovery,Dynamic ecliptic scan annulus,9.215189873417721,0.05485232067510548,blind survey,1.0
117,3,13,2032-03-25,C,NEO recovery ToO reserve,NEO blind survey / recovery,Future MPC alert,3.6860759493670887,0.021940928270042195,reserved,1.0
117,3,13,2032-03-25,OPS,General observatory overhead,Observatory maintenance / overhead,Operations and calibration,21.44846153846154,0.12766941391941394,indirect overhead,1.0
117,3,13,2032-03-25,OPS,L2 station keeping,Observatory maintenance / overhead,Spacecraft orbit,2.0,0.011904761904761904,maintenance,1.0
117,3,13,2032-03-25,OPS,Quarterly calibration block,Observatory maintenance / overhead,Instruments and reference fields,24.0,0.14285714285714285,maintenance,1.0
117,3,13,2032-03-25,OPS,Wavefront sensing and control,Observatory maintenance / overhead,Segmented primary mirror,2.52,0.015,maintenance,1.0
117,3,13,2032-03-25,A,SN Ia time-domain cadence,SN Ia time domain,SN north,2.0,0.011904761904761904,cadence baseline,1.0
118,3,14,2032-04-01,X,Compact-object ToO reserve,Compact monitoring / ToO,Future KMTNet/LVK alert,1.8430379746835444,0.010970464135021098,reserved,1.0
118,3,14,2032-04-01,C,NEO optical blind survey,NEO blind survey / recovery,Dynamic ecliptic scan annulus,9.215189873417721,0.05485232067510548,blind survey,1.0
118,3,14,2032-04-01,C,NEO recovery ToO reserve,NEO blind survey / recovery,Future MPC alert,3.6860759493670887,0.021940928270042195,reserved,1.0
118,3,14,2032-04-01,OPS,General observatory overhead,Observatory maintenance / overhead,Operations and calibration,21.44846153846154,0.12766941391941394,indirect overhead,1.0
118,3,14,2032-04-01,OPS,Wavefront sensing and control,Observatory maintenance / overhead,Segmented primary mirror,2.52,0.015,maintenance,1.0
118,3,14,2032-04-01,A,SN Ia time-domain cadence,SN Ia time domain,SN north,2.0,0.011904761904761904,cadence baseline,1.0
119,3,15,2032-04-08,X,AM CVn monitoring,Compact monitoring / ToO,CR Boo,0.75,0.004464285714285714,target-visit MILP,1.0
119,3,15,2032-04-08,X,AM CVn monitoring,Compact monitoring / ToO,HM Cnc,0.75,0.004464285714285714,target-visit MILP,1.0
119,3,15,2032-04-08,X,AM CVn monitoring,Compact monitoring / ToO,V803 Cen,0.75,0.004464285714285714,target-visit MILP,1.0
119,3,15,2032-04-08,X,AM CVn monitoring,Compact monitoring / ToO,V803 Cen,0.75,0.004464285714285714,target-visit MILP,1.0
119,3,15,2032-04-08,X,Compact-object ToO reserve,Compact monitoring / ToO,Future KMTNet/LVK alert,1.8430379746835444,0.010970464135021098,reserved,1.0
119,3,15,2032-04-08,B,First-light known giants,Exoplanet giants / disks,47 UMa c,16.666666666666668,0.09920634920634921,target-visit MILP,1.0
119,3,15,2032-04-08,C,NEO optical blind survey,NEO blind survey / recovery,Dynamic ecliptic scan annulus,9.215189873417721,0.05485232067510548,blind survey,1.0
119,3,15,2032-04-08,C,NEO recovery ToO reserve,NEO blind survey / recovery,Future MPC alert,3.6860759493670887,0.021940928270042195,reserved,1.0
119,3,15,2032-04-08,OPS,General observatory overhead,Observatory maintenance / overhead,Operations and calibration,21.44846153846154,0.12766941391941394,indirect overhead,1.0
119,3,15,2032-04-08,OPS,Wavefront sensing and control,Observatory maintenance / overhead,Segmented primary mirror,2.52,0.015,maintenance,1.0
119,3,15,2032-04-08,A,SN Ia time-domain cadence,SN Ia time domain,SN north,2.0,0.011904761904761904,cadence baseline,1.0
120,3,16,2032-04-15,X,AM CVn monitoring,Compact monitoring / ToO,CR Boo,0.75,0.004464285714285714,target-visit MILP,1.0
120,3,16,2032-04-15,X,AM CVn monitoring,Compact monitoring / ToO,GP Com,0.75,0.004464285714285714,target-visit MILP,1.0
120,3,16,2032-04-15,X,AM CVn monitoring,Compact monitoring / ToO,HM Cnc,0.75,0.004464285714285714,target-visit MILP,0.8571428571428571
120,3,16,2032-04-15,X,Compact-object ToO reserve,Compact monitoring / ToO,Future KMTNet/LVK alert,1.8430379746835444,0.010970464135021098,reserved,1.0
120,3,16,2032-04-15,C,NEO optical blind survey,NEO blind survey / recovery,Dynamic ecliptic scan annulus,9.215189873417721,0.05485232067510548,blind survey,1.0
120,3,16,2032-04-15,C,NEO recovery ToO reserve,NEO blind survey / recovery,Future MPC alert,3.6860759493670887,0.021940928270042195,reserved,1.0
120,3,16,2032-04-15,OPS,General observatory overhead,Observatory maintenance / overhead,Operations and calibration,21.44846153846154,0.12766941391941394,indirect overhead,1.0
120,3,16,2032-04-15,OPS,L2 station keeping,Observatory maintenance / overhead,Spacecraft orbit,2.0,0.011904761904761904,maintenance,1.0
120,3,16,2032-04-15,OPS,Momentum unload,Observatory maintenance / overhead,Reaction wheels,3.0,0.017857142857142856,maintenance,1.0
120,3,16,2032-04-15,OPS,Wavefront sensing and control,Observatory maintenance / overhead,Segmented primary mirror,2.52,0.015,maintenance,1.0
120,3,16,2032-04-15,A,SN Ia time-domain cadence,SN Ia time domain,SN north,2.0,0.011904761904761904,cadence baseline,1.0
121,3,17,2032-04-22,X,AM CVn monitoring,Compact monitoring / ToO,CR Boo,0.75,0.004464285714285714,target-visit MILP,1.0
121,3,17,2032-04-22,X,AM CVn monitoring,Compact monitoring / ToO,GP Com,0.75,0.004464285714285714,target-visit MILP,1.0
121,3,17,2032-04-22,X,Compact-object ToO reserve,Compact monitoring / ToO,Future KMTNet/LVK alert,1.8430379746835444,0.010970464135021098,reserved,1.0
121,3,17,2032-04-22,B,First-light known giants,Exoplanet giants / disks,HD 147513 b,16.666666666666668,0.09920634920634921,target-visit MILP,1.0
121,3,17,2032-04-22,B,Mature-giant search program,Exoplanet giants / disks,HD 120036A,13.986013986013987,0.08325008325008325,target-visit MILP,1.0
121,3,17,2032-04-22,B,Mature-giant search program,Exoplanet giants / disks,w Her,13.986013986013987,0.08325008325008325,target-visit MILP,1.0
121,3,17,2032-04-22,C,NEO optical blind survey,NEO blind survey / recovery,Dynamic ecliptic scan annulus,9.215189873417721,0.05485232067510548,blind survey,1.0
121,3,17,2032-04-22,C,NEO recovery ToO reserve,NEO blind survey / recovery,Future MPC alert,3.6860759493670887,0.021940928270042195,reserved,1.0
121,3,17,2032-04-22,OPS,General observatory overhead,Observatory maintenance / overhead,Operations and calibration,21.44846153846154,0.12766941391941394,indirect overhead,1.0
121,3,17,2032-04-22,OPS,Wavefront sensing and control,Observatory maintenance / overhead,Segmented primary mirror,2.52,0.015,maintenance,1.0
121,3,17,2032-04-22,A,SN Ia time-domain cadence,SN Ia time domain,SN north,2.0,0.011904761904761904,cadence baseline,1.0
122,3,18,2032-04-29,X,AM CVn monitoring,Compact monitoring / ToO,HP Lib,0.75,0.004464285714285714,target-visit MILP,1.0
122,3,18,2032-04-29,X,Compact-object ToO reserve,Compact monitoring / ToO,Future KMTNet/LVK alert,1.8430379746835444,0.010970464135021098,reserved,1.0
122,3,18,2032-04-29,B,Mature-giant search program,Exoplanet giants / disks,HD 120467,13.986013986013987,0.08325008325008325,target-visit MILP,1.0
122,3,18,2032-04-29,B,Mature-giant search program,Exoplanet giants / disks,HD 122064,13.986013986013987,0.08325008325008325,target-visit MILP,1.0
122,3,18,2032-04-29,C,NEO optical blind survey,NEO blind survey / recovery,Dynamic ecliptic scan annulus,9.215189873417721,0.05485232067510548,blind survey,1.0
122,3,18,2032-04-29,C,NEO recovery ToO reserve,NEO blind survey / recovery,Future MPC alert,3.6860759493670887,0.021940928270042195,reserved,1.0
122,3,18,2032-04-29,OPS,General observatory overhead,Observatory maintenance / overhead,Operations and calibration,21.44846153846154,0.12766941391941394,indirect overhead,1.0
122,3,18,2032-04-29,OPS,Wavefront sensing and control,Observatory maintenance / overhead,Segmented primary mirror,2.52,0.015,maintenance,1.0
122,3,18,2032-04-29,A,SN Ia time-domain cadence,SN Ia time domain,SN north,2.0,0.011904761904761904,cadence baseline,1.0
123,3,19,2032-05-06,X,AM CVn monitoring,Compact monitoring / ToO,V803 Cen,0.75,0.004464285714285714,target-visit MILP,1.0
123,3,19,2032-05-06,X,Compact-object ToO reserve,Compact monitoring / ToO,Future KMTNet/LVK alert,1.8430379746835444,0.010970464135021098,reserved,1.0
123,3,19,2032-05-06,B,Giant orbit determination,Exoplanet giants / disks,47 UMa b,14.814814814814815,0.08818342151675485,target-visit MILP,1.0
123,3,19,2032-05-06,C,NEO optical blind survey,NEO blind survey / recovery,Dynamic ecliptic scan annulus,9.215189873417721,0.05485232067510548,blind survey,1.0
123,3,19,2032-05-06,C,NEO recovery ToO reserve,NEO blind survey / recovery,Future MPC alert,3.6860759493670887,0.021940928270042195,reserved,1.0
123,3,19,2032-05-06,OPS,General observatory overhead,Observatory maintenance / overhead,Operations and calibration,21.44846153846154,0.12766941391941394,indirect overhead,1.0
123,3,19,2032-05-06,OPS,L2 station keeping,Observatory maintenance / overhead,Spacecraft orbit,2.0,0.011904761904761904,maintenance,1.0
123,3,19,2032-05-06,OPS,Wavefront sensing and control,Observatory maintenance / overhead,Segmented primary mirror,2.52,0.015,maintenance,1.0
123,3,19,2032-05-06,A,SN Ia time-domain cadence,SN Ia time domain,SN north,2.0,0.011904761904761904,cadence baseline,1.0
124,3,20,2032-05-13,X,AM CVn monitoring,Compact monitoring / ToO,AM CVn,0.75,0.004464285714285714,target-visit MILP,1.0
124,3,20,2032-05-13,X,AM CVn monitoring,Compact monitoring / ToO,CE 315,0.75,0.004464285714285714,target-visit MILP,1.0
124,3,20,2032-05-13,X,Compact-object ToO reserve,Compact monitoring / ToO,Future KMTNet/LVK alert,1.8430379746835444,0.010970464135021098,reserved,1.0
124,3,20,2032-05-13,A,Wide ELG BAO/RSD,ELG wide North,Boötes north,15.25,0.09077380952380952,continuous LP,1.0
124,3,20,2032-05-13,B,First-light known giants,Exoplanet giants / disks,GJ 414 A c,16.666666666666668,0.09920634920634921,target-visit MILP,1.0
124,3,20,2032-05-13,B,Giant orbit determination,Exoplanet giants / disks,47 UMa b,14.814814814814815,0.08818342151675485,target-visit MILP,1.0
124,3,20,2032-05-13,B,Mature-giant search program,Exoplanet giants / disks,20 Crt,13.986013986013987,0.08325008325008325,target-visit MILP,1.0
124,3,20,2032-05-13,C,NEO optical blind survey,NEO blind survey / recovery,Dynamic ecliptic scan annulus,9.215189873417721,0.05485232067510548,blind survey,1.0
124,3,20,2032-05-13,C,NEO recovery ToO reserve,NEO blind survey / recovery,Future MPC alert,3.6860759493670887,0.021940928270042195,reserved,1.0
124,3,20,2032-05-13,OPS,General observatory overhead,Observatory maintenance / overhead,Operations and calibration,21.44846153846154,0.12766941391941394,indirect overhead,1.0
124,3,20,2032-05-13,OPS,Wavefront sensing and control,Observatory maintenance / overhead,Segmented primary mirror,2.52,0.015,maintenance,1.0
124,3,20,2032-05-13,A,SN Ia time-domain cadence,SN Ia time domain,SN north,2.0,0.011904761904761904,cadence baseline,1.0
125,3,21,2032-05-20,X,Compact-object ToO reserve,Compact monitoring / ToO,Future KMTNet/LVK alert,1.8430379746835444,0.010970464135021098,reserved,1.0
125,3,21,2032-05-20,A,Wide ELG BAO/RSD,ELG wide North,Boötes north,36.0,0.21428571428571427,continuous LP,1.0
125,3,21,2032-05-20,B,Giant orbit determination,Exoplanet giants / disks,GJ 414 A c,14.814814814814815,0.08818342151675485,target-visit MILP,1.0
125,3,21,2032-05-20,B,Mature-giant search program,Exoplanet giants / disks,BD+30 2512,13.986013986013987,0.08325008325008325,target-visit MILP,1.0
125,3,21,2032-05-20,C,NEO optical blind survey,NEO blind survey / recovery,Dynamic ecliptic scan annulus,9.215189873417721,0.05485232067510548,blind survey,1.0
125,3,21,2032-05-20,C,NEO recovery ToO reserve,NEO blind survey / recovery,Future MPC alert,3.6860759493670887,0.021940928270042195,reserved,1.0
125,3,21,2032-05-20,OPS,General observatory overhead,Observatory maintenance / overhead,Operations and calibration,21.44846153846154,0.12766941391941394,indirect overhead,1.0
125,3,21,2032-05-20,OPS,Wavefront sensing and control,Observatory maintenance / overhead,Segmented primary mirror,2.52,0.015,maintenance,1.0
125,3,21,2032-05-20,A,SN Ia time-domain cadence,SN Ia time domain,SN north,2.0,0.011904761904761904,cadence baseline,1.0
126,3,22,2032-05-27,X,Compact-object ToO reserve,Compact monitoring / ToO,Future KMTNet/LVK alert,1.8430379746835444,0.010970464135021098,reserved,1.0
126,3,22,2032-05-27,A,Medium/deep ELG tiers,Deep / imaging calibration,Boötes north,16.5,0.09821428571428571,continuous LP,1.0
126,3,22,2032-05-27,A,Wide ELG BAO/RSD,ELG wide North,Boötes north,36.0,0.21428571428571427,continuous LP,1.0
126,3,22,2032-05-27,B,Giant orbit determination,Exoplanet giants / disks,HD 147513 b,14.814814814814815,0.08818342151675485,target-visit MILP,1.0
126,3,22,2032-05-27,B,Mature-giant search program,Exoplanet giants / disks,HD 150689,13.986013986013987,0.08325008325008325,target-visit MILP,1.0
126,3,22,2032-05-27,C,NEO optical blind survey,NEO blind survey / recovery,Dynamic ecliptic scan annulus,9.215189873417721,0.05485232067510548,blind survey,1.0
126,3,22,2032-05-27,C,NEO recovery ToO reserve,NEO blind survey / recovery,Future MPC alert,3.6860759493670887,0.021940928270042195,reserved,1.0
126,3,22,2032-05-27,OPS,General observatory overhead,Observatory maintenance / overhead,Operations and calibration,21.44846153846154,0.12766941391941394,indirect overhead,1.0
126,3,22,2032-05-27,OPS,L2 station keeping,Observatory maintenance / overhead,Spacecraft orbit,2.0,0.011904761904761904,maintenance,1.0
126,3,22,2032-05-27,OPS,Momentum unload,Observatory maintenance / overhead,Reaction wheels,3.0,0.017857142857142856,maintenance,1.0
126,3,22,2032-05-27,OPS,Wavefront sensing and control,Observatory maintenance / overhead,Segmented primary mirror,2.52,0.015,maintenance,1.0
126,3,22,2032-05-27,A,SN Ia time-domain cadence,SN Ia time domain,SN north,2.0,0.011904761904761904,cadence baseline,1.0
127,3,23,2032-06-03,X,AM CVn monitoring,Compact monitoring / ToO,AM CVn,0.75,0.004464285714285714,target-visit MILP,1.0
127,3,23,2032-06-03,X,AM CVn monitoring,Compact monitoring / ToO,CE 315,0.75,0.004464285714285714,target-visit MILP,1.0
127,3,23,2032-06-03,X,AM CVn monitoring,Compact monitoring / ToO,V803 Cen,0.75,0.004464285714285714,target-visit MILP,1.0
127,3,23,2032-06-03,X,Compact-object ToO reserve,Compact monitoring / ToO,Future KMTNet/LVK alert,1.8430379746835444,0.010970464135021098,reserved,1.0
127,3,23,2032-06-03,A,Medium/deep ELG tiers,Deep / imaging calibration,Boötes north,24.0,0.14285714285714285,continuous LP,1.0
127,3,23,2032-06-03,A,Wide ELG BAO/RSD,ELG wide North,Boötes north,36.0,0.21428571428571427,continuous LP,1.0
127,3,23,2032-06-03,B,Mature-giant search program,Exoplanet giants / disks,HD 154577,13.986013986013987,0.08325008325008325,target-visit MILP,1.0
127,3,23,2032-06-03,B,Mature-giant search program,Exoplanet giants / disks,V2215 Oph,13.986013986013987,0.08325008325008325,target-visit MILP,1.0
127,3,23,2032-06-03,B,Mature-giant search program,Exoplanet giants / disks,psi Ser,13.986013986013987,0.08325008325008325,target-visit MILP,1.0
127,3,23,2032-06-03,C,NEO optical blind survey,NEO blind survey / recovery,Dynamic ecliptic scan annulus,9.215189873417721,0.05485232067510548,blind survey,1.0
127,3,23,2032-06-03,C,NEO recovery ToO reserve,NEO blind survey / recovery,Future MPC alert,3.6860759493670887,0.021940928270042195,reserved,1.0
127,3,23,2032-06-03,OPS,General observatory overhead,Observatory maintenance / overhead,Operations and calibration,21.44846153846154,0.12766941391941394,indirect overhead,1.0
127,3,23,2032-06-03,OPS,Wavefront sensing and control,Observatory maintenance / overhead,Segmented primary mirror,2.52,0.015,maintenance,1.0
127,3,23,2032-06-03,A,SN Ia time-domain cadence,SN Ia time domain,SN north,2.0,0.011904761904761904,cadence baseline,1.0
128,3,24,2032-06-10,X,AM CVn monitoring,Compact monitoring / ToO,GP Com,0.75,0.004464285714285714,target-visit MILP,1.0
128,3,24,2032-06-10,X,AM CVn monitoring,Compact monitoring / ToO,KL Dra,0.75,0.004464285714285714,target-visit MILP,1.0
128,3,24,2032-06-10,X,Compact-object ToO reserve,Compact monitoring / ToO,Future KMTNet/LVK alert,1.8430379746835444,0.010970464135021098,reserved,1.0
128,3,24,2032-06-10,A,Medium/deep ELG tiers,Deep / imaging calibration,Boötes north,24.0,0.14285714285714285,continuous LP,1.0
128,3,24,2032-06-10,A,Wide ELG BAO/RSD,ELG wide North,Boötes north,36.0,0.21428571428571427,continuous LP,1.0
128,3,24,2032-06-10,B,First-light known giants,Exoplanet giants / disks,HD 192310 c,16.666666666666668,0.09920634920634921,target-visit MILP,1.0
128,3,24,2032-06-10,B,Giant orbit determination,Exoplanet giants / disks,HD 147513 b,14.814814814814815,0.08818342151675485,target-visit MILP,1.0
128,3,24,2032-06-10,B,Mature-giant search program,Exoplanet giants / disks,HD 166620,13.986013986013987,0.08325008325008325,target-visit MILP,1.0
128,3,24,2032-06-10,C,NEO optical blind survey,NEO blind survey / recovery,Dynamic ecliptic scan annulus,9.215189873417721,0.05485232067510548,blind survey,1.0
128,3,24,2032-06-10,C,NEO recovery ToO reserve,NEO blind survey / recovery,Future MPC alert,3.6860759493670887,0.021940928270042195,reserved,1.0
128,3,24,2032-06-10,OPS,General observatory overhead,Observatory maintenance / overhead,Operations and calibration,21.44846153846154,0.12766941391941394,indirect overhead,1.0
128,3,24,2032-06-10,OPS,Wavefront sensing and control,Observatory maintenance / overhead,Segmented primary mirror,2.52,0.015,maintenance,1.0
128,3,24,2032-06-10,A,SN Ia time-domain cadence,SN Ia time domain,SN north,2.0,0.011904761904761904,cadence baseline,1.0
129,3,25,2032-06-17,X,AM CVn monitoring,Compact monitoring / ToO,V407 Vul,0.75,0.004464285714285714,target-visit MILP,1.0
129,3,25,2032-06-17,X,Compact-object ToO reserve,Compact monitoring / ToO,Future KMTNet/LVK alert,1.8430379746835444,0.010970464135021098,reserved,1.0
129,3,25,2032-06-17,A,Medium/deep ELG tiers,Deep / imaging calibration,Boötes north,24.0,0.14285714285714285,continuous LP,1.0
129,3,25,2032-06-17,A,Wide ELG BAO/RSD,ELG wide North,Boötes north,36.0,0.21428571428571427,continuous LP,1.0
129,3,25,2032-06-17,C,NEO optical blind survey,NEO blind survey / recovery,Dynamic ecliptic scan annulus,9.215189873417721,0.05485232067510548,blind survey,1.0
129,3,25,2032-06-17,C,NEO recovery ToO reserve,NEO blind survey / recovery,Future MPC alert,3.6860759493670887,0.021940928270042195,reserved,1.0
129,3,25,2032-06-17,OPS,General observatory overhead,Observatory maintenance / overhead,Operations and calibration,21.44846153846154,0.12766941391941394,indirect overhead,1.0
129,3,25,2032-06-17,OPS,L2 station keeping,Observatory maintenance / overhead,Spacecraft orbit,2.0,0.011904761904761904,maintenance,1.0
129,3,25,2032-06-17,OPS,Wavefront sensing and control,Observatory maintenance / overhead,Segmented primary mirror,2.52,0.015,maintenance,1.0
129,3,25,2032-06-17,A,SN Ia time-domain cadence,SN Ia time domain,SN north,2.0,0.011904761904761904,cadence baseline,1.0
130,3,26,2032-06-24,X,AM CVn monitoring,Compact monitoring / ToO,CE 315,0.75,0.004464285714285714,target-visit MILP,1.0
130,3,26,2032-06-24,X,AM CVn monitoring,Compact monitoring / ToO,CR Boo,0.75,0.004464285714285714,target-visit MILP,1.0
130,3,26,2032-06-24,X,AM CVn monitoring,Compact monitoring / ToO,GP Com,0.75,0.004464285714285714,target-visit MILP,0.8571428571428571
130,3,26,2032-06-24,X,AM CVn monitoring,Compact monitoring / ToO,KL Dra,0.75,0.004464285714285714,target-visit MILP,1.0
130,3,26,2032-06-24,X,Compact-object ToO reserve,Compact monitoring / ToO,Future KMTNet/LVK alert,1.8430379746835444,0.010970464135021098,reserved,1.0
130,3,26,2032-06-24,B,Mature-giant search program,Exoplanet giants / disks,HD 140901,13.986013986013987,0.08325008325008325,target-visit MILP,1.0
130,3,26,2032-06-24,B,Mature-giant search program,Exoplanet giants / disks,HD 147513,13.986013986013987,0.08325008325008325,target-visit MILP,1.0
130,3,26,2032-06-24,C,NEO optical blind survey,NEO blind survey / recovery,Dynamic ecliptic scan annulus,9.215189873417721,0.05485232067510548,blind survey,1.0
130,3,26,2032-06-24,C,NEO recovery ToO reserve,NEO blind survey / recovery,Future MPC alert,3.6860759493670887,0.021940928270042195,reserved,1.0
130,3,26,2032-06-24,OPS,General observatory overhead,Observatory maintenance / overhead,Operations and calibration,21.44846153846154,0.12766941391941394,indirect overhead,1.0
130,3,26,2032-06-24,OPS,Quarterly calibration block,Observatory maintenance / overhead,Instruments and reference fields,24.0,0.14285714285714285,maintenance,1.0
130,3,26,2032-06-24,OPS,Wavefront sensing and control,Observatory maintenance / overhead,Segmented primary mirror,2.52,0.015,maintenance,1.0
130,3,26,2032-06-24,A,SN Ia time-domain cadence,SN Ia time domain,SN north,2.0,0.011904761904761904,cadence baseline,1.0
131,3,27,2032-07-01,X,Compact-object ToO reserve,Compact monitoring / ToO,Future KMTNet/LVK alert,1.8430379746835444,0.010970464135021098,reserved,1.0
131,3,27,2032-07-01,A,Medium/deep ELG tiers,Deep / imaging calibration,Boötes north,24.0,0.14285714285714285,continuous LP,1.0
131,3,27,2032-07-01,A,Wide ELG BAO/RSD,ELG wide North,Boötes north,36.0,0.21428571428571427,continuous LP,1.0
131,3,27,2032-07-01,B,Mature-giant search program,Exoplanet giants / disks,HD 184489,13.986013986013987,0.08325008325008325,target-visit MILP,1.0
131,3,27,2032-07-01,C,NEO optical blind survey,NEO blind survey / recovery,Dynamic ecliptic scan annulus,9.215189873417721,0.05485232067510548,blind survey,1.0
131,3,27,2032-07-01,C,NEO recovery ToO reserve,NEO blind survey / recovery,Future MPC alert,3.6860759493670887,0.021940928270042195,reserved,1.0
131,3,27,2032-07-01,OPS,General observatory overhead,Observatory maintenance / overhead,Operations and calibration,21.44846153846154,0.12766941391941394,indirect overhead,1.0
131,3,27,2032-07-01,OPS,Wavefront sensing and control,Observatory maintenance / overhead,Segmented primary mirror,2.52,0.015,maintenance,1.0
131,3,27,2032-07-01,A,SN Ia time-domain cadence,SN Ia time domain,SN north,2.0,0.011904761904761904,cadence baseline,1.0
132,3,28,2032-07-08,X,Compact-object ToO reserve,Compact monitoring / ToO,Future KMTNet/LVK alert,1.8430379746835444,0.010970464135021098,reserved,1.0
132,3,28,2032-07-08,B,Mature-giant search program,Exoplanet giants / disks,AX Mic,13.986013986013987,0.08325008325008325,target-visit MILP,1.0
132,3,28,2032-07-08,B,Young giants and debris disks,Exoplanet giants / disks,Target list not fixed in Appendix B,8.0,0.047619047619047616,continuous LP,1.0
132,3,28,2032-07-08,C,NEO optical blind survey,NEO blind survey / recovery,Dynamic ecliptic scan annulus,9.215189873417721,0.05485232067510548,blind survey,1.0
132,3,28,2032-07-08,C,NEO recovery ToO reserve,NEO blind survey / recovery,Future MPC alert,3.6860759493670887,0.021940928270042195,reserved,1.0
132,3,28,2032-07-08,OPS,General observatory overhead,Observatory maintenance / overhead,Operations and calibration,21.44846153846154,0.12766941391941394,indirect overhead,1.0
132,3,28,2032-07-08,OPS,L2 station keeping,Observatory maintenance / overhead,Spacecraft orbit,2.0,0.011904761904761904,maintenance,1.0
132,3,28,2032-07-08,OPS,Momentum unload,Observatory maintenance / overhead,Reaction wheels,3.0,0.017857142857142856,maintenance,1.0
132,3,28,2032-07-08,OPS,Wavefront sensing and control,Observatory maintenance / overhead,Segmented primary mirror,2.52,0.015,maintenance,1.0
132,3,28,2032-07-08,A,SN Ia time-domain cadence,SN Ia time domain,SN north,2.0,0.011904761904761904,cadence baseline,0.5714285714285714
133,3,29,2032-07-15,X,Compact-object ToO reserve,Compact monitoring / ToO,Future KMTNet/LVK alert,1.8430379746835444,0.010970464135021098,reserved,1.0
133,3,29,2032-07-15,B,Giant orbit determination,Exoplanet giants / disks,HD 192310 c,14.814814814814815,0.08818342151675485,target-visit MILP,1.0
133,3,29,2032-07-15,B,Giant orbit determination,Exoplanet giants / disks,HD 219134 h,14.814814814814815,0.08818342151675485,target-visit MILP,0.7142857142857143
133,3,29,2032-07-15,C,NEO optical blind survey,NEO blind survey / recovery,Dynamic ecliptic scan annulus,9.215189873417721,0.05485232067510548,blind survey,1.0
133,3,29,2032-07-15,C,NEO recovery ToO reserve,NEO blind survey / recovery,Future MPC alert,3.6860759493670887,0.021940928270042195,reserved,1.0
133,3,29,2032-07-15,OPS,General observatory overhead,Observatory maintenance / overhead,Operations and calibration,21.44846153846154,0.12766941391941394,indirect overhead,1.0
133,3,29,2032-07-15,OPS,Wavefront sensing and control,Observatory maintenance / overhead,Segmented primary mirror,2.52,0.015,maintenance,1.0
134,3,30,2032-07-22,X,AM CVn monitoring,Compact monitoring / ToO,KL Dra,0.75,0.004464285714285714,target-visit MILP,1.0
134,3,30,2032-07-22,X,Compact-object ToO reserve,Compact monitoring / ToO,Future KMTNet/LVK alert,1.8430379746835444,0.010970464135021098,reserved,1.0
134,3,30,2032-07-22,B,Giant orbit determination,Exoplanet giants / disks,HD 192310 c,14.814814814814815,0.08818342151675485,target-visit MILP,1.0
134,3,30,2032-07-22,B,Giant orbit determination,Exoplanet giants / disks,HD 192310 c,14.814814814814815,0.08818342151675485,target-visit MILP,1.0
134,3,30,2032-07-22,B,Giant orbit determination,Exoplanet giants / disks,HD 219134 h,14.814814814814815,0.08818342151675485,target-visit MILP,1.0
134,3,30,2032-07-22,B,Mature-giant search program,Exoplanet giants / disks,HD 166348,13.986013986013987,0.08325008325008325,target-visit MILP,1.0
134,3,30,2032-07-22,B,Young giants and debris disks,Exoplanet giants / disks,Target list not fixed in Appendix B,18.0,0.10714285714285714,continuous LP,1.0
134,3,30,2032-07-22,C,NEO optical blind survey,NEO blind survey / recovery,Dynamic ecliptic scan annulus,9.215189873417721,0.05485232067510548,blind survey,1.0
134,3,30,2032-07-22,C,NEO recovery ToO reserve,NEO blind survey / recovery,Future MPC alert,3.6860759493670887,0.021940928270042195,reserved,1.0
134,3,30,2032-07-22,OPS,General observatory overhead,Observatory maintenance / overhead,Operations and calibration,21.44846153846154,0.12766941391941394,indirect overhead,1.0
134,3,30,2032-07-22,OPS,Wavefront sensing and control,Observatory maintenance / overhead,Segmented primary mirror,2.52,0.015,maintenance,1.0
134,3,30,2032-07-22,A,SN Ia time-domain cadence,SN Ia time domain,SN south,2.0,0.011904761904761904,cadence baseline,1.0
135,3,31,2032-07-29,X,AM CVn monitoring,Compact monitoring / ToO,HP Lib,0.75,0.004464285714285714,target-visit MILP,1.0
135,3,31,2032-07-29,X,AM CVn monitoring,Compact monitoring / ToO,HP Lib,0.75,0.004464285714285714,target-visit MILP,1.0
135,3,31,2032-07-29,X,AM CVn monitoring,Compact monitoring / ToO,V407 Vul,0.75,0.004464285714285714,target-visit MILP,1.0
135,3,31,2032-07-29,X,Compact-object ToO reserve,Compact monitoring / ToO,Future KMTNet/LVK alert,1.8430379746835444,0.010970464135021098,reserved,1.0
135,3,31,2032-07-29,B,Mature-giant search program,Exoplanet giants / disks,HD 190007,13.986013986013987,0.08325008325008325,target-visit MILP,1.0
135,3,31,2032-07-29,B,Mature-giant search program,Exoplanet giants / disks,TW PsA,13.986013986013987,0.08325008325008325,target-visit MILP,1.0
135,3,31,2032-07-29,B,Young giants and debris disks,Exoplanet giants / disks,Target list not fixed in Appendix B,18.0,0.10714285714285714,continuous LP,1.0
135,3,31,2032-07-29,C,NEO optical blind survey,NEO blind survey / recovery,Dynamic ecliptic scan annulus,9.215189873417721,0.05485232067510548,blind survey,1.0
135,3,31,2032-07-29,C,NEO recovery ToO reserve,NEO blind survey / recovery,Future MPC alert,3.6860759493670887,0.021940928270042195,reserved,1.0
135,3,31,2032-07-29,OPS,General observatory overhead,Observatory maintenance / overhead,Operations and calibration,21.44846153846154,0.12766941391941394,indirect overhead,1.0
135,3,31,2032-07-29,OPS,L2 station keeping,Observatory maintenance / overhead,Spacecraft orbit,2.0,0.011904761904761904,maintenance,1.0
135,3,31,2032-07-29,OPS,Wavefront sensing and control,Observatory maintenance / overhead,Segmented primary mirror,2.52,0.015,maintenance,1.0
135,3,31,2032-07-29,A,SN Ia time-domain cadence,SN Ia time domain,SN south,2.0,0.011904761904761904,cadence baseline,1.0
136,3,32,2032-08-05,X,Compact-object ToO reserve,Compact monitoring / ToO,Future KMTNet/LVK alert,1.8430379746835444,0.010970464135021098,reserved,1.0
136,3,32,2032-08-05,B,Young giants and debris disks,Exoplanet giants / disks,Target list not fixed in Appendix B,18.0,0.10714285714285714,continuous LP,1.0
136,3,32,2032-08-05,C,NEO optical blind survey,NEO blind survey / recovery,Dynamic ecliptic scan annulus,9.215189873417721,0.05485232067510548,blind survey,1.0
136,3,32,2032-08-05,C,NEO recovery ToO reserve,NEO blind survey / recovery,Future MPC alert,3.6860759493670887,0.021940928270042195,reserved,1.0
136,3,32,2032-08-05,OPS,General observatory overhead,Observatory maintenance / overhead,Operations and calibration,21.44846153846154,0.12766941391941394,indirect overhead,1.0
136,3,32,2032-08-05,OPS,Wavefront sensing and control,Observatory maintenance / overhead,Segmented primary mirror,2.52,0.015,maintenance,1.0
136,3,32,2032-08-05,A,SN Ia time-domain cadence,SN Ia time domain,SN south,2.0,0.011904761904761904,cadence baseline,1.0
137,3,33,2032-08-12,X,AM CVn monitoring,Compact monitoring / ToO,HP Lib,0.75,0.004464285714285714,target-visit MILP,0.8571428571428571
137,3,33,2032-08-12,X,Compact-object ToO reserve,Compact monitoring / ToO,Future KMTNet/LVK alert,1.8430379746835444,0.010970464135021098,reserved,1.0
137,3,33,2032-08-12,B,Giant orbit determination,Exoplanet giants / disks,HD 147513 b,14.814814814814815,0.08818342151675485,target-visit MILP,1.0
137,3,33,2032-08-12,B,Young giants and debris disks,Exoplanet giants / disks,Target list not fixed in Appendix B,18.0,0.10714285714285714,continuous LP,1.0
137,3,33,2032-08-12,C,NEO optical blind survey,NEO blind survey / recovery,Dynamic ecliptic scan annulus,9.215189873417721,0.05485232067510548,blind survey,1.0
137,3,33,2032-08-12,C,NEO recovery ToO reserve,NEO blind survey / recovery,Future MPC alert,3.6860759493670887,0.021940928270042195,reserved,1.0
137,3,33,2032-08-12,OPS,General observatory overhead,Observatory maintenance / overhead,Operations and calibration,21.44846153846154,0.12766941391941394,indirect overhead,1.0
137,3,33,2032-08-12,OPS,Wavefront sensing and control,Observatory maintenance / overhead,Segmented primary mirror,2.52,0.015,maintenance,1.0
137,3,33,2032-08-12,A,SN Ia time-domain cadence,SN Ia time domain,SN south,2.0,0.011904761904761904,cadence baseline,1.0
138,3,34,2032-08-19,X,AM CVn monitoring,Compact monitoring / ToO,ES Cet,0.75,0.004464285714285714,target-visit MILP,1.0
138,3,34,2032-08-19,X,Compact-object ToO reserve,Compact monitoring / ToO,Future KMTNet/LVK alert,1.8430379746835444,0.010970464135021098,reserved,1.0
138,3,34,2032-08-19,B,Mature-giant search program,Exoplanet giants / disks,12 Oph,13.986013986013987,0.08325008325008325,target-visit MILP,1.0
138,3,34,2032-08-19,B,Mature-giant search program,Exoplanet giants / disks,HD 10436,13.986013986013987,0.08325008325008325,target-visit MILP,1.0
138,3,34,2032-08-19,B,Mature-giant search program,Exoplanet giants / disks,p Eri A,13.986013986013987,0.08325008325008325,target-visit MILP,1.0
138,3,34,2032-08-19,B,Young giants and debris disks,Exoplanet giants / disks,Target list not fixed in Appendix B,18.0,0.10714285714285714,continuous LP,1.0
138,3,34,2032-08-19,C,NEO optical blind survey,NEO blind survey / recovery,Dynamic ecliptic scan annulus,9.215189873417721,0.05485232067510548,blind survey,1.0
138,3,34,2032-08-19,C,NEO recovery ToO reserve,NEO blind survey / recovery,Future MPC alert,3.6860759493670887,0.021940928270042195,reserved,1.0
138,3,34,2032-08-19,OPS,General observatory overhead,Observatory maintenance / overhead,Operations and calibration,21.44846153846154,0.12766941391941394,indirect overhead,1.0
138,3,34,2032-08-19,OPS,L2 station keeping,Observatory maintenance / overhead,Spacecraft orbit,2.0,0.011904761904761904,maintenance,1.0
138,3,34,2032-08-19,OPS,Momentum unload,Observatory maintenance / overhead,Reaction wheels,3.0,0.017857142857142856,maintenance,1.0
138,3,34,2032-08-19,OPS,Wavefront sensing and control,Observatory maintenance / overhead,Segmented primary mirror,2.52,0.015,maintenance,1.0
138,3,34,2032-08-19,A,SN Ia time-domain cadence,SN Ia time domain,SN south,2.0,0.011904761904761904,cadence baseline,1.0
139,3,35,2032-08-26,X,AM CVn monitoring,Compact monitoring / ToO,KL Dra,0.75,0.004464285714285714,target-visit MILP,1.0
139,3,35,2032-08-26,X,Compact-object ToO reserve,Compact monitoring / ToO,Future KMTNet/LVK alert,1.8430379746835444,0.010970464135021098,reserved,1.0
139,3,35,2032-08-26,B,Mature-giant search program,Exoplanet giants / disks,HD 192310,13.986013986013987,0.08325008325008325,target-visit MILP,1.0
139,3,35,2032-08-26,B,Young giants and debris disks,Exoplanet giants / disks,Target list not fixed in Appendix B,18.0,0.10714285714285714,continuous LP,1.0
139,3,35,2032-08-26,C,NEO optical blind survey,NEO blind survey / recovery,Dynamic ecliptic scan annulus,9.215189873417721,0.05485232067510548,blind survey,1.0
139,3,35,2032-08-26,C,NEO recovery ToO reserve,NEO blind survey / recovery,Future MPC alert,3.6860759493670887,0.021940928270042195,reserved,1.0
139,3,35,2032-08-26,OPS,General observatory overhead,Observatory maintenance / overhead,Operations and calibration,21.44846153846154,0.12766941391941394,indirect overhead,1.0
139,3,35,2032-08-26,OPS,Wavefront sensing and control,Observatory maintenance / overhead,Segmented primary mirror,2.52,0.015,maintenance,1.0
139,3,35,2032-08-26,A,SN Ia time-domain cadence,SN Ia time domain,SN south,2.0,0.011904761904761904,cadence baseline,1.0
140,3,36,2032-09-02,X,Compact-object ToO reserve,Compact monitoring / ToO,Future KMTNet/LVK alert,1.8430379746835444,0.010970464135021098,reserved,1.0
140,3,36,2032-09-02,B,Young giants and debris disks,Exoplanet giants / disks,Target list not fixed in Appendix B,18.0,0.10714285714285714,continuous LP,1.0
140,3,36,2032-09-02,C,NEO optical blind survey,NEO blind survey / recovery,Dynamic ecliptic scan annulus,9.215189873417721,0.05485232067510548,blind survey,1.0
140,3,36,2032-09-02,C,NEO recovery ToO reserve,NEO blind survey / recovery,Future MPC alert,3.6860759493670887,0.021940928270042195,reserved,1.0
140,3,36,2032-09-02,OPS,General observatory overhead,Observatory maintenance / overhead,Operations and calibration,21.44846153846154,0.12766941391941394,indirect overhead,1.0
140,3,36,2032-09-02,OPS,Wavefront sensing and control,Observatory maintenance / overhead,Segmented primary mirror,2.52,0.015,maintenance,1.0
140,3,36,2032-09-02,A,SN Ia time-domain cadence,SN Ia time domain,SN south,2.0,0.011904761904761904,cadence baseline,1.0
141,3,37,2032-09-09,X,Compact-object ToO reserve,Compact monitoring / ToO,Future KMTNet/LVK alert,1.8430379746835444,0.010970464135021098,reserved,1.0
141,3,37,2032-09-09,B,First-light known giants,Exoplanet giants / disks,HD 219134 h,16.666666666666668,0.09920634920634921,target-visit MILP,1.0
141,3,37,2032-09-09,B,Mature-giant search program,Exoplanet giants / disks,eta Cas B,13.986013986013987,0.08325008325008325,target-visit MILP,1.0
141,3,37,2032-09-09,B,Young giants and debris disks,Exoplanet giants / disks,Target list not fixed in Appendix B,18.0,0.10714285714285714,continuous LP,1.0
141,3,37,2032-09-09,C,NEO optical blind survey,NEO blind survey / recovery,Dynamic ecliptic scan annulus,9.215189873417721,0.05485232067510548,blind survey,1.0
141,3,37,2032-09-09,C,NEO recovery ToO reserve,NEO blind survey / recovery,Future MPC alert,3.6860759493670887,0.021940928270042195,reserved,1.0
141,3,37,2032-09-09,OPS,General observatory overhead,Observatory maintenance / overhead,Operations and calibration,21.44846153846154,0.12766941391941394,indirect overhead,1.0
141,3,37,2032-09-09,OPS,L2 station keeping,Observatory maintenance / overhead,Spacecraft orbit,2.0,0.011904761904761904,maintenance,1.0
141,3,37,2032-09-09,OPS,Wavefront sensing and control,Observatory maintenance / overhead,Segmented primary mirror,2.52,0.015,maintenance,1.0
141,3,37,2032-09-09,A,SN Ia time-domain cadence,SN Ia time domain,SN south,2.0,0.011904761904761904,cadence baseline,1.0
142,3,38,2032-09-16,X,AM CVn monitoring,Compact monitoring / ToO,ES Cet,0.75,0.004464285714285714,target-visit MILP,1.0
142,3,38,2032-09-16,X,AM CVn monitoring,Compact monitoring / ToO,V407 Vul,0.75,0.004464285714285714,target-visit MILP,1.0
142,3,38,2032-09-16,X,Compact-object ToO reserve,Compact monitoring / ToO,Future KMTNet/LVK alert,1.8430379746835444,0.010970464135021098,reserved,1.0
142,3,38,2032-09-16,B,Mature-giant search program,Exoplanet giants / disks,HD 27274,13.986013986013987,0.08325008325008325,target-visit MILP,1.0
142,3,38,2032-09-16,B,Young giants and debris disks,Exoplanet giants / disks,Target list not fixed in Appendix B,18.0,0.10714285714285714,continuous LP,1.0
142,3,38,2032-09-16,C,NEO optical blind survey,NEO blind survey / recovery,Dynamic ecliptic scan annulus,9.215189873417721,0.05485232067510548,blind survey,1.0
142,3,38,2032-09-16,C,NEO recovery ToO reserve,NEO blind survey / recovery,Future MPC alert,3.6860759493670887,0.021940928270042195,reserved,1.0
142,3,38,2032-09-16,OPS,General observatory overhead,Observatory maintenance / overhead,Operations and calibration,21.44846153846154,0.12766941391941394,indirect overhead,1.0
142,3,38,2032-09-16,OPS,Wavefront sensing and control,Observatory maintenance / overhead,Segmented primary mirror,2.52,0.015,maintenance,1.0
142,3,38,2032-09-16,A,SN Ia time-domain cadence,SN Ia time domain,SN south,2.0,0.011904761904761904,cadence baseline,1.0
143,3,39,2032-09-23,X,AM CVn monitoring,Compact monitoring / ToO,V407 Vul,0.75,0.004464285714285714,target-visit MILP,1.0
143,3,39,2032-09-23,X,Compact-object ToO reserve,Compact monitoring / ToO,Future KMTNet/LVK alert,1.8430379746835444,0.010970464135021098,reserved,1.0
143,3,39,2032-09-23,B,First-light known giants,Exoplanet giants / disks,HD 192310 c,16.666666666666668,0.09920634920634921,target-visit MILP,1.0
143,3,39,2032-09-23,B,Mature-giant search program,Exoplanet giants / disks,61 Cyg B,13.986013986013987,0.08325008325008325,target-visit MILP,1.0
143,3,39,2032-09-23,B,Mature-giant search program,Exoplanet giants / disks,HD 219134,13.986013986013987,0.08325008325008325,target-visit MILP,1.0
143,3,39,2032-09-23,B,Mature-giant search program,Exoplanet giants / disks,tau01 Eri,13.986013986013987,0.08325008325008325,target-visit MILP,1.0
143,3,39,2032-09-23,C,NEO optical blind survey,NEO blind survey / recovery,Dynamic ecliptic scan annulus,9.215189873417721,0.05485232067510548,blind survey,1.0
143,3,39,2032-09-23,C,NEO recovery ToO reserve,NEO blind survey / recovery,Future MPC alert,3.6860759493670887,0.021940928270042195,reserved,1.0
143,3,39,2032-09-23,OPS,General observatory overhead,Observatory maintenance / overhead,Operations and calibration,21.44846153846154,0.12766941391941394,indirect overhead,1.0
143,3,39,2032-09-23,OPS,Quarterly calibration block,Observatory maintenance / overhead,Instruments and reference fields,24.0,0.14285714285714285,maintenance,1.0
143,3,39,2032-09-23,OPS,Wavefront sensing and control,Observatory maintenance / overhead,Segmented primary mirror,2.52,0.015,maintenance,1.0
143,3,39,2032-09-23,A,SN Ia time-domain cadence,SN Ia time domain,SN south,2.0,0.011904761904761904,cadence baseline,1.0
144,3,40,2032-09-30,X,Compact-object ToO reserve,Compact monitoring / ToO,Future KMTNet/LVK alert,1.8430379746835444,0.010970464135021098,reserved,1.0
144,3,40,2032-09-30,B,Young giants and debris disks,Exoplanet giants / disks,Target list not fixed in Appendix B,18.0,0.10714285714285714,continuous LP,1.0
144,3,40,2032-09-30,C,NEO optical blind survey,NEO blind survey / recovery,Dynamic ecliptic scan annulus,9.215189873417721,0.05485232067510548,blind survey,1.0
144,3,40,2032-09-30,C,NEO recovery ToO reserve,NEO blind survey / recovery,Future MPC alert,3.6860759493670887,0.021940928270042195,reserved,1.0
144,3,40,2032-09-30,OPS,General observatory overhead,Observatory maintenance / overhead,Operations and calibration,21.44846153846154,0.12766941391941394,indirect overhead,1.0
144,3,40,2032-09-30,OPS,L2 station keeping,Observatory maintenance / overhead,Spacecraft orbit,2.0,0.011904761904761904,maintenance,1.0
144,3,40,2032-09-30,OPS,Momentum unload,Observatory maintenance / overhead,Reaction wheels,3.0,0.017857142857142856,maintenance,1.0
144,3,40,2032-09-30,OPS,Wavefront sensing and control,Observatory maintenance / overhead,Segmented primary mirror,2.52,0.015,maintenance,1.0
144,3,40,2032-09-30,A,SN Ia time-domain cadence,SN Ia time domain,SN south,2.0,0.011904761904761904,cadence baseline,1.0
145,3,41,2032-10-07,X,Compact-object ToO reserve,Compact monitoring / ToO,Future KMTNet/LVK alert,1.8430379746835444,0.010970464135021098,reserved,1.0
145,3,41,2032-10-07,B,Young giants and debris disks,Exoplanet giants / disks,Target list not fixed in Appendix B,18.0,0.10714285714285714,continuous LP,1.0
145,3,41,2032-10-07,C,NEO optical blind survey,NEO blind survey / recovery,Dynamic ecliptic scan annulus,9.215189873417721,0.05485232067510548,blind survey,1.0
145,3,41,2032-10-07,C,NEO recovery ToO reserve,NEO blind survey / recovery,Future MPC alert,3.6860759493670887,0.021940928270042195,reserved,1.0
145,3,41,2032-10-07,OPS,General observatory overhead,Observatory maintenance / overhead,Operations and calibration,21.44846153846154,0.12766941391941394,indirect overhead,1.0
145,3,41,2032-10-07,OPS,Wavefront sensing and control,Observatory maintenance / overhead,Segmented primary mirror,2.52,0.015,maintenance,1.0
145,3,41,2032-10-07,A,SN Ia time-domain cadence,SN Ia time domain,SN south,2.0,0.011904761904761904,cadence baseline,1.0
146,3,42,2032-10-14,X,AM CVn monitoring,Compact monitoring / ToO,ES Cet,0.75,0.004464285714285714,target-visit MILP,1.0
146,3,42,2032-10-14,X,AM CVn monitoring,Compact monitoring / ToO,V407 Vul,0.75,0.004464285714285714,target-visit MILP,0.7142857142857143
146,3,42,2032-10-14,X,AM CVn monitoring,Compact monitoring / ToO,V407 Vul,0.75,0.004464285714285714,target-visit MILP,0.7142857142857143
146,3,42,2032-10-14,X,Compact-object ToO reserve,Compact monitoring / ToO,Future KMTNet/LVK alert,1.8430379746835444,0.010970464135021098,reserved,1.0
146,3,42,2032-10-14,B,Giant orbit determination,Exoplanet giants / disks,HD 219134 h,14.814814814814815,0.08818342151675485,target-visit MILP,1.0
146,3,42,2032-10-14,B,Mature-giant search program,Exoplanet giants / disks,HD 218511,13.986013986013987,0.08325008325008325,target-visit MILP,1.0
146,3,42,2032-10-14,B,Young giants and debris disks,Exoplanet giants / disks,Target list not fixed in Appendix B,18.0,0.10714285714285714,continuous LP,1.0
146,3,42,2032-10-14,C,NEO optical blind survey,NEO blind survey / recovery,Dynamic ecliptic scan annulus,9.215189873417721,0.05485232067510548,blind survey,1.0
146,3,42,2032-10-14,C,NEO recovery ToO reserve,NEO blind survey / recovery,Future MPC alert,3.6860759493670887,0.021940928270042195,reserved,1.0
146,3,42,2032-10-14,OPS,General observatory overhead,Observatory maintenance / overhead,Operations and calibration,21.44846153846154,0.12766941391941394,indirect overhead,1.0
146,3,42,2032-10-14,OPS,Wavefront sensing and control,Observatory maintenance / overhead,Segmented primary mirror,2.52,0.015,maintenance,1.0
146,3,42,2032-10-14,A,SN Ia time-domain cadence,SN Ia time domain,SN south,2.0,0.011904761904761904,cadence baseline,1.0
147,3,43,2032-10-21,DDT,Director discretionary time,Director discretionary time,Director-controlled observations,142.03153846153845,0.8454258241758241,director reserve,1.0
147,3,43,2032-10-21,OPS,General observatory overhead,Observatory maintenance / overhead,Operations and calibration,21.44846153846154,0.12766941391941394,indirect overhead,1.0
147,3,43,2032-10-21,OPS,L2 station keeping,Observatory maintenance / overhead,Spacecraft orbit,2.0,0.011904761904761904,maintenance,1.0
147,3,43,2032-10-21,OPS,Wavefront sensing and control,Observatory maintenance / overhead,Segmented primary mirror,2.52,0.015,maintenance,1.0
148,3,44,2032-10-28,DDT,Director discretionary time,Director discretionary time,Director-controlled observations,144.03153846153845,0.857330586080586,director reserve,1.0
148,3,44,2032-10-28,OPS,General observatory overhead,Observatory maintenance / overhead,Operations and calibration,21.44846153846154,0.12766941391941394,indirect overhead,1.0
148,3,44,2032-10-28,OPS,Wavefront sensing and control,Observatory maintenance / overhead,Segmented primary mirror,2.52,0.015,maintenance,1.0
149,3,45,2032-11-04,X,Compact-object ToO reserve,Compact monitoring / ToO,Future KMTNet/LVK alert,1.8430379746835444,0.010970464135021098,reserved,1.0
149,3,45,2032-11-04,A,Wide ELG BAO/RSD,ELG wide South,SXDS south,15.25,0.09077380952380952,continuous LP,1.0
149,3,45,2032-11-04,B,Mature-giant search program,Exoplanet giants / disks,lam Aur,13.986013986013987,0.08325008325008325,target-visit MILP,1.0
149,3,45,2032-11-04,B,Young giants and debris disks,Exoplanet giants / disks,Target list not fixed in Appendix B,18.0,0.10714285714285714,continuous LP,1.0
149,3,45,2032-11-04,C,NEO optical blind survey,NEO blind survey / recovery,Dynamic ecliptic scan annulus,9.215189873417721,0.05485232067510548,blind survey,1.0
149,3,45,2032-11-04,C,NEO recovery ToO reserve,NEO blind survey / recovery,Future MPC alert,3.6860759493670887,0.021940928270042195,reserved,1.0
149,3,45,2032-11-04,OPS,General observatory overhead,Observatory maintenance / overhead,Operations and calibration,21.44846153846154,0.12766941391941394,indirect overhead,1.0
149,3,45,2032-11-04,OPS,Wavefront sensing and control,Observatory maintenance / overhead,Segmented primary mirror,2.52,0.015,maintenance,1.0
149,3,45,2032-11-04,A,SN Ia time-domain cadence,SN Ia time domain,SN south,2.0,0.011904761904761904,cadence baseline,1.0
150,3,46,2032-11-11,X,Compact-object ToO reserve,Compact monitoring / ToO,Future KMTNet/LVK alert,1.8430379746835444,0.010970464135021098,reserved,1.0
150,3,46,2032-11-11,A,Wide ELG BAO/RSD,ELG wide South,SXDS south,36.0,0.21428571428571427,continuous LP,1.0
150,3,46,2032-11-11,B,Mature-giant search program,Exoplanet giants / disks,HD 23356,13.986013986013987,0.08325008325008325,target-visit MILP,1.0
150,3,46,2032-11-11,B,Young giants and debris disks,Exoplanet giants / disks,Target list not fixed in Appendix B,18.0,0.10714285714285714,continuous LP,1.0
150,3,46,2032-11-11,C,NEO optical blind survey,NEO blind survey / recovery,Dynamic ecliptic scan annulus,9.215189873417721,0.05485232067510548,blind survey,1.0
150,3,46,2032-11-11,C,NEO recovery ToO reserve,NEO blind survey / recovery,Future MPC alert,3.6860759493670887,0.021940928270042195,reserved,1.0
150,3,46,2032-11-11,OPS,General observatory overhead,Observatory maintenance / overhead,Operations and calibration,21.44846153846154,0.12766941391941394,indirect overhead,1.0
150,3,46,2032-11-11,OPS,L2 station keeping,Observatory maintenance / overhead,Spacecraft orbit,2.0,0.011904761904761904,maintenance,1.0
150,3,46,2032-11-11,OPS,Momentum unload,Observatory maintenance / overhead,Reaction wheels,3.0,0.017857142857142856,maintenance,1.0
150,3,46,2032-11-11,OPS,Wavefront sensing and control,Observatory maintenance / overhead,Segmented primary mirror,2.52,0.015,maintenance,1.0
150,3,46,2032-11-11,A,SN Ia time-domain cadence,SN Ia time domain,SN south,2.0,0.011904761904761904,cadence baseline,1.0
151,3,47,2032-11-18,X,AM CVn monitoring,Compact monitoring / ToO,HM Cnc,0.75,0.004464285714285714,target-visit MILP,1.0
151,3,47,2032-11-18,X,AM CVn monitoring,Compact monitoring / ToO,KL Dra,0.75,0.004464285714285714,target-visit MILP,1.0
151,3,47,2032-11-18,X,Compact-object ToO reserve,Compact monitoring / ToO,Future KMTNet/LVK alert,1.8430379746835444,0.010970464135021098,reserved,1.0
151,3,47,2032-11-18,A,Medium/deep ELG tiers,Deep / imaging calibration,SXDS south,16.5,0.09821428571428571,continuous LP,1.0
151,3,47,2032-11-18,A,Wide ELG BAO/RSD,ELG wide South,SXDS south,36.0,0.21428571428571427,continuous LP,1.0
151,3,47,2032-11-18,B,Young giants and debris disks,Exoplanet giants / disks,Target list not fixed in Appendix B,18.0,0.10714285714285714,continuous LP,1.0
151,3,47,2032-11-18,C,NEO optical blind survey,NEO blind survey / recovery,Dynamic ecliptic scan annulus,9.215189873417721,0.05485232067510548,blind survey,1.0
151,3,47,2032-11-18,C,NEO recovery ToO reserve,NEO blind survey / recovery,Future MPC alert,3.6860759493670887,0.021940928270042195,reserved,1.0
151,3,47,2032-11-18,OPS,General observatory overhead,Observatory maintenance / overhead,Operations and calibration,21.44846153846154,0.12766941391941394,indirect overhead,1.0
151,3,47,2032-11-18,OPS,Wavefront sensing and control,Observatory maintenance / overhead,Segmented primary mirror,2.52,0.015,maintenance,1.0
151,3,47,2032-11-18,A,SN Ia time-domain cadence,SN Ia time domain,SN south,2.0,0.011904761904761904,cadence baseline,1.0
152,3,48,2032-11-25,X,Compact-object ToO reserve,Compact monitoring / ToO,Future KMTNet/LVK alert,1.8430379746835444,0.010970464135021098,reserved,1.0
152,3,48,2032-11-25,A,Medium/deep ELG tiers,Deep / imaging calibration,SXDS south,24.0,0.14285714285714285,continuous LP,1.0
152,3,48,2032-11-25,A,Wide ELG BAO/RSD,ELG wide South,SXDS south,36.0,0.21428571428571427,continuous LP,1.0
152,3,48,2032-11-25,B,Mature-giant search program,Exoplanet giants / disks,V2689 Ori,13.986013986013987,0.08325008325008325,target-visit MILP,1.0
152,3,48,2032-11-25,B,Young giants and debris disks,Exoplanet giants / disks,Target list not fixed in Appendix B,18.0,0.10714285714285714,continuous LP,1.0
152,3,48,2032-11-25,C,NEO optical blind survey,NEO blind survey / recovery,Dynamic ecliptic scan annulus,9.215189873417721,0.05485232067510548,blind survey,1.0
152,3,48,2032-11-25,C,NEO recovery ToO reserve,NEO blind survey / recovery,Future MPC alert,3.6860759493670887,0.021940928270042195,reserved,1.0
152,3,48,2032-11-25,OPS,General observatory overhead,Observatory maintenance / overhead,Operations and calibration,21.44846153846154,0.12766941391941394,indirect overhead,1.0
152,3,48,2032-11-25,OPS,Wavefront sensing and control,Observatory maintenance / overhead,Segmented primary mirror,2.52,0.015,maintenance,1.0
152,3,48,2032-11-25,A,SN Ia time-domain cadence,SN Ia time domain,SN south,2.0,0.011904761904761904,cadence baseline,1.0
153,3,49,2032-12-02,X,Compact-object ToO reserve,Compact monitoring / ToO,Future KMTNet/LVK alert,1.8430379746835444,0.010970464135021098,reserved,1.0
153,3,49,2032-12-02,A,Medium/deep ELG tiers,Deep / imaging calibration,SXDS south,24.0,0.14285714285714285,continuous LP,1.0
153,3,49,2032-12-02,A,Wide ELG BAO/RSD,ELG wide South,SXDS south,36.0,0.21428571428571427,continuous LP,1.0
153,3,49,2032-12-02,B,First-light known giants,Exoplanet giants / disks,47 UMa c,16.666666666666668,0.09920634920634921,target-visit MILP,1.0
153,3,49,2032-12-02,B,Mature-giant search program,Exoplanet giants / disks,HD 82106,13.986013986013987,0.08325008325008325,target-visit MILP,1.0
153,3,49,2032-12-02,B,Young giants and debris disks,Exoplanet giants / disks,Target list not fixed in Appendix B,18.0,0.10714285714285714,continuous LP,1.0
153,3,49,2032-12-02,C,NEO optical blind survey,NEO blind survey / recovery,Dynamic ecliptic scan annulus,9.215189873417721,0.05485232067510548,blind survey,1.0
153,3,49,2032-12-02,C,NEO recovery ToO reserve,NEO blind survey / recovery,Future MPC alert,3.6860759493670887,0.021940928270042195,reserved,1.0
153,3,49,2032-12-02,OPS,General observatory overhead,Observatory maintenance / overhead,Operations and calibration,21.44846153846154,0.12766941391941394,indirect overhead,1.0
153,3,49,2032-12-02,OPS,L2 station keeping,Observatory maintenance / overhead,Spacecraft orbit,2.0,0.011904761904761904,maintenance,1.0
153,3,49,2032-12-02,OPS,Wavefront sensing and control,Observatory maintenance / overhead,Segmented primary mirror,2.52,0.015,maintenance,1.0
153,3,49,2032-12-02,A,SN Ia time-domain cadence,SN Ia time domain,SN south,2.0,0.011904761904761904,cadence baseline,1.0
154,3,50,2032-12-09,X,Compact-object ToO reserve,Compact monitoring / ToO,Future KMTNet/LVK alert,1.8430379746835444,0.010970464135021098,reserved,1.0
154,3,50,2032-12-09,A,Medium/deep ELG tiers,Deep / imaging calibration,SXDS south,24.0,0.14285714285714285,continuous LP,1.0
154,3,50,2032-12-09,A,Wide ELG BAO/RSD,ELG wide South,SXDS south,36.0,0.21428571428571427,continuous LP,1.0
154,3,50,2032-12-09,B,Young giants and debris disks,Exoplanet giants / disks,Target list not fixed in Appendix B,18.0,0.10714285714285714,continuous LP,1.0
154,3,50,2032-12-09,C,NEO optical blind survey,NEO blind survey / recovery,Dynamic ecliptic scan annulus,9.215189873417721,0.05485232067510548,blind survey,1.0
154,3,50,2032-12-09,C,NEO recovery ToO reserve,NEO blind survey / recovery,Future MPC alert,3.6860759493670887,0.021940928270042195,reserved,1.0
154,3,50,2032-12-09,OPS,General observatory overhead,Observatory maintenance / overhead,Operations and calibration,21.44846153846154,0.12766941391941394,indirect overhead,1.0
154,3,50,2032-12-09,OPS,Wavefront sensing and control,Observatory maintenance / overhead,Segmented primary mirror,2.52,0.015,maintenance,1.0
154,3,50,2032-12-09,A,SN Ia time-domain cadence,SN Ia time domain,SN south,2.0,0.011904761904761904,cadence baseline,1.0
155,3,51,2032-12-16,X,AM CVn monitoring,Compact monitoring / ToO,AM CVn,0.75,0.004464285714285714,target-visit MILP,1.0
155,3,51,2032-12-16,X,AM CVn monitoring,Compact monitoring / ToO,AM CVn,0.75,0.004464285714285714,target-visit MILP,1.0
155,3,51,2032-12-16,X,AM CVn monitoring,Compact monitoring / ToO,ES Cet,0.75,0.004464285714285714,target-visit MILP,1.0
155,3,51,2032-12-16,X,AM CVn monitoring,Compact monitoring / ToO,HM Cnc,0.75,0.004464285714285714,target-visit MILP,1.0
155,3,51,2032-12-16,X,Compact-object ToO reserve,Compact monitoring / ToO,Future KMTNet/LVK alert,1.8430379746835444,0.010970464135021098,reserved,1.0
155,3,51,2032-12-16,A,Medium/deep ELG tiers,Deep / imaging calibration,SXDS south,24.0,0.14285714285714285,continuous LP,1.0
155,3,51,2032-12-16,A,Wide ELG BAO/RSD,ELG wide South,SXDS south,36.0,0.21428571428571427,continuous LP,1.0
155,3,51,2032-12-16,B,Mature-giant search program,Exoplanet giants / disks,HD 17925,13.986013986013987,0.08325008325008325,target-visit MILP,1.0
155,3,51,2032-12-16,B,Young giants and debris disks,Exoplanet giants / disks,Target list not fixed in Appendix B,18.0,0.10714285714285714,continuous LP,1.0
155,3,51,2032-12-16,C,NEO optical blind survey,NEO blind survey / recovery,Dynamic ecliptic scan annulus,9.215189873417721,0.05485232067510548,blind survey,1.0
155,3,51,2032-12-16,C,NEO recovery ToO reserve,NEO blind survey / recovery,Future MPC alert,3.6860759493670887,0.021940928270042195,reserved,1.0
155,3,51,2032-12-16,OPS,General observatory overhead,Observatory maintenance / overhead,Operations and calibration,21.44846153846154,0.12766941391941394,indirect overhead,1.0
155,3,51,2032-12-16,OPS,Wavefront sensing and control,Observatory maintenance / overhead,Segmented primary mirror,2.52,0.015,maintenance,1.0
155,3,51,2032-12-16,A,SN Ia time-domain cadence,SN Ia time domain,SN south,2.0,0.011904761904761904,cadence baseline,1.0
156,3,52,2032-12-23,X,AM CVn monitoring,Compact monitoring / ToO,AM CVn,0.75,0.004464285714285714,target-visit MILP,1.0
156,3,52,2032-12-23,X,Compact-object ToO reserve,Compact monitoring / ToO,Future KMTNet/LVK alert,1.8430379746835444,0.010970464135021098,reserved,1.0
156,3,52,2032-12-23,B,Mature-giant search program,Exoplanet giants / disks,HD 38A,13.986013986013987,0.08325008325008325,target-visit MILP,1.0
156,3,52,2032-12-23,C,NEO optical blind survey,NEO blind survey / recovery,Dynamic ecliptic scan annulus,9.215189873417721,0.05485232067510548,blind survey,1.0
156,3,52,2032-12-23,C,NEO recovery ToO reserve,NEO blind survey / recovery,Future MPC alert,3.6860759493670887,0.021940928270042195,reserved,1.0
156,3,52,2032-12-23,OPS,General observatory overhead,Observatory maintenance / overhead,Operations and calibration,21.44846153846154,0.12766941391941394,indirect overhead,1.0
156,3,52,2032-12-23,OPS,L2 station keeping,Observatory maintenance / overhead,Spacecraft orbit,2.0,0.011904761904761904,maintenance,1.0
156,3,52,2032-12-23,OPS,Momentum unload,Observatory maintenance / overhead,Reaction wheels,3.0,0.017857142857142856,maintenance,1.0
156,3,52,2032-12-23,OPS,Quarterly calibration block,Observatory maintenance / overhead,Instruments and reference fields,24.0,0.14285714285714285,maintenance,1.0
156,3,52,2032-12-23,OPS,Wavefront sensing and control,Observatory maintenance / overhead,Segmented primary mirror,2.52,0.015,maintenance,1.0
156,3,52,2032-12-23,A,SN Ia time-domain cadence,SN Ia time domain,SN south,2.0,0.011904761904761904,cadence baseline,1.0
157,4,1,2033-01-01,X,Compact-object ToO reserve,Compact monitoring / ToO,Future KMTNet/LVK alert,1.8430379746835444,0.010970464135021098,reserved,1.0
157,4,1,2033-01-01,C,NEO optical blind survey,NEO blind survey / recovery,Dynamic ecliptic scan annulus,9.215189873417721,0.05485232067510548,blind survey,1.0
157,4,1,2033-01-01,C,NEO recovery ToO reserve,NEO blind survey / recovery,Future MPC alert,3.6860759493670887,0.021940928270042195,reserved,1.0
157,4,1,2033-01-01,OPS,General observatory overhead,Observatory maintenance / overhead,Operations and calibration,21.44846153846154,0.12766941391941394,indirect overhead,1.0
157,4,1,2033-01-01,OPS,Wavefront sensing and control,Observatory maintenance / overhead,Segmented primary mirror,2.52,0.015,maintenance,1.0
157,4,1,2033-01-01,A,SN Ia time-domain cadence,SN Ia time domain,SN south,2.0,0.011904761904761904,cadence baseline,1.0
158,4,2,2033-01-08,X,Compact-object ToO reserve,Compact monitoring / ToO,Future KMTNet/LVK alert,1.8430379746835444,0.010970464135021098,reserved,1.0
158,4,2,2033-01-08,B,Giant orbit determination,Exoplanet giants / disks,47 UMa b,14.814814814814815,0.08818342151675485,target-visit MILP,1.0
158,4,2,2033-01-08,C,NEO optical blind survey,NEO blind survey / recovery,Dynamic ecliptic scan annulus,9.215189873417721,0.05485232067510548,blind survey,1.0
158,4,2,2033-01-08,C,NEO recovery ToO reserve,NEO blind survey / recovery,Future MPC alert,3.6860759493670887,0.021940928270042195,reserved,1.0
158,4,2,2033-01-08,OPS,General observatory overhead,Observatory maintenance / overhead,Operations and calibration,21.44846153846154,0.12766941391941394,indirect overhead,1.0
158,4,2,2033-01-08,OPS,Wavefront sensing and control,Observatory maintenance / overhead,Segmented primary mirror,2.52,0.015,maintenance,1.0
158,4,2,2033-01-08,A,SN Ia time-domain cadence,SN Ia time domain,SN north,2.0,0.011904761904761904,cadence baseline,0.7142857142857143
158,4,2,2033-01-08,A,SN Ia time-domain cadence,SN Ia time domain,SN south,2.0,0.011904761904761904,cadence baseline,1.0
159,4,3,2033-01-15,X,Compact-object ToO reserve,Compact monitoring / ToO,Future KMTNet/LVK alert,1.8430379746835444,0.010970464135021098,reserved,1.0
159,4,3,2033-01-15,B,Mature-giant search program,Exoplanet giants / disks,HD 61606,13.986013986013987,0.08325008325008325,target-visit MILP,1.0
159,4,3,2033-01-15,C,NEO optical blind survey,NEO blind survey / recovery,Dynamic ecliptic scan annulus,9.215189873417721,0.05485232067510548,blind survey,1.0
159,4,3,2033-01-15,C,NEO recovery ToO reserve,NEO blind survey / recovery,Future MPC alert,3.6860759493670887,0.021940928270042195,reserved,1.0
159,4,3,2033-01-15,OPS,General observatory overhead,Observatory maintenance / overhead,Operations and calibration,21.44846153846154,0.12766941391941394,indirect overhead,1.0
159,4,3,2033-01-15,OPS,L2 station keeping,Observatory maintenance / overhead,Spacecraft orbit,2.0,0.011904761904761904,maintenance,1.0
159,4,3,2033-01-15,OPS,Wavefront sensing and control,Observatory maintenance / overhead,Segmented primary mirror,2.52,0.015,maintenance,1.0
159,4,3,2033-01-15,A,SN Ia time-domain cadence,SN Ia time domain,SN north,2.0,0.011904761904761904,cadence baseline,1.0
160,4,4,2033-01-22,X,Compact-object ToO reserve,Compact monitoring / ToO,Future KMTNet/LVK alert,1.8430379746835444,0.010970464135021098,reserved,1.0
160,4,4,2033-01-22,B,Mature-giant search program,Exoplanet giants / disks,61 UMa,13.986013986013987,0.08325008325008325,target-visit MILP,1.0
160,4,4,2033-01-22,B,Mature-giant search program,Exoplanet giants / disks,HD 104304,13.986013986013987,0.08325008325008325,target-visit MILP,1.0
160,4,4,2033-01-22,C,NEO optical blind survey,NEO blind survey / recovery,Dynamic ecliptic scan annulus,9.215189873417721,0.05485232067510548,blind survey,1.0
160,4,4,2033-01-22,C,NEO recovery ToO reserve,NEO blind survey / recovery,Future MPC alert,3.6860759493670887,0.021940928270042195,reserved,1.0
160,4,4,2033-01-22,OPS,General observatory overhead,Observatory maintenance / overhead,Operations and calibration,21.44846153846154,0.12766941391941394,indirect overhead,1.0
160,4,4,2033-01-22,OPS,Wavefront sensing and control,Observatory maintenance / overhead,Segmented primary mirror,2.52,0.015,maintenance,1.0
160,4,4,2033-01-22,A,SN Ia time-domain cadence,SN Ia time domain,SN north,2.0,0.011904761904761904,cadence baseline,1.0
161,4,5,2033-01-29,X,Compact-object ToO reserve,Compact monitoring / ToO,Future KMTNet/LVK alert,1.8430379746835444,0.010970464135021098,reserved,1.0
161,4,5,2033-01-29,B,Mature-giant search program,Exoplanet giants / disks,HD 29697,13.986013986013987,0.08325008325008325,target-visit MILP,1.0
161,4,5,2033-01-29,C,NEO optical blind survey,NEO blind survey / recovery,Dynamic ecliptic scan annulus,9.215189873417721,0.05485232067510548,blind survey,1.0
161,4,5,2033-01-29,C,NEO recovery ToO reserve,NEO blind survey / recovery,Future MPC alert,3.6860759493670887,0.021940928270042195,reserved,1.0
161,4,5,2033-01-29,OPS,General observatory overhead,Observatory maintenance / overhead,Operations and calibration,21.44846153846154,0.12766941391941394,indirect overhead,1.0
161,4,5,2033-01-29,OPS,Wavefront sensing and control,Observatory maintenance / overhead,Segmented primary mirror,2.52,0.015,maintenance,1.0
161,4,5,2033-01-29,A,SN Ia time-domain cadence,SN Ia time domain,SN north,2.0,0.011904761904761904,cadence baseline,1.0
162,4,6,2033-02-05,X,Compact-object ToO reserve,Compact monitoring / ToO,Future KMTNet/LVK alert,1.8430379746835444,0.010970464135021098,reserved,1.0
162,4,6,2033-02-05,B,Giant orbit determination,Exoplanet giants / disks,GJ 414 A c,14.814814814814815,0.08818342151675485,target-visit MILP,1.0
162,4,6,2033-02-05,C,NEO optical blind survey,NEO blind survey / recovery,Dynamic ecliptic scan annulus,9.215189873417721,0.05485232067510548,blind survey,1.0
162,4,6,2033-02-05,C,NEO recovery ToO reserve,NEO blind survey / recovery,Future MPC alert,3.6860759493670887,0.021940928270042195,reserved,1.0
162,4,6,2033-02-05,OPS,General observatory overhead,Observatory maintenance / overhead,Operations and calibration,21.44846153846154,0.12766941391941394,indirect overhead,1.0
162,4,6,2033-02-05,OPS,L2 station keeping,Observatory maintenance / overhead,Spacecraft orbit,2.0,0.011904761904761904,maintenance,1.0
162,4,6,2033-02-05,OPS,Momentum unload,Observatory maintenance / overhead,Reaction wheels,3.0,0.017857142857142856,maintenance,1.0
162,4,6,2033-02-05,OPS,Wavefront sensing and control,Observatory maintenance / overhead,Segmented primary mirror,2.52,0.015,maintenance,1.0
162,4,6,2033-02-05,A,Quasar and reionization targets,Quasar / ancillary,Flexible target list,18.0,0.10714285714285714,continuous LP,1.0
162,4,6,2033-02-05,A,SN Ia time-domain cadence,SN Ia time domain,SN north,2.0,0.011904761904761904,cadence baseline,1.0
163,4,7,2033-02-12,X,Compact-object ToO reserve,Compact monitoring / ToO,Future KMTNet/LVK alert,1.8430379746835444,0.010970464135021098,reserved,1.0
163,4,7,2033-02-12,C,NEO optical blind survey,NEO blind survey / recovery,Dynamic ecliptic scan annulus,9.215189873417721,0.05485232067510548,blind survey,1.0
163,4,7,2033-02-12,C,NEO recovery ToO reserve,NEO blind survey / recovery,Future MPC alert,3.6860759493670887,0.021940928270042195,reserved,1.0
163,4,7,2033-02-12,OPS,General observatory overhead,Observatory maintenance / overhead,Operations and calibration,21.44846153846154,0.12766941391941394,indirect overhead,1.0
163,4,7,2033-02-12,OPS,Wavefront sensing and control,Observatory maintenance / overhead,Segmented primary mirror,2.52,0.015,maintenance,1.0
163,4,7,2033-02-12,A,Quasar and reionization targets,Quasar / ancillary,Flexible target list,18.0,0.10714285714285714,continuous LP,1.0
163,4,7,2033-02-12,A,SN Ia time-domain cadence,SN Ia time domain,SN north,2.0,0.011904761904761904,cadence baseline,1.0
164,4,8,2033-02-19,X,Compact-object ToO reserve,Compact monitoring / ToO,Future KMTNet/LVK alert,1.8430379746835444,0.010970464135021098,reserved,1.0
164,4,8,2033-02-19,C,NEO optical blind survey,NEO blind survey / recovery,Dynamic ecliptic scan annulus,9.215189873417721,0.05485232067510548,blind survey,1.0
164,4,8,2033-02-19,C,NEO recovery ToO reserve,NEO blind survey / recovery,Future MPC alert,3.6860759493670887,0.021940928270042195,reserved,1.0
164,4,8,2033-02-19,OPS,General observatory overhead,Observatory maintenance / overhead,Operations and calibration,21.44846153846154,0.12766941391941394,indirect overhead,1.0
164,4,8,2033-02-19,OPS,Wavefront sensing and control,Observatory maintenance / overhead,Segmented primary mirror,2.52,0.015,maintenance,1.0
164,4,8,2033-02-19,A,Quasar and reionization targets,Quasar / ancillary,Flexible target list,18.0,0.10714285714285714,continuous LP,1.0
164,4,8,2033-02-19,A,SN Ia time-domain cadence,SN Ia time domain,SN north,2.0,0.011904761904761904,cadence baseline,1.0
165,4,9,2033-02-26,X,Compact-object ToO reserve,Compact monitoring / ToO,Future KMTNet/LVK alert,1.8430379746835444,0.010970464135021098,reserved,1.0
165,4,9,2033-02-26,B,Giant orbit determination,Exoplanet giants / disks,GJ 414 A c,14.814814814814815,0.08818342151675485,target-visit MILP,1.0
165,4,9,2033-02-26,B,Giant orbit determination,Exoplanet giants / disks,GJ 414 A c,14.814814814814815,0.08818342151675485,target-visit MILP,1.0
165,4,9,2033-02-26,B,Mature-giant search program,Exoplanet giants / disks,111 Tau,13.986013986013987,0.08325008325008325,target-visit MILP,1.0
165,4,9,2033-02-26,C,NEO optical blind survey,NEO blind survey / recovery,Dynamic ecliptic scan annulus,9.215189873417721,0.05485232067510548,blind survey,1.0
165,4,9,2033-02-26,C,NEO recovery ToO reserve,NEO blind survey / recovery,Future MPC alert,3.6860759493670887,0.021940928270042195,reserved,1.0
165,4,9,2033-02-26,OPS,General observatory overhead,Observatory maintenance / overhead,Operations and calibration,21.44846153846154,0.12766941391941394,indirect overhead,1.0
165,4,9,2033-02-26,OPS,L2 station keeping,Observatory maintenance / overhead,Spacecraft orbit,2.0,0.011904761904761904,maintenance,1.0
165,4,9,2033-02-26,OPS,Wavefront sensing and control,Observatory maintenance / overhead,Segmented primary mirror,2.52,0.015,maintenance,1.0
165,4,9,2033-02-26,A,Quasar and reionization targets,Quasar / ancillary,Flexible target list,18.0,0.10714285714285714,continuous LP,1.0
165,4,9,2033-02-26,A,SN Ia time-domain cadence,SN Ia time domain,SN north,2.0,0.011904761904761904,cadence baseline,1.0
166,4,10,2033-03-05,X,Compact-object ToO reserve,Compact monitoring / ToO,Future KMTNet/LVK alert,1.8430379746835444,0.010970464135021098,reserved,1.0
166,4,10,2033-03-05,B,Giant orbit determination,Exoplanet giants / disks,47 UMa c,14.814814814814815,0.08818342151675485,target-visit MILP,1.0
166,4,10,2033-03-05,C,NEO optical blind survey,NEO blind survey / recovery,Dynamic ecliptic scan annulus,9.215189873417721,0.05485232067510548,blind survey,1.0
166,4,10,2033-03-05,C,NEO recovery ToO reserve,NEO blind survey / recovery,Future MPC alert,3.6860759493670887,0.021940928270042195,reserved,1.0
166,4,10,2033-03-05,OPS,General observatory overhead,Observatory maintenance / overhead,Operations and calibration,21.44846153846154,0.12766941391941394,indirect overhead,1.0
166,4,10,2033-03-05,OPS,Wavefront sensing and control,Observatory maintenance / overhead,Segmented primary mirror,2.52,0.015,maintenance,1.0
166,4,10,2033-03-05,A,Quasar and reionization targets,Quasar / ancillary,Flexible target list,18.0,0.10714285714285714,continuous LP,1.0
166,4,10,2033-03-05,A,SN Ia time-domain cadence,SN Ia time domain,SN north,2.0,0.011904761904761904,cadence baseline,1.0
167,4,11,2033-03-12,X,Compact-object ToO reserve,Compact monitoring / ToO,Future KMTNet/LVK alert,1.8430379746835444,0.010970464135021098,reserved,1.0
167,4,11,2033-03-12,B,Mature-giant search program,Exoplanet giants / disks,HD 115404,13.986013986013987,0.08325008325008325,target-visit MILP,1.0
167,4,11,2033-03-12,B,Mature-giant search program,Exoplanet giants / disks,HD 144579,13.986013986013987,0.08325008325008325,target-visit MILP,1.0
167,4,11,2033-03-12,C,NEO optical blind survey,NEO blind survey / recovery,Dynamic ecliptic scan annulus,9.215189873417721,0.05485232067510548,blind survey,1.0
167,4,11,2033-03-12,C,NEO recovery ToO reserve,NEO blind survey / recovery,Future MPC alert,3.6860759493670887,0.021940928270042195,reserved,1.0
167,4,11,2033-03-12,OPS,General observatory overhead,Observatory maintenance / overhead,Operations and calibration,21.44846153846154,0.12766941391941394,indirect overhead,1.0
167,4,11,2033-03-12,OPS,Wavefront sensing and control,Observatory maintenance / overhead,Segmented primary mirror,2.52,0.015,maintenance,1.0
167,4,11,2033-03-12,A,Quasar and reionization targets,Quasar / ancillary,Flexible target list,18.0,0.10714285714285714,continuous LP,1.0
167,4,11,2033-03-12,A,SN Ia time-domain cadence,SN Ia time domain,SN north,2.0,0.011904761904761904,cadence baseline,1.0
168,4,12,2033-03-19,X,Compact-object ToO reserve,Compact monitoring / ToO,Future KMTNet/LVK alert,1.8430379746835444,0.010970464135021098,reserved,1.0
168,4,12,2033-03-19,B,Mature-giant search program,Exoplanet giants / disks,HD 103932,13.986013986013987,0.08325008325008325,target-visit MILP,1.0
168,4,12,2033-03-19,C,NEO optical blind survey,NEO blind survey / recovery,Dynamic ecliptic scan annulus,9.215189873417721,0.05485232067510548,blind survey,1.0
168,4,12,2033-03-19,C,NEO recovery ToO reserve,NEO blind survey / recovery,Future MPC alert,3.6860759493670887,0.021940928270042195,reserved,1.0
168,4,12,2033-03-19,OPS,General observatory overhead,Observatory maintenance / overhead,Operations and calibration,21.44846153846154,0.12766941391941394,indirect overhead,1.0
168,4,12,2033-03-19,OPS,L2 station keeping,Observatory maintenance / overhead,Spacecraft orbit,2.0,0.011904761904761904,maintenance,1.0
168,4,12,2033-03-19,OPS,Momentum unload,Observatory maintenance / overhead,Reaction wheels,3.0,0.017857142857142856,maintenance,1.0
168,4,12,2033-03-19,OPS,Wavefront sensing and control,Observatory maintenance / overhead,Segmented primary mirror,2.52,0.015,maintenance,1.0
168,4,12,2033-03-19,A,Quasar and reionization targets,Quasar / ancillary,Flexible target list,18.0,0.10714285714285714,continuous LP,1.0
168,4,12,2033-03-19,A,SN Ia time-domain cadence,SN Ia time domain,SN north,2.0,0.011904761904761904,cadence baseline,1.0
169,4,13,2033-03-26,X,Compact-object ToO reserve,Compact monitoring / ToO,Future KMTNet/LVK alert,1.8430379746835444,0.010970464135021098,reserved,1.0
169,4,13,2033-03-26,B,Giant orbit determination,Exoplanet giants / disks,47 UMa c,14.814814814814815,0.08818342151675485,target-visit MILP,1.0
169,4,13,2033-03-26,B,Giant orbit determination,Exoplanet giants / disks,47 UMa c,14.814814814814815,0.08818342151675485,target-visit MILP,1.0
169,4,13,2033-03-26,C,NEO optical blind survey,NEO blind survey / recovery,Dynamic ecliptic scan annulus,9.215189873417721,0.05485232067510548,blind survey,1.0
169,4,13,2033-03-26,C,NEO recovery ToO reserve,NEO blind survey / recovery,Future MPC alert,3.6860759493670887,0.021940928270042195,reserved,1.0
169,4,13,2033-03-26,OPS,General observatory overhead,Observatory maintenance / overhead,Operations and calibration,21.44846153846154,0.12766941391941394,indirect overhead,1.0
169,4,13,2033-03-26,OPS,Quarterly calibration block,Observatory maintenance / overhead,Instruments and reference fields,24.0,0.14285714285714285,maintenance,1.0
169,4,13,2033-03-26,OPS,Wavefront sensing and control,Observatory maintenance / overhead,Segmented primary mirror,2.52,0.015,maintenance,1.0
169,4,13,2033-03-26,A,Quasar and reionization targets,Quasar / ancillary,Flexible target list,18.0,0.10714285714285714,continuous LP,1.0
169,4,13,2033-03-26,A,SN Ia time-domain cadence,SN Ia time domain,SN north,2.0,0.011904761904761904,cadence baseline,1.0
170,4,14,2033-04-02,X,Compact-object ToO reserve,Compact monitoring / ToO,Future KMTNet/LVK alert,1.8430379746835444,0.010970464135021098,reserved,1.0
170,4,14,2033-04-02,B,Mature-giant search program,Exoplanet giants / disks,36 Oph B,13.986013986013987,0.08325008325008325,target-visit MILP,1.0
170,4,14,2033-04-02,B,Mature-giant search program,Exoplanet giants / disks,36 UMa B,13.986013986013987,0.08325008325008325,target-visit MILP,1.0
170,4,14,2033-04-02,C,NEO optical blind survey,NEO blind survey / recovery,Dynamic ecliptic scan annulus,9.215189873417721,0.05485232067510548,blind survey,1.0
170,4,14,2033-04-02,C,NEO recovery ToO reserve,NEO blind survey / recovery,Future MPC alert,3.6860759493670887,0.021940928270042195,reserved,1.0
170,4,14,2033-04-02,OPS,General observatory overhead,Observatory maintenance / overhead,Operations and calibration,21.44846153846154,0.12766941391941394,indirect overhead,1.0
170,4,14,2033-04-02,OPS,Wavefront sensing and control,Observatory maintenance / overhead,Segmented primary mirror,2.52,0.015,maintenance,1.0
170,4,14,2033-04-02,A,Quasar and reionization targets,Quasar / ancillary,Flexible target list,18.0,0.10714285714285714,continuous LP,1.0
170,4,14,2033-04-02,A,SN Ia time-domain cadence,SN Ia time domain,SN north,2.0,0.011904761904761904,cadence baseline,1.0
171,4,15,2033-04-09,X,Compact-object ToO reserve,Compact monitoring / ToO,Future KMTNet/LVK alert,1.8430379746835444,0.010970464135021098,reserved,1.0
171,4,15,2033-04-09,C,NEO optical blind survey,NEO blind survey / recovery,Dynamic ecliptic scan annulus,9.215189873417721,0.05485232067510548,blind survey,1.0
171,4,15,2033-04-09,C,NEO recovery ToO reserve,NEO blind survey / recovery,Future MPC alert,3.6860759493670887,0.021940928270042195,reserved,1.0
171,4,15,2033-04-09,OPS,General observatory overhead,Observatory maintenance / overhead,Operations and calibration,21.44846153846154,0.12766941391941394,indirect overhead,1.0
171,4,15,2033-04-09,OPS,L2 station keeping,Observatory maintenance / overhead,Spacecraft orbit,2.0,0.011904761904761904,maintenance,1.0
171,4,15,2033-04-09,OPS,Wavefront sensing and control,Observatory maintenance / overhead,Segmented primary mirror,2.52,0.015,maintenance,1.0
171,4,15,2033-04-09,A,Quasar and reionization targets,Quasar / ancillary,Flexible target list,18.0,0.10714285714285714,continuous LP,1.0
171,4,15,2033-04-09,A,SN Ia time-domain cadence,SN Ia time domain,SN north,2.0,0.011904761904761904,cadence baseline,1.0
172,4,16,2033-04-16,X,Compact-object ToO reserve,Compact monitoring / ToO,Future KMTNet/LVK alert,1.8430379746835444,0.010970464135021098,reserved,1.0
172,4,16,2033-04-16,B,Mature-giant search program,Exoplanet giants / disks,HD 69830,13.986013986013987,0.08325008325008325,target-visit MILP,1.0
172,4,16,2033-04-16,C,NEO optical blind survey,NEO blind survey / recovery,Dynamic ecliptic scan annulus,9.215189873417721,0.05485232067510548,blind survey,1.0
172,4,16,2033-04-16,C,NEO recovery ToO reserve,NEO blind survey / recovery,Future MPC alert,3.6860759493670887,0.021940928270042195,reserved,1.0
172,4,16,2033-04-16,OPS,General observatory overhead,Observatory maintenance / overhead,Operations and calibration,21.44846153846154,0.12766941391941394,indirect overhead,1.0
172,4,16,2033-04-16,OPS,Wavefront sensing and control,Observatory maintenance / overhead,Segmented primary mirror,2.52,0.015,maintenance,1.0
172,4,16,2033-04-16,A,Quasar and reionization targets,Quasar / ancillary,Flexible target list,18.0,0.10714285714285714,continuous LP,1.0
172,4,16,2033-04-16,A,SN Ia time-domain cadence,SN Ia time domain,SN north,2.0,0.011904761904761904,cadence baseline,1.0
173,4,17,2033-04-23,X,Compact-object ToO reserve,Compact monitoring / ToO,Future KMTNet/LVK alert,1.8430379746835444,0.010970464135021098,reserved,1.0
173,4,17,2033-04-23,B,Giant orbit determination,Exoplanet giants / disks,47 UMa b,14.814814814814815,0.08818342151675485,target-visit MILP,1.0
173,4,17,2033-04-23,B,Mature-giant search program,Exoplanet giants / disks,HD 125072,13.986013986013987,0.08325008325008325,target-visit MILP,1.0
173,4,17,2033-04-23,B,Mature-giant search program,Exoplanet giants / disks,HD 158633,13.986013986013987,0.08325008325008325,target-visit MILP,1.0
173,4,17,2033-04-23,B,Mature-giant search program,Exoplanet giants / disks,HD 88230,13.986013986013987,0.08325008325008325,target-visit MILP,1.0
173,4,17,2033-04-23,B,Mature-giant search program,Exoplanet giants / disks,b Aql,13.986013986013987,0.08325008325008325,target-visit MILP,1.0
173,4,17,2033-04-23,C,NEO optical blind survey,NEO blind survey / recovery,Dynamic ecliptic scan annulus,9.215189873417721,0.05485232067510548,blind survey,1.0
173,4,17,2033-04-23,C,NEO recovery ToO reserve,NEO blind survey / recovery,Future MPC alert,3.6860759493670887,0.021940928270042195,reserved,1.0
173,4,17,2033-04-23,OPS,General observatory overhead,Observatory maintenance / overhead,Operations and calibration,21.44846153846154,0.12766941391941394,indirect overhead,1.0
173,4,17,2033-04-23,OPS,Wavefront sensing and control,Observatory maintenance / overhead,Segmented primary mirror,2.52,0.015,maintenance,1.0
173,4,17,2033-04-23,A,Quasar and reionization targets,Quasar / ancillary,Flexible target list,18.0,0.10714285714285714,continuous LP,1.0
173,4,17,2033-04-23,A,SN Ia time-domain cadence,SN Ia time domain,SN north,2.0,0.011904761904761904,cadence baseline,1.0
174,4,18,2033-04-30,X,Compact-object ToO reserve,Compact monitoring / ToO,Future KMTNet/LVK alert,1.8430379746835444,0.010970464135021098,reserved,1.0
174,4,18,2033-04-30,B,Mature-giant search program,Exoplanet giants / disks,HD 145417,13.986013986013987,0.08325008325008325,target-visit MILP,1.0
174,4,18,2033-04-30,B,Mature-giant search program,Exoplanet giants / disks,HD 234078,13.986013986013987,0.08325008325008325,target-visit MILP,1.0
174,4,18,2033-04-30,C,NEO optical blind survey,NEO blind survey / recovery,Dynamic ecliptic scan annulus,9.215189873417721,0.05485232067510548,blind survey,1.0
174,4,18,2033-04-30,C,NEO recovery ToO reserve,NEO blind survey / recovery,Future MPC alert,3.6860759493670887,0.021940928270042195,reserved,1.0
174,4,18,2033-04-30,OPS,General observatory overhead,Observatory maintenance / overhead,Operations and calibration,21.44846153846154,0.12766941391941394,indirect overhead,1.0
174,4,18,2033-04-30,OPS,L2 station keeping,Observatory maintenance / overhead,Spacecraft orbit,2.0,0.011904761904761904,maintenance,1.0
174,4,18,2033-04-30,OPS,Momentum unload,Observatory maintenance / overhead,Reaction wheels,3.0,0.017857142857142856,maintenance,1.0
174,4,18,2033-04-30,OPS,Wavefront sensing and control,Observatory maintenance / overhead,Segmented primary mirror,2.52,0.015,maintenance,1.0
174,4,18,2033-04-30,A,Quasar and reionization targets,Quasar / ancillary,Flexible target list,18.0,0.10714285714285714,continuous LP,1.0
174,4,18,2033-04-30,A,SN Ia time-domain cadence,SN Ia time domain,SN north,2.0,0.011904761904761904,cadence baseline,1.0
175,4,19,2033-05-07,X,Compact-object ToO reserve,Compact monitoring / ToO,Future KMTNet/LVK alert,1.8430379746835444,0.010970464135021098,reserved,1.0
175,4,19,2033-05-07,B,Giant orbit determination,Exoplanet giants / disks,HD 147513 b,14.814814814814815,0.08818342151675485,target-visit MILP,1.0
175,4,19,2033-05-07,B,Mature-giant search program,Exoplanet giants / disks,ksi Boo A,13.986013986013987,0.08325008325008325,target-visit MILP,1.0
175,4,19,2033-05-07,C,NEO optical blind survey,NEO blind survey / recovery,Dynamic ecliptic scan annulus,9.215189873417721,0.05485232067510548,blind survey,1.0
175,4,19,2033-05-07,C,NEO recovery ToO reserve,NEO blind survey / recovery,Future MPC alert,3.6860759493670887,0.021940928270042195,reserved,1.0
175,4,19,2033-05-07,OPS,General observatory overhead,Observatory maintenance / overhead,Operations and calibration,21.44846153846154,0.12766941391941394,indirect overhead,1.0
175,4,19,2033-05-07,OPS,Wavefront sensing and control,Observatory maintenance / overhead,Segmented primary mirror,2.52,0.015,maintenance,1.0
175,4,19,2033-05-07,A,Quasar and reionization targets,Quasar / ancillary,Flexible target list,18.0,0.10714285714285714,continuous LP,1.0
175,4,19,2033-05-07,A,SN Ia time-domain cadence,SN Ia time domain,SN north,2.0,0.011904761904761904,cadence baseline,1.0
176,4,20,2033-05-14,X,Compact-object ToO reserve,Compact monitoring / ToO,Future KMTNet/LVK alert,1.8430379746835444,0.010970464135021098,reserved,1.0
176,4,20,2033-05-14,B,Mature-giant search program,Exoplanet giants / disks,HD 200779,13.986013986013987,0.08325008325008325,target-visit MILP,1.0
176,4,20,2033-05-14,C,NEO optical blind survey,NEO blind survey / recovery,Dynamic ecliptic scan annulus,9.215189873417721,0.05485232067510548,blind survey,1.0
176,4,20,2033-05-14,C,NEO recovery ToO reserve,NEO blind survey / recovery,Future MPC alert,3.6860759493670887,0.021940928270042195,reserved,1.0
176,4,20,2033-05-14,OPS,General observatory overhead,Observatory maintenance / overhead,Operations and calibration,21.44846153846154,0.12766941391941394,indirect overhead,1.0
176,4,20,2033-05-14,OPS,Wavefront sensing and control,Observatory maintenance / overhead,Segmented primary mirror,2.52,0.015,maintenance,1.0
176,4,20,2033-05-14,A,Quasar and reionization targets,Quasar / ancillary,Flexible target list,18.0,0.10714285714285714,continuous LP,1.0
176,4,20,2033-05-14,A,SN Ia time-domain cadence,SN Ia time domain,SN north,2.0,0.011904761904761904,cadence baseline,1.0
177,4,21,2033-05-21,X,Compact-object ToO reserve,Compact monitoring / ToO,Future KMTNet/LVK alert,1.8430379746835444,0.010970464135021098,reserved,1.0
177,4,21,2033-05-21,A,Wide ELG BAO/RSD,ELG wide North,Boötes north,15.25,0.09077380952380952,continuous LP,1.0
177,4,21,2033-05-21,B,Giant orbit determination,Exoplanet giants / disks,HD 192310 c,14.814814814814815,0.08818342151675485,target-visit MILP,1.0
177,4,21,2033-05-21,B,Mature-giant search program,Exoplanet giants / disks,HD 205390,13.986013986013987,0.08325008325008325,target-visit MILP,1.0
177,4,21,2033-05-21,C,NEO optical blind survey,NEO blind survey / recovery,Dynamic ecliptic scan annulus,9.215189873417721,0.05485232067510548,blind survey,1.0
177,4,21,2033-05-21,C,NEO recovery ToO reserve,NEO blind survey / recovery,Future MPC alert,3.6860759493670887,0.021940928270042195,reserved,1.0
177,4,21,2033-05-21,OPS,General observatory overhead,Observatory maintenance / overhead,Operations and calibration,21.44846153846154,0.12766941391941394,indirect overhead,1.0
177,4,21,2033-05-21,OPS,L2 station keeping,Observatory maintenance / overhead,Spacecraft orbit,2.0,0.011904761904761904,maintenance,1.0
177,4,21,2033-05-21,OPS,Wavefront sensing and control,Observatory maintenance / overhead,Segmented primary mirror,2.52,0.015,maintenance,1.0
177,4,21,2033-05-21,A,Quasar and reionization targets,Quasar / ancillary,Flexible target list,18.0,0.10714285714285714,continuous LP,1.0
177,4,21,2033-05-21,A,SN Ia time-domain cadence,SN Ia time domain,SN north,2.0,0.011904761904761904,cadence baseline,1.0
178,4,22,2033-05-28,X,Compact-object ToO reserve,Compact monitoring / ToO,Future KMTNet/LVK alert,1.8430379746835444,0.010970464135021098,reserved,1.0
178,4,22,2033-05-28,A,Wide ELG BAO/RSD,ELG wide North,Boötes north,36.0,0.21428571428571427,continuous LP,1.0
178,4,22,2033-05-28,B,Giant orbit determination,Exoplanet giants / disks,HD 147513 b,14.814814814814815,0.08818342151675485,target-visit MILP,1.0
178,4,22,2033-05-28,B,Mature-giant search program,Exoplanet giants / disks,HD 222237,13.986013986013987,0.08325008325008325,target-visit MILP,1.0
178,4,22,2033-05-28,C,NEO optical blind survey,NEO blind survey / recovery,Dynamic ecliptic scan annulus,9.215189873417721,0.05485232067510548,blind survey,1.0
178,4,22,2033-05-28,C,NEO recovery ToO reserve,NEO blind survey / recovery,Future MPC alert,3.6860759493670887,0.021940928270042195,reserved,1.0
178,4,22,2033-05-28,OPS,General observatory overhead,Observatory maintenance / overhead,Operations and calibration,21.44846153846154,0.12766941391941394,indirect overhead,1.0
178,4,22,2033-05-28,OPS,Wavefront sensing and control,Observatory maintenance / overhead,Segmented primary mirror,2.52,0.015,maintenance,1.0
178,4,22,2033-05-28,A,Quasar and reionization targets,Quasar / ancillary,Flexible target list,18.0,0.10714285714285714,continuous LP,1.0
178,4,22,2033-05-28,A,SN Ia time-domain cadence,SN Ia time domain,SN north,2.0,0.011904761904761904,cadence baseline,1.0
179,4,23,2033-06-04,X,Compact-object ToO reserve,Compact monitoring / ToO,Future KMTNet/LVK alert,1.8430379746835444,0.010970464135021098,reserved,1.0
179,4,23,2033-06-04,A,Medium/deep ELG tiers,Deep / imaging calibration,Boötes north,16.5,0.09821428571428571,continuous LP,1.0
179,4,23,2033-06-04,A,Wide ELG BAO/RSD,ELG wide North,Boötes north,36.0,0.21428571428571427,continuous LP,1.0
179,4,23,2033-06-04,B,Giant orbit determination,Exoplanet giants / disks,HD 192310 c,14.814814814814815,0.08818342151675485,target-visit MILP,1.0
179,4,23,2033-06-04,B,Mature-giant search program,Exoplanet giants / disks,HD 154363,13.986013986013987,0.08325008325008325,target-visit MILP,1.0
179,4,23,2033-06-04,C,NEO optical blind survey,NEO blind survey / recovery,Dynamic ecliptic scan annulus,9.215189873417721,0.05485232067510548,blind survey,1.0
179,4,23,2033-06-04,C,NEO recovery ToO reserve,NEO blind survey / recovery,Future MPC alert,3.6860759493670887,0.021940928270042195,reserved,1.0
179,4,23,2033-06-04,OPS,General observatory overhead,Observatory maintenance / overhead,Operations and calibration,21.44846153846154,0.12766941391941394,indirect overhead,1.0
179,4,23,2033-06-04,OPS,Wavefront sensing and control,Observatory maintenance / overhead,Segmented primary mirror,2.52,0.015,maintenance,1.0
179,4,23,2033-06-04,A,Quasar and reionization targets,Quasar / ancillary,Flexible target list,18.0,0.10714285714285714,continuous LP,1.0
179,4,23,2033-06-04,A,SN Ia time-domain cadence,SN Ia time domain,SN north,2.0,0.011904761904761904,cadence baseline,1.0
180,4,24,2033-06-11,X,Compact-object ToO reserve,Compact monitoring / ToO,Future KMTNet/LVK alert,1.8430379746835444,0.010970464135021098,reserved,1.0
180,4,24,2033-06-11,A,Medium/deep ELG tiers,Deep / imaging calibration,Boötes north,24.0,0.14285714285714285,continuous LP,1.0
180,4,24,2033-06-11,A,Wide ELG BAO/RSD,ELG wide North,Boötes north,36.0,0.21428571428571427,continuous LP,1.0
180,4,24,2033-06-11,C,NEO optical blind survey,NEO blind survey / recovery,Dynamic ecliptic scan annulus,9.215189873417721,0.05485232067510548,blind survey,1.0
180,4,24,2033-06-11,C,NEO recovery ToO reserve,NEO blind survey / recovery,Future MPC alert,3.6860759493670887,0.021940928270042195,reserved,1.0
180,4,24,2033-06-11,OPS,General observatory overhead,Observatory maintenance / overhead,Operations and calibration,21.44846153846154,0.12766941391941394,indirect overhead,1.0
180,4,24,2033-06-11,OPS,L2 station keeping,Observatory maintenance / overhead,Spacecraft orbit,2.0,0.011904761904761904,maintenance,1.0
180,4,24,2033-06-11,OPS,Momentum unload,Observatory maintenance / overhead,Reaction wheels,3.0,0.017857142857142856,maintenance,1.0
180,4,24,2033-06-11,OPS,Wavefront sensing and control,Observatory maintenance / overhead,Segmented primary mirror,2.52,0.015,maintenance,1.0
180,4,24,2033-06-11,A,Quasar and reionization targets,Quasar / ancillary,Flexible target list,18.0,0.10714285714285714,continuous LP,1.0
180,4,24,2033-06-11,A,SN Ia time-domain cadence,SN Ia time domain,SN north,2.0,0.011904761904761904,cadence baseline,1.0
181,4,25,2033-06-18,X,Compact-object ToO reserve,Compact monitoring / ToO,Future KMTNet/LVK alert,1.8430379746835444,0.010970464135021098,reserved,1.0
181,4,25,2033-06-18,A,Medium/deep ELG tiers,Deep / imaging calibration,Boötes north,24.0,0.14285714285714285,continuous LP,1.0
181,4,25,2033-06-18,A,Wide ELG BAO/RSD,ELG wide North,Boötes north,36.0,0.21428571428571427,continuous LP,1.0
181,4,25,2033-06-18,C,NEO optical blind survey,NEO blind survey / recovery,Dynamic ecliptic scan annulus,9.215189873417721,0.05485232067510548,blind survey,1.0
181,4,25,2033-06-18,C,NEO recovery ToO reserve,NEO blind survey / recovery,Future MPC alert,3.6860759493670887,0.021940928270042195,reserved,1.0
181,4,25,2033-06-18,OPS,General observatory overhead,Observatory maintenance / overhead,Operations and calibration,21.44846153846154,0.12766941391941394,indirect overhead,1.0
181,4,25,2033-06-18,OPS,Wavefront sensing and control,Observatory maintenance / overhead,Segmented primary mirror,2.52,0.015,maintenance,1.0
181,4,25,2033-06-18,A,Quasar and reionization targets,Quasar / ancillary,Flexible target list,18.0,0.10714285714285714,continuous LP,1.0
181,4,25,2033-06-18,A,SN Ia time-domain cadence,SN Ia time domain,SN north,2.0,0.011904761904761904,cadence baseline,1.0
181,4,25,2033-06-18,A,SN Ia time-domain field,SN Ia time domain,SN north,6.0,0.03571428571428571,continuous LP,1.0
182,4,26,2033-06-25,X,Compact-object ToO reserve,Compact monitoring / ToO,Future KMTNet/LVK alert,1.8430379746835444,0.010970464135021098,reserved,1.0
182,4,26,2033-06-25,A,Medium/deep ELG tiers,Deep / imaging calibration,Boötes north,24.0,0.14285714285714285,continuous LP,1.0
182,4,26,2033-06-25,A,Wide ELG BAO/RSD,ELG wide North,Boötes north,36.0,0.21428571428571427,continuous LP,1.0
182,4,26,2033-06-25,C,NEO optical blind survey,NEO blind survey / recovery,Dynamic ecliptic scan annulus,9.215189873417721,0.05485232067510548,blind survey,1.0
182,4,26,2033-06-25,C,NEO recovery ToO reserve,NEO blind survey / recovery,Future MPC alert,3.6860759493670887,0.021940928270042195,reserved,1.0
182,4,26,2033-06-25,OPS,General observatory overhead,Observatory maintenance / overhead,Operations and calibration,21.44846153846154,0.12766941391941394,indirect overhead,1.0
182,4,26,2033-06-25,OPS,Quarterly calibration block,Observatory maintenance / overhead,Instruments and reference fields,24.0,0.14285714285714285,maintenance,1.0
182,4,26,2033-06-25,OPS,Wavefront sensing and control,Observatory maintenance / overhead,Segmented primary mirror,2.52,0.015,maintenance,1.0
182,4,26,2033-06-25,A,Quasar and reionization targets,Quasar / ancillary,Flexible target list,18.0,0.10714285714285714,continuous LP,1.0
182,4,26,2033-06-25,A,SN Ia time-domain cadence,SN Ia time domain,SN north,2.0,0.011904761904761904,cadence baseline,1.0
182,4,26,2033-06-25,A,SN Ia time-domain field,SN Ia time domain,SN north,14.0,0.08333333333333333,continuous LP,1.0
183,4,27,2033-07-02,X,Compact-object ToO reserve,Compact monitoring / ToO,Future KMTNet/LVK alert,1.8430379746835444,0.010970464135021098,reserved,1.0
183,4,27,2033-07-02,A,Medium/deep ELG tiers,Deep / imaging calibration,Boötes north,24.0,0.14285714285714285,continuous LP,1.0
183,4,27,2033-07-02,A,Wide ELG BAO/RSD,ELG wide North,Boötes north,36.0,0.21428571428571427,continuous LP,1.0
183,4,27,2033-07-02,B,Mature-giant search program,Exoplanet giants / disks,nu.02 Lup,13.986013986013987,0.08325008325008325,target-visit MILP,1.0
183,4,27,2033-07-02,C,NEO optical blind survey,NEO blind survey / recovery,Dynamic ecliptic scan annulus,9.215189873417721,0.05485232067510548,blind survey,1.0
183,4,27,2033-07-02,C,NEO recovery ToO reserve,NEO blind survey / recovery,Future MPC alert,3.6860759493670887,0.021940928270042195,reserved,1.0
183,4,27,2033-07-02,OPS,General observatory overhead,Observatory maintenance / overhead,Operations and calibration,21.44846153846154,0.12766941391941394,indirect overhead,1.0
183,4,27,2033-07-02,OPS,L2 station keeping,Observatory maintenance / overhead,Spacecraft orbit,2.0,0.011904761904761904,maintenance,1.0
183,4,27,2033-07-02,OPS,Wavefront sensing and control,Observatory maintenance / overhead,Segmented primary mirror,2.52,0.015,maintenance,1.0
183,4,27,2033-07-02,A,Quasar and reionization targets,Quasar / ancillary,Flexible target list,18.0,0.10714285714285714,continuous LP,1.0
183,4,27,2033-07-02,A,SN Ia time-domain cadence,SN Ia time domain,SN north,2.0,0.011904761904761904,cadence baseline,1.0
183,4,27,2033-07-02,A,SN Ia time-domain field,SN Ia time domain,SN north,14.0,0.08333333333333333,continuous LP,1.0
184,4,28,2033-07-09,X,Compact-object ToO reserve,Compact monitoring / ToO,Future KMTNet/LVK alert,1.8430379746835444,0.010970464135021098,reserved,1.0
184,4,28,2033-07-09,B,Mature-giant search program,Exoplanet giants / disks,18 Sco,13.986013986013987,0.08325008325008325,target-visit MILP,1.0
184,4,28,2033-07-09,C,NEO optical blind survey,NEO blind survey / recovery,Dynamic ecliptic scan annulus,9.215189873417721,0.05485232067510548,blind survey,1.0
184,4,28,2033-07-09,C,NEO recovery ToO reserve,NEO blind survey / recovery,Future MPC alert,3.6860759493670887,0.021940928270042195,reserved,1.0
184,4,28,2033-07-09,OPS,General observatory overhead,Observatory maintenance / overhead,Operations and calibration,21.44846153846154,0.12766941391941394,indirect overhead,1.0
184,4,28,2033-07-09,OPS,Wavefront sensing and control,Observatory maintenance / overhead,Segmented primary mirror,2.52,0.015,maintenance,1.0
184,4,28,2033-07-09,A,SN Ia time-domain cadence,SN Ia time domain,SN north,2.0,0.011904761904761904,cadence baseline,0.42857142857142855
185,4,29,2033-07-16,X,Compact-object ToO reserve,Compact monitoring / ToO,Future KMTNet/LVK alert,1.8430379746835444,0.010970464135021098,reserved,1.0
185,4,29,2033-07-16,B,Mature-giant search program,Exoplanet giants / disks,HD 99279B,13.986013986013987,0.08325008325008325,target-visit MILP,1.0
185,4,29,2033-07-16,C,NEO optical blind survey,NEO blind survey / recovery,Dynamic ecliptic scan annulus,9.215189873417721,0.05485232067510548,blind survey,1.0
185,4,29,2033-07-16,C,NEO recovery ToO reserve,NEO blind survey / recovery,Future MPC alert,3.6860759493670887,0.021940928270042195,reserved,1.0
185,4,29,2033-07-16,OPS,General observatory overhead,Observatory maintenance / overhead,Operations and calibration,21.44846153846154,0.12766941391941394,indirect overhead,1.0
185,4,29,2033-07-16,OPS,Wavefront sensing and control,Observatory maintenance / overhead,Segmented primary mirror,2.52,0.015,maintenance,1.0
185,4,29,2033-07-16,A,SN Ia time-domain cadence,SN Ia time domain,SN south,2.0,0.011904761904761904,cadence baseline,0.42857142857142855
186,4,30,2033-07-23,X,Compact-object ToO reserve,Compact monitoring / ToO,Future KMTNet/LVK alert,1.8430379746835444,0.010970464135021098,reserved,1.0
186,4,30,2033-07-23,B,Giant orbit determination,Exoplanet giants / disks,HD 192310 c,14.814814814814815,0.08818342151675485,target-visit MILP,1.0
186,4,30,2033-07-23,B,Mature-giant search program,Exoplanet giants / disks,HD 166,13.986013986013987,0.08325008325008325,target-visit MILP,1.0
186,4,30,2033-07-23,C,NEO optical blind survey,NEO blind survey / recovery,Dynamic ecliptic scan annulus,9.215189873417721,0.05485232067510548,blind survey,1.0
186,4,30,2033-07-23,C,NEO recovery ToO reserve,NEO blind survey / recovery,Future MPC alert,3.6860759493670887,0.021940928270042195,reserved,1.0
186,4,30,2033-07-23,OPS,General observatory overhead,Observatory maintenance / overhead,Operations and calibration,21.44846153846154,0.12766941391941394,indirect overhead,1.0
186,4,30,2033-07-23,OPS,L2 station keeping,Observatory maintenance / overhead,Spacecraft orbit,2.0,0.011904761904761904,maintenance,1.0
186,4,30,2033-07-23,OPS,Momentum unload,Observatory maintenance / overhead,Reaction wheels,3.0,0.017857142857142856,maintenance,1.0
186,4,30,2033-07-23,OPS,Wavefront sensing and control,Observatory maintenance / overhead,Segmented primary mirror,2.52,0.015,maintenance,1.0
186,4,30,2033-07-23,A,Quasar and reionization targets,Quasar / ancillary,Flexible target list,18.0,0.10714285714285714,continuous LP,1.0
186,4,30,2033-07-23,A,SN Ia time-domain cadence,SN Ia time domain,SN south,2.0,0.011904761904761904,cadence baseline,1.0
187,4,31,2033-07-30,X,Compact-object ToO reserve,Compact monitoring / ToO,Future KMTNet/LVK alert,1.8430379746835444,0.010970464135021098,reserved,1.0
187,4,31,2033-07-30,C,NEO optical blind survey,NEO blind survey / recovery,Dynamic ecliptic scan annulus,9.215189873417721,0.05485232067510548,blind survey,1.0
187,4,31,2033-07-30,C,NEO recovery ToO reserve,NEO blind survey / recovery,Future MPC alert,3.6860759493670887,0.021940928270042195,reserved,1.0
187,4,31,2033-07-30,OPS,General observatory overhead,Observatory maintenance / overhead,Operations and calibration,21.44846153846154,0.12766941391941394,indirect overhead,1.0
187,4,31,2033-07-30,OPS,Wavefront sensing and control,Observatory maintenance / overhead,Segmented primary mirror,2.52,0.015,maintenance,1.0
187,4,31,2033-07-30,A,Quasar and reionization targets,Quasar / ancillary,Flexible target list,18.0,0.10714285714285714,continuous LP,1.0
187,4,31,2033-07-30,A,SN Ia time-domain cadence,SN Ia time domain,SN south,2.0,0.011904761904761904,cadence baseline,1.0
188,4,32,2033-08-06,X,Compact-object ToO reserve,Compact monitoring / ToO,Future KMTNet/LVK alert,1.8430379746835444,0.010970464135021098,reserved,1.0
188,4,32,2033-08-06,B,Giant orbit determination,Exoplanet giants / disks,HD 147513 b,14.814814814814815,0.08818342151675485,target-visit MILP,1.0
188,4,32,2033-08-06,B,Giant orbit determination,Exoplanet giants / disks,HD 219134 h,14.814814814814815,0.08818342151675485,target-visit MILP,1.0
188,4,32,2033-08-06,C,NEO optical blind survey,NEO blind survey / recovery,Dynamic ecliptic scan annulus,9.215189873417721,0.05485232067510548,blind survey,1.0
188,4,32,2033-08-06,C,NEO recovery ToO reserve,NEO blind survey / recovery,Future MPC alert,3.6860759493670887,0.021940928270042195,reserved,1.0
188,4,32,2033-08-06,OPS,General observatory overhead,Observatory maintenance / overhead,Operations and calibration,21.44846153846154,0.12766941391941394,indirect overhead,1.0
188,4,32,2033-08-06,OPS,Wavefront sensing and control,Observatory maintenance / overhead,Segmented primary mirror,2.52,0.015,maintenance,1.0
188,4,32,2033-08-06,A,Quasar and reionization targets,Quasar / ancillary,Flexible target list,18.0,0.10714285714285714,continuous LP,1.0
188,4,32,2033-08-06,A,SN Ia time-domain cadence,SN Ia time domain,SN south,2.0,0.011904761904761904,cadence baseline,1.0
189,4,33,2033-08-13,X,Compact-object ToO reserve,Compact monitoring / ToO,Future KMTNet/LVK alert,1.8430379746835444,0.010970464135021098,reserved,1.0
189,4,33,2033-08-13,B,Mature-giant search program,Exoplanet giants / disks,nu. Phe,13.986013986013987,0.08325008325008325,target-visit MILP,1.0
189,4,33,2033-08-13,B,Mature-giant search program,Exoplanet giants / disks,zet02 Ret,13.986013986013987,0.08325008325008325,target-visit MILP,1.0
189,4,33,2033-08-13,C,NEO optical blind survey,NEO blind survey / recovery,Dynamic ecliptic scan annulus,9.215189873417721,0.05485232067510548,blind survey,1.0
189,4,33,2033-08-13,C,NEO recovery ToO reserve,NEO blind survey / recovery,Future MPC alert,3.6860759493670887,0.021940928270042195,reserved,1.0
189,4,33,2033-08-13,OPS,General observatory overhead,Observatory maintenance / overhead,Operations and calibration,21.44846153846154,0.12766941391941394,indirect overhead,1.0
189,4,33,2033-08-13,OPS,L2 station keeping,Observatory maintenance / overhead,Spacecraft orbit,2.0,0.011904761904761904,maintenance,1.0
189,4,33,2033-08-13,OPS,Wavefront sensing and control,Observatory maintenance / overhead,Segmented primary mirror,2.52,0.015,maintenance,1.0
189,4,33,2033-08-13,A,Quasar and reionization targets,Quasar / ancillary,Flexible target list,18.0,0.10714285714285714,continuous LP,1.0
189,4,33,2033-08-13,A,SN Ia time-domain cadence,SN Ia time domain,SN south,2.0,0.011904761904761904,cadence baseline,1.0
190,4,34,2033-08-20,X,Compact-object ToO reserve,Compact monitoring / ToO,Future KMTNet/LVK alert,1.8430379746835444,0.010970464135021098,reserved,1.0
190,4,34,2033-08-20,B,Mature-giant search program,Exoplanet giants / disks,61 Cyg A,13.986013986013987,0.08325008325008325,target-visit MILP,1.0
190,4,34,2033-08-20,B,Mature-giant search program,Exoplanet giants / disks,HD 214749,13.986013986013987,0.08325008325008325,target-visit MILP,1.0
190,4,34,2033-08-20,C,NEO optical blind survey,NEO blind survey / recovery,Dynamic ecliptic scan annulus,9.215189873417721,0.05485232067510548,blind survey,1.0
190,4,34,2033-08-20,C,NEO recovery ToO reserve,NEO blind survey / recovery,Future MPC alert,3.6860759493670887,0.021940928270042195,reserved,1.0
190,4,34,2033-08-20,OPS,General observatory overhead,Observatory maintenance / overhead,Operations and calibration,21.44846153846154,0.12766941391941394,indirect overhead,1.0
190,4,34,2033-08-20,OPS,Wavefront sensing and control,Observatory maintenance / overhead,Segmented primary mirror,2.52,0.015,maintenance,1.0
190,4,34,2033-08-20,A,Quasar and reionization targets,Quasar / ancillary,Flexible target list,18.0,0.10714285714285714,continuous LP,1.0
190,4,34,2033-08-20,A,SN Ia time-domain cadence,SN Ia time domain,SN south,2.0,0.011904761904761904,cadence baseline,1.0
191,4,35,2033-08-27,X,Compact-object ToO reserve,Compact monitoring / ToO,Future KMTNet/LVK alert,1.8430379746835444,0.010970464135021098,reserved,1.0
191,4,35,2033-08-27,C,NEO optical blind survey,NEO blind survey / recovery,Dynamic ecliptic scan annulus,9.215189873417721,0.05485232067510548,blind survey,1.0
191,4,35,2033-08-27,C,NEO recovery ToO reserve,NEO blind survey / recovery,Future MPC alert,3.6860759493670887,0.021940928270042195,reserved,1.0
191,4,35,2033-08-27,OPS,General observatory overhead,Observatory maintenance / overhead,Operations and calibration,21.44846153846154,0.12766941391941394,indirect overhead,1.0
191,4,35,2033-08-27,OPS,Wavefront sensing and control,Observatory maintenance / overhead,Segmented primary mirror,2.52,0.015,maintenance,1.0
191,4,35,2033-08-27,A,Quasar and reionization targets,Quasar / ancillary,Flexible target list,18.0,0.10714285714285714,continuous LP,1.0
191,4,35,2033-08-27,A,SN Ia time-domain cadence,SN Ia time domain,SN south,2.0,0.011904761904761904,cadence baseline,1.0
192,4,36,2033-09-03,X,Compact-object ToO reserve,Compact monitoring / ToO,Future KMTNet/LVK alert,1.8430379746835444,0.010970464135021098,reserved,1.0
192,4,36,2033-09-03,C,NEO optical blind survey,NEO blind survey / recovery,Dynamic ecliptic scan annulus,9.215189873417721,0.05485232067510548,blind survey,1.0
192,4,36,2033-09-03,C,NEO recovery ToO reserve,NEO blind survey / recovery,Future MPC alert,3.6860759493670887,0.021940928270042195,reserved,1.0
192,4,36,2033-09-03,OPS,General observatory overhead,Observatory maintenance / overhead,Operations and calibration,21.44846153846154,0.12766941391941394,indirect overhead,1.0
192,4,36,2033-09-03,OPS,L2 station keeping,Observatory maintenance / overhead,Spacecraft orbit,2.0,0.011904761904761904,maintenance,1.0
192,4,36,2033-09-03,OPS,Momentum unload,Observatory maintenance / overhead,Reaction wheels,3.0,0.017857142857142856,maintenance,1.0
192,4,36,2033-09-03,OPS,Wavefront sensing and control,Observatory maintenance / overhead,Segmented primary mirror,2.52,0.015,maintenance,1.0
192,4,36,2033-09-03,A,Quasar and reionization targets,Quasar / ancillary,Flexible target list,18.0,0.10714285714285714,continuous LP,1.0
192,4,36,2033-09-03,A,SN Ia time-domain cadence,SN Ia time domain,SN south,2.0,0.011904761904761904,cadence baseline,1.0
193,4,37,2033-09-10,X,Compact-object ToO reserve,Compact monitoring / ToO,Future KMTNet/LVK alert,1.8430379746835444,0.010970464135021098,reserved,1.0
193,4,37,2033-09-10,B,Giant orbit determination,Exoplanet giants / disks,HD 219134 h,14.814814814814815,0.08818342151675485,target-visit MILP,1.0
193,4,37,2033-09-10,B,Giant orbit determination,Exoplanet giants / disks,HD 219134 h,14.814814814814815,0.08818342151675485,target-visit MILP,1.0
193,4,37,2033-09-10,C,NEO optical blind survey,NEO blind survey / recovery,Dynamic ecliptic scan annulus,9.215189873417721,0.05485232067510548,blind survey,1.0
193,4,37,2033-09-10,C,NEO recovery ToO reserve,NEO blind survey / recovery,Future MPC alert,3.6860759493670887,0.021940928270042195,reserved,1.0
193,4,37,2033-09-10,OPS,General observatory overhead,Observatory maintenance / overhead,Operations and calibration,21.44846153846154,0.12766941391941394,indirect overhead,1.0
193,4,37,2033-09-10,OPS,Wavefront sensing and control,Observatory maintenance / overhead,Segmented primary mirror,2.52,0.015,maintenance,1.0
193,4,37,2033-09-10,A,Quasar and reionization targets,Quasar / ancillary,Flexible target list,18.0,0.10714285714285714,continuous LP,1.0
193,4,37,2033-09-10,A,SN Ia time-domain cadence,SN Ia time domain,SN south,2.0,0.011904761904761904,cadence baseline,1.0
194,4,38,2033-09-17,X,Compact-object ToO reserve,Compact monitoring / ToO,Future KMTNet/LVK alert,1.8430379746835444,0.010970464135021098,reserved,1.0
194,4,38,2033-09-17,C,NEO optical blind survey,NEO blind survey / recovery,Dynamic ecliptic scan annulus,9.215189873417721,0.05485232067510548,blind survey,1.0
194,4,38,2033-09-17,C,NEO recovery ToO reserve,NEO blind survey / recovery,Future MPC alert,3.6860759493670887,0.021940928270042195,reserved,1.0
194,4,38,2033-09-17,OPS,General observatory overhead,Observatory maintenance / overhead,Operations and calibration,21.44846153846154,0.12766941391941394,indirect overhead,1.0
194,4,38,2033-09-17,OPS,Wavefront sensing and control,Observatory maintenance / overhead,Segmented primary mirror,2.52,0.015,maintenance,1.0
194,4,38,2033-09-17,A,Quasar and reionization targets,Quasar / ancillary,Flexible target list,18.0,0.10714285714285714,continuous LP,1.0
194,4,38,2033-09-17,A,SN Ia time-domain cadence,SN Ia time domain,SN south,2.0,0.011904761904761904,cadence baseline,1.0
195,4,39,2033-09-24,X,Compact-object ToO reserve,Compact monitoring / ToO,Future KMTNet/LVK alert,1.8430379746835444,0.010970464135021098,reserved,1.0
195,4,39,2033-09-24,B,Mature-giant search program,Exoplanet giants / disks,HD 37394,13.986013986013987,0.08325008325008325,target-visit MILP,1.0
195,4,39,2033-09-24,B,Mature-giant search program,Exoplanet giants / disks,p Eri B,13.986013986013987,0.08325008325008325,target-visit MILP,1.0
195,4,39,2033-09-24,C,NEO optical blind survey,NEO blind survey / recovery,Dynamic ecliptic scan annulus,9.215189873417721,0.05485232067510548,blind survey,1.0
195,4,39,2033-09-24,C,NEO recovery ToO reserve,NEO blind survey / recovery,Future MPC alert,3.6860759493670887,0.021940928270042195,reserved,1.0
195,4,39,2033-09-24,OPS,General observatory overhead,Observatory maintenance / overhead,Operations and calibration,21.44846153846154,0.12766941391941394,indirect overhead,1.0
195,4,39,2033-09-24,OPS,L2 station keeping,Observatory maintenance / overhead,Spacecraft orbit,2.0,0.011904761904761904,maintenance,1.0
195,4,39,2033-09-24,OPS,Quarterly calibration block,Observatory maintenance / overhead,Instruments and reference fields,24.0,0.14285714285714285,maintenance,1.0
195,4,39,2033-09-24,OPS,Wavefront sensing and control,Observatory maintenance / overhead,Segmented primary mirror,2.52,0.015,maintenance,1.0
195,4,39,2033-09-24,A,Quasar and reionization targets,Quasar / ancillary,Flexible target list,18.0,0.10714285714285714,continuous LP,1.0
195,4,39,2033-09-24,A,SN Ia time-domain cadence,SN Ia time domain,SN south,2.0,0.011904761904761904,cadence baseline,1.0
196,4,40,2033-10-01,X,Compact-object ToO reserve,Compact monitoring / ToO,Future KMTNet/LVK alert,1.8430379746835444,0.010970464135021098,reserved,1.0
196,4,40,2033-10-01,B,Mature-giant search program,Exoplanet giants / disks,111 Tau B,13.986013986013987,0.08325008325008325,target-visit MILP,1.0
196,4,40,2033-10-01,B,Mature-giant search program,Exoplanet giants / disks,HD 232979,13.986013986013987,0.08325008325008325,target-visit MILP,1.0
196,4,40,2033-10-01,C,NEO optical blind survey,NEO blind survey / recovery,Dynamic ecliptic scan annulus,9.215189873417721,0.05485232067510548,blind survey,1.0
196,4,40,2033-10-01,C,NEO recovery ToO reserve,NEO blind survey / recovery,Future MPC alert,3.6860759493670887,0.021940928270042195,reserved,1.0
196,4,40,2033-10-01,OPS,General observatory overhead,Observatory maintenance / overhead,Operations and calibration,21.44846153846154,0.12766941391941394,indirect overhead,1.0
196,4,40,2033-10-01,OPS,Wavefront sensing and control,Observatory maintenance / overhead,Segmented primary mirror,2.52,0.015,maintenance,1.0
196,4,40,2033-10-01,A,Quasar and reionization targets,Quasar / ancillary,Flexible target list,18.0,0.10714285714285714,continuous LP,1.0
196,4,40,2033-10-01,A,SN Ia time-domain cadence,SN Ia time domain,SN south,2.0,0.011904761904761904,cadence baseline,1.0
197,4,41,2033-10-08,X,Compact-object ToO reserve,Compact monitoring / ToO,Future KMTNet/LVK alert,1.8430379746835444,0.010970464135021098,reserved,1.0
197,4,41,2033-10-08,B,Mature-giant search program,Exoplanet giants / disks,HD 191408,13.986013986013987,0.08325008325008325,target-visit MILP,1.0
197,4,41,2033-10-08,B,Mature-giant search program,Exoplanet giants / disks,HD 196761,13.986013986013987,0.08325008325008325,target-visit MILP,1.0
197,4,41,2033-10-08,C,NEO optical blind survey,NEO blind survey / recovery,Dynamic ecliptic scan annulus,9.215189873417721,0.05485232067510548,blind survey,1.0
197,4,41,2033-10-08,C,NEO recovery ToO reserve,NEO blind survey / recovery,Future MPC alert,3.6860759493670887,0.021940928270042195,reserved,1.0
197,4,41,2033-10-08,OPS,General observatory overhead,Observatory maintenance / overhead,Operations and calibration,21.44846153846154,0.12766941391941394,indirect overhead,1.0
197,4,41,2033-10-08,OPS,Wavefront sensing and control,Observatory maintenance / overhead,Segmented primary mirror,2.52,0.015,maintenance,1.0
197,4,41,2033-10-08,A,Quasar and reionization targets,Quasar / ancillary,Flexible target list,18.0,0.10714285714285714,continuous LP,1.0
197,4,41,2033-10-08,A,SN Ia time-domain cadence,SN Ia time domain,SN south,2.0,0.011904761904761904,cadence baseline,1.0
198,4,42,2033-10-15,X,Compact-object ToO reserve,Compact monitoring / ToO,Future KMTNet/LVK alert,1.8430379746835444,0.010970464135021098,reserved,1.0
198,4,42,2033-10-15,B,Mature-giant search program,Exoplanet giants / disks,HD 211970,13.986013986013987,0.08325008325008325,target-visit MILP,1.0
198,4,42,2033-10-15,C,NEO optical blind survey,NEO blind survey / recovery,Dynamic ecliptic scan annulus,9.215189873417721,0.05485232067510548,blind survey,1.0
198,4,42,2033-10-15,C,NEO recovery ToO reserve,NEO blind survey / recovery,Future MPC alert,3.6860759493670887,0.021940928270042195,reserved,1.0
198,4,42,2033-10-15,OPS,General observatory overhead,Observatory maintenance / overhead,Operations and calibration,21.44846153846154,0.12766941391941394,indirect overhead,1.0
198,4,42,2033-10-15,OPS,L2 station keeping,Observatory maintenance / overhead,Spacecraft orbit,2.0,0.011904761904761904,maintenance,1.0
198,4,42,2033-10-15,OPS,Momentum unload,Observatory maintenance / overhead,Reaction wheels,3.0,0.017857142857142856,maintenance,1.0
198,4,42,2033-10-15,OPS,Wavefront sensing and control,Observatory maintenance / overhead,Segmented primary mirror,2.52,0.015,maintenance,1.0
198,4,42,2033-10-15,A,Quasar and reionization targets,Quasar / ancillary,Flexible target list,18.0,0.10714285714285714,continuous LP,1.0
198,4,42,2033-10-15,A,SN Ia time-domain cadence,SN Ia time domain,SN south,2.0,0.011904761904761904,cadence baseline,1.0
199,4,43,2033-10-22,DDT,Director discretionary time,Director discretionary time,Director-controlled observations,144.03153846153845,0.857330586080586,director reserve,1.0
199,4,43,2033-10-22,OPS,General observatory overhead,Observatory maintenance / overhead,Operations and calibration,21.44846153846154,0.12766941391941394,indirect overhead,1.0
199,4,43,2033-10-22,OPS,Wavefront sensing and control,Observatory maintenance / overhead,Segmented primary mirror,2.52,0.015,maintenance,1.0
200,4,44,2033-10-29,DDT,Director discretionary time,Director discretionary time,Director-controlled observations,144.03153846153845,0.857330586080586,director reserve,1.0
200,4,44,2033-10-29,OPS,General observatory overhead,Observatory maintenance / overhead,Operations and calibration,21.44846153846154,0.12766941391941394,indirect overhead,1.0
200,4,44,2033-10-29,OPS,Wavefront sensing and control,Observatory maintenance / overhead,Segmented primary mirror,2.52,0.015,maintenance,1.0
201,4,45,2033-11-05,X,Compact-object ToO reserve,Compact monitoring / ToO,Future KMTNet/LVK alert,1.8430379746835444,0.010970464135021098,reserved,1.0
201,4,45,2033-11-05,B,Mature-giant search program,Exoplanet giants / disks,107 Psc,13.986013986013987,0.08325008325008325,target-visit MILP,1.0
201,4,45,2033-11-05,B,Mature-giant search program,Exoplanet giants / disks,36 UMa,13.986013986013987,0.08325008325008325,target-visit MILP,0.5714285714285714
201,4,45,2033-11-05,B,Mature-giant search program,Exoplanet giants / disks,HD 4967,13.986013986013987,0.08325008325008325,target-visit MILP,1.0
201,4,45,2033-11-05,B,Mature-giant search program,Exoplanet giants / disks,HD 50281,13.986013986013987,0.08325008325008325,target-visit MILP,1.0
201,4,45,2033-11-05,C,NEO optical blind survey,NEO blind survey / recovery,Dynamic ecliptic scan annulus,9.215189873417721,0.05485232067510548,blind survey,1.0
201,4,45,2033-11-05,C,NEO recovery ToO reserve,NEO blind survey / recovery,Future MPC alert,3.6860759493670887,0.021940928270042195,reserved,1.0
201,4,45,2033-11-05,OPS,General observatory overhead,Observatory maintenance / overhead,Operations and calibration,21.44846153846154,0.12766941391941394,indirect overhead,1.0
201,4,45,2033-11-05,OPS,L2 station keeping,Observatory maintenance / overhead,Spacecraft orbit,2.0,0.011904761904761904,maintenance,1.0
201,4,45,2033-11-05,OPS,Wavefront sensing and control,Observatory maintenance / overhead,Segmented primary mirror,2.52,0.015,maintenance,1.0
201,4,45,2033-11-05,A,Quasar and reionization targets,Quasar / ancillary,Flexible target list,18.0,0.10714285714285714,continuous LP,1.0
201,4,45,2033-11-05,A,SN Ia time-domain cadence,SN Ia time domain,SN south,2.0,0.011904761904761904,cadence baseline,1.0
202,4,46,2033-11-12,X,Compact-object ToO reserve,Compact monitoring / ToO,Future KMTNet/LVK alert,1.8430379746835444,0.010970464135021098,reserved,1.0
202,4,46,2033-11-12,A,Wide ELG BAO/RSD,ELG wide South,SXDS south,15.25,0.09077380952380952,continuous LP,1.0
202,4,46,2033-11-12,B,Mature-giant search program,Exoplanet giants / disks,11 LMi,13.986013986013987,0.08325008325008325,target-visit MILP,1.0
202,4,46,2033-11-12,C,NEO optical blind survey,NEO blind survey / recovery,Dynamic ecliptic scan annulus,9.215189873417721,0.05485232067510548,blind survey,1.0
202,4,46,2033-11-12,C,NEO recovery ToO reserve,NEO blind survey / recovery,Future MPC alert,3.6860759493670887,0.021940928270042195,reserved,1.0
202,4,46,2033-11-12,OPS,General observatory overhead,Observatory maintenance / overhead,Operations and calibration,21.44846153846154,0.12766941391941394,indirect overhead,1.0
202,4,46,2033-11-12,OPS,Wavefront sensing and control,Observatory maintenance / overhead,Segmented primary mirror,2.52,0.015,maintenance,1.0
202,4,46,2033-11-12,A,Quasar and reionization targets,Quasar / ancillary,Flexible target list,18.0,0.10714285714285714,continuous LP,1.0
202,4,46,2033-11-12,A,SN Ia time-domain cadence,SN Ia time domain,SN south,2.0,0.011904761904761904,cadence baseline,1.0
203,4,47,2033-11-19,X,Compact-object ToO reserve,Compact monitoring / ToO,Future KMTNet/LVK alert,1.8430379746835444,0.010970464135021098,reserved,1.0
203,4,47,2033-11-19,A,Wide ELG BAO/RSD,ELG wide South,SXDS south,36.0,0.21428571428571427,continuous LP,1.0
203,4,47,2033-11-19,C,NEO optical blind survey,NEO blind survey / recovery,Dynamic ecliptic scan annulus,9.215189873417721,0.05485232067510548,blind survey,1.0
203,4,47,2033-11-19,C,NEO recovery ToO reserve,NEO blind survey / recovery,Future MPC alert,3.6860759493670887,0.021940928270042195,reserved,1.0
203,4,47,2033-11-19,OPS,General observatory overhead,Observatory maintenance / overhead,Operations and calibration,21.44846153846154,0.12766941391941394,indirect overhead,1.0
203,4,47,2033-11-19,OPS,Wavefront sensing and control,Observatory maintenance / overhead,Segmented primary mirror,2.52,0.015,maintenance,1.0
203,4,47,2033-11-19,A,Quasar and reionization targets,Quasar / ancillary,Flexible target list,18.0,0.10714285714285714,continuous LP,1.0
203,4,47,2033-11-19,A,SN Ia time-domain cadence,SN Ia time domain,SN south,2.0,0.011904761904761904,cadence baseline,1.0
203,4,47,2033-11-19,A,SN Ia time-domain field,SN Ia time domain,SN south,12.0,0.07142857142857142,continuous LP,1.0
204,4,48,2033-11-26,X,Compact-object ToO reserve,Compact monitoring / ToO,Future KMTNet/LVK alert,1.8430379746835444,0.010970464135021098,reserved,1.0
204,4,48,2033-11-26,A,Medium/deep ELG tiers,Deep / imaging calibration,SXDS south,16.5,0.09821428571428571,continuous LP,1.0
204,4,48,2033-11-26,A,Wide ELG BAO/RSD,ELG wide South,SXDS south,36.0,0.21428571428571427,continuous LP,1.0
204,4,48,2033-11-26,B,Giant orbit determination,Exoplanet giants / disks,47 UMa b,14.814814814814815,0.08818342151675485,target-visit MILP,1.0
204,4,48,2033-11-26,C,NEO optical blind survey,NEO blind survey / recovery,Dynamic ecliptic scan annulus,9.215189873417721,0.05485232067510548,blind survey,1.0
204,4,48,2033-11-26,C,NEO recovery ToO reserve,NEO blind survey / recovery,Future MPC alert,3.6860759493670887,0.021940928270042195,reserved,1.0
204,4,48,2033-11-26,OPS,General observatory overhead,Observatory maintenance / overhead,Operations and calibration,21.44846153846154,0.12766941391941394,indirect overhead,1.0
204,4,48,2033-11-26,OPS,L2 station keeping,Observatory maintenance / overhead,Spacecraft orbit,2.0,0.011904761904761904,maintenance,1.0
204,4,48,2033-11-26,OPS,Momentum unload,Observatory maintenance / overhead,Reaction wheels,3.0,0.017857142857142856,maintenance,1.0
204,4,48,2033-11-26,OPS,Wavefront sensing and control,Observatory maintenance / overhead,Segmented primary mirror,2.52,0.015,maintenance,1.0
204,4,48,2033-11-26,A,Quasar and reionization targets,Quasar / ancillary,Flexible target list,18.0,0.10714285714285714,continuous LP,1.0
204,4,48,2033-11-26,A,SN Ia time-domain cadence,SN Ia time domain,SN south,2.0,0.011904761904761904,cadence baseline,1.0
204,4,48,2033-11-26,A,SN Ia time-domain field,SN Ia time domain,SN south,14.0,0.08333333333333333,continuous LP,1.0
205,4,49,2033-12-03,X,Compact-object ToO reserve,Compact monitoring / ToO,Future KMTNet/LVK alert,1.8430379746835444,0.010970464135021098,reserved,1.0
205,4,49,2033-12-03,A,Medium/deep ELG tiers,Deep / imaging calibration,SXDS south,24.0,0.14285714285714285,continuous LP,1.0
205,4,49,2033-12-03,A,Wide ELG BAO/RSD,ELG wide South,SXDS south,36.0,0.21428571428571427,continuous LP,1.0
205,4,49,2033-12-03,B,Mature-giant search program,Exoplanet giants / disks,HD 5133,13.986013986013987,0.08325008325008325,target-visit MILP,1.0
205,4,49,2033-12-03,B,Mature-giant search program,Exoplanet giants / disks,kap01 Cet,13.986013986013987,0.08325008325008325,target-visit MILP,1.0
205,4,49,2033-12-03,C,NEO optical blind survey,NEO blind survey / recovery,Dynamic ecliptic scan annulus,9.215189873417721,0.05485232067510548,blind survey,1.0
205,4,49,2033-12-03,C,NEO recovery ToO reserve,NEO blind survey / recovery,Future MPC alert,3.6860759493670887,0.021940928270042195,reserved,1.0
205,4,49,2033-12-03,OPS,General observatory overhead,Observatory maintenance / overhead,Operations and calibration,21.44846153846154,0.12766941391941394,indirect overhead,1.0
205,4,49,2033-12-03,OPS,Wavefront sensing and control,Observatory maintenance / overhead,Segmented primary mirror,2.52,0.015,maintenance,1.0
205,4,49,2033-12-03,A,Quasar and reionization targets,Quasar / ancillary,Flexible target list,18.0,0.10714285714285714,continuous LP,1.0
205,4,49,2033-12-03,A,SN Ia time-domain cadence,SN Ia time domain,SN south,2.0,0.011904761904761904,cadence baseline,1.0
205,4,49,2033-12-03,A,SN Ia time-domain field,SN Ia time domain,SN south,14.0,0.08333333333333333,continuous LP,1.0
206,4,50,2033-12-10,X,Compact-object ToO reserve,Compact monitoring / ToO,Future KMTNet/LVK alert,1.8430379746835444,0.010970464135021098,reserved,1.0
206,4,50,2033-12-10,A,Medium/deep ELG tiers,Deep / imaging calibration,SXDS south,24.0,0.14285714285714285,continuous LP,1.0
206,4,50,2033-12-10,A,Wide ELG BAO/RSD,ELG wide South,SXDS south,36.0,0.21428571428571427,continuous LP,1.0
206,4,50,2033-12-10,B,Mature-giant search program,Exoplanet giants / disks,HD 32147,13.986013986013987,0.08325008325008325,target-visit MILP,1.0
206,4,50,2033-12-10,B,Mature-giant search program,Exoplanet giants / disks,YY Gem,13.986013986013987,0.08325008325008325,target-visit MILP,1.0
206,4,50,2033-12-10,C,NEO optical blind survey,NEO blind survey / recovery,Dynamic ecliptic scan annulus,9.215189873417721,0.05485232067510548,blind survey,1.0
206,4,50,2033-12-10,C,NEO recovery ToO reserve,NEO blind survey / recovery,Future MPC alert,3.6860759493670887,0.021940928270042195,reserved,1.0
206,4,50,2033-12-10,OPS,General observatory overhead,Observatory maintenance / overhead,Operations and calibration,21.44846153846154,0.12766941391941394,indirect overhead,1.0
206,4,50,2033-12-10,OPS,Wavefront sensing and control,Observatory maintenance / overhead,Segmented primary mirror,2.52,0.015,maintenance,1.0
206,4,50,2033-12-10,A,Quasar and reionization targets,Quasar / ancillary,Flexible target list,18.0,0.10714285714285714,continuous LP,1.0
206,4,50,2033-12-10,A,SN Ia time-domain cadence,SN Ia time domain,SN south,2.0,0.011904761904761904,cadence baseline,1.0
206,4,50,2033-12-10,A,SN Ia time-domain field,SN Ia time domain,SN south,14.0,0.08333333333333333,continuous LP,1.0
207,4,51,2033-12-17,X,Compact-object ToO reserve,Compact monitoring / ToO,Future KMTNet/LVK alert,1.8430379746835444,0.010970464135021098,reserved,1.0
207,4,51,2033-12-17,A,Medium/deep ELG tiers,Deep / imaging calibration,SXDS south,24.0,0.14285714285714285,continuous LP,1.0
207,4,51,2033-12-17,A,Wide ELG BAO/RSD,ELG wide South,SXDS south,36.0,0.21428571428571427,continuous LP,1.0
207,4,51,2033-12-17,B,Mature-giant search program,Exoplanet giants / disks,54 Psc,13.986013986013987,0.08325008325008325,target-visit MILP,1.0
207,4,51,2033-12-17,B,Mature-giant search program,Exoplanet giants / disks,HD 97584,13.986013986013987,0.08325008325008325,target-visit MILP,1.0
207,4,51,2033-12-17,C,NEO optical blind survey,NEO blind survey / recovery,Dynamic ecliptic scan annulus,9.215189873417721,0.05485232067510548,blind survey,1.0
207,4,51,2033-12-17,C,NEO recovery ToO reserve,NEO blind survey / recovery,Future MPC alert,3.6860759493670887,0.021940928270042195,reserved,1.0
207,4,51,2033-12-17,OPS,General observatory overhead,Observatory maintenance / overhead,Operations and calibration,21.44846153846154,0.12766941391941394,indirect overhead,1.0
207,4,51,2033-12-17,OPS,L2 station keeping,Observatory maintenance / overhead,Spacecraft orbit,2.0,0.011904761904761904,maintenance,1.0
207,4,51,2033-12-17,OPS,Wavefront sensing and control,Observatory maintenance / overhead,Segmented primary mirror,2.52,0.015,maintenance,1.0
207,4,51,2033-12-17,A,Quasar and reionization targets,Quasar / ancillary,Flexible target list,18.0,0.10714285714285714,continuous LP,1.0
207,4,51,2033-12-17,A,SN Ia time-domain cadence,SN Ia time domain,SN south,2.0,0.011904761904761904,cadence baseline,1.0
207,4,51,2033-12-17,A,SN Ia time-domain field,SN Ia time domain,SN south,14.0,0.08333333333333333,continuous LP,1.0
208,4,52,2033-12-24,X,Compact-object ToO reserve,Compact monitoring / ToO,Future KMTNet/LVK alert,1.8430379746835444,0.010970464135021098,reserved,1.0
208,4,52,2033-12-24,A,Medium/deep ELG tiers,Deep / imaging calibration,SXDS south,24.0,0.14285714285714285,continuous LP,1.0
208,4,52,2033-12-24,A,Wide ELG BAO/RSD,ELG wide South,SXDS south,36.0,0.21428571428571427,continuous LP,1.0
208,4,52,2033-12-24,C,NEO optical blind survey,NEO blind survey / recovery,Dynamic ecliptic scan annulus,9.215189873417721,0.05485232067510548,blind survey,1.0
208,4,52,2033-12-24,C,NEO recovery ToO reserve,NEO blind survey / recovery,Future MPC alert,3.6860759493670887,0.021940928270042195,reserved,1.0
208,4,52,2033-12-24,OPS,General observatory overhead,Observatory maintenance / overhead,Operations and calibration,21.44846153846154,0.12766941391941394,indirect overhead,1.0
208,4,52,2033-12-24,OPS,Quarterly calibration block,Observatory maintenance / overhead,Instruments and reference fields,24.0,0.14285714285714285,maintenance,1.0
208,4,52,2033-12-24,OPS,Wavefront sensing and control,Observatory maintenance / overhead,Segmented primary mirror,2.52,0.015,maintenance,1.0
208,4,52,2033-12-24,A,Quasar and reionization targets,Quasar / ancillary,Flexible target list,18.0,0.10714285714285714,continuous LP,1.0
208,4,52,2033-12-24,A,SN Ia time-domain cadence,SN Ia time domain,SN south,2.0,0.011904761904761904,cadence baseline,1.0
208,4,52,2033-12-24,A,SN Ia time-domain field,SN Ia time domain,SN south,14.0,0.08333333333333333,continuous LP,1.0
209,5,1,2034-01-01,X,Compact-object ToO reserve,Compact monitoring / ToO,Future KMTNet/LVK alert,1.8430379746835444,0.010970464135021098,reserved,1.0
209,5,1,2034-01-01,C,NEO optical blind survey,NEO blind survey / recovery,Dynamic ecliptic scan annulus,9.215189873417721,0.05485232067510548,blind survey,1.0
209,5,1,2034-01-01,C,NEO recovery ToO reserve,NEO blind survey / recovery,Future MPC alert,3.6860759493670887,0.021940928270042195,reserved,1.0
209,5,1,2034-01-01,OPS,General observatory overhead,Observatory maintenance / overhead,Operations and calibration,21.44846153846154,0.12766941391941394,indirect overhead,1.0
209,5,1,2034-01-01,OPS,Wavefront sensing and control,Observatory maintenance / overhead,Segmented primary mirror,2.52,0.015,maintenance,1.0
209,5,1,2034-01-01,A,SN Ia time-domain cadence,SN Ia time domain,SN south,2.0,0.011904761904761904,cadence baseline,1.0
209,5,1,2034-01-01,A,SN Ia time-domain field,SN Ia time domain,SN south,14.0,0.08333333333333333,continuous LP,1.0
210,5,2,2034-01-08,X,Compact-object ToO reserve,Compact monitoring / ToO,Future KMTNet/LVK alert,1.8430379746835444,0.010970464135021098,reserved,1.0
210,5,2,2034-01-08,C,NEO optical blind survey,NEO blind survey / recovery,Dynamic ecliptic scan annulus,9.215189873417721,0.05485232067510548,blind survey,1.0
210,5,2,2034-01-08,C,NEO recovery ToO reserve,NEO blind survey / recovery,Future MPC alert,3.6860759493670887,0.021940928270042195,reserved,1.0
210,5,2,2034-01-08,OPS,General observatory overhead,Observatory maintenance / overhead,Operations and calibration,21.44846153846154,0.12766941391941394,indirect overhead,1.0
210,5,2,2034-01-08,OPS,L2 station keeping,Observatory maintenance / overhead,Spacecraft orbit,2.0,0.011904761904761904,maintenance,1.0
210,5,2,2034-01-08,OPS,Momentum unload,Observatory maintenance / overhead,Reaction wheels,3.0,0.017857142857142856,maintenance,1.0
210,5,2,2034-01-08,OPS,Wavefront sensing and control,Observatory maintenance / overhead,Segmented primary mirror,2.52,0.015,maintenance,1.0
210,5,2,2034-01-08,A,Quasar and reionization targets,Quasar / ancillary,Flexible target list,18.0,0.10714285714285714,continuous LP,1.0
210,5,2,2034-01-08,A,SN Ia time-domain cadence,SN Ia time domain,SN north,2.0,0.011904761904761904,cadence baseline,0.7142857142857143
210,5,2,2034-01-08,A,SN Ia time-domain cadence,SN Ia time domain,SN south,2.0,0.011904761904761904,cadence baseline,1.0
210,5,2,2034-01-08,A,SN Ia time-domain field,SN Ia time domain,SN south,14.0,0.08333333333333333,continuous LP,1.0
211,5,3,2034-01-15,X,Compact-object ToO reserve,Compact monitoring / ToO,Future KMTNet/LVK alert,1.8430379746835444,0.010970464135021098,reserved,1.0
211,5,3,2034-01-15,B,Mature-giant search program,Exoplanet giants / disks,HD 74576,13.986013986013987,0.08325008325008325,target-visit MILP,1.0
211,5,3,2034-01-15,C,NEO optical blind survey,NEO blind survey / recovery,Dynamic ecliptic scan annulus,9.215189873417721,0.05485232067510548,blind survey,1.0
211,5,3,2034-01-15,C,NEO recovery ToO reserve,NEO blind survey / recovery,Future MPC alert,3.6860759493670887,0.021940928270042195,reserved,1.0
211,5,3,2034-01-15,OPS,General observatory overhead,Observatory maintenance / overhead,Operations and calibration,21.44846153846154,0.12766941391941394,indirect overhead,1.0
211,5,3,2034-01-15,OPS,Wavefront sensing and control,Observatory maintenance / overhead,Segmented primary mirror,2.52,0.015,maintenance,1.0
211,5,3,2034-01-15,A,Quasar and reionization targets,Quasar / ancillary,Flexible target list,18.0,0.10714285714285714,continuous LP,1.0
211,5,3,2034-01-15,A,SN Ia time-domain cadence,SN Ia time domain,SN north,2.0,0.011904761904761904,cadence baseline,1.0
211,5,3,2034-01-15,A,SN Ia time-domain cadence,SN Ia time domain,SN south,2.0,0.011904761904761904,cadence baseline,0.42857142857142855
211,5,3,2034-01-15,A,SN Ia time-domain field,SN Ia time domain,SN north,14.0,0.08333333333333333,continuous LP,1.0
212,5,4,2034-01-22,X,Compact-object ToO reserve,Compact monitoring / ToO,Future KMTNet/LVK alert,1.8430379746835444,0.010970464135021098,reserved,1.0
212,5,4,2034-01-22,B,Giant orbit determination,Exoplanet giants / disks,GJ 414 A c,14.814814814814815,0.08818342151675485,target-visit MILP,1.0
212,5,4,2034-01-22,B,Mature-giant search program,Exoplanet giants / disks,HD 24916,13.986013986013987,0.08325008325008325,target-visit MILP,1.0
212,5,4,2034-01-22,C,NEO optical blind survey,NEO blind survey / recovery,Dynamic ecliptic scan annulus,9.215189873417721,0.05485232067510548,blind survey,1.0
212,5,4,2034-01-22,C,NEO recovery ToO reserve,NEO blind survey / recovery,Future MPC alert,3.6860759493670887,0.021940928270042195,reserved,1.0
212,5,4,2034-01-22,OPS,General observatory overhead,Observatory maintenance / overhead,Operations and calibration,21.44846153846154,0.12766941391941394,indirect overhead,1.0
212,5,4,2034-01-22,OPS,Wavefront sensing and control,Observatory maintenance / overhead,Segmented primary mirror,2.52,0.015,maintenance,1.0
212,5,4,2034-01-22,A,SN Ia time-domain cadence,SN Ia time domain,SN north,2.0,0.011904761904761904,cadence baseline,1.0
212,5,4,2034-01-22,A,SN Ia time-domain field,SN Ia time domain,SN north,14.0,0.08333333333333333,continuous LP,1.0
213,5,5,2034-01-29,X,Compact-object ToO reserve,Compact monitoring / ToO,Future KMTNet/LVK alert,1.8430379746835444,0.010970464135021098,reserved,1.0
213,5,5,2034-01-29,C,NEO optical blind survey,NEO blind survey / recovery,Dynamic ecliptic scan annulus,9.215189873417721,0.05485232067510548,blind survey,1.0
213,5,5,2034-01-29,C,NEO recovery ToO reserve,NEO blind survey / recovery,Future MPC alert,3.6860759493670887,0.021940928270042195,reserved,1.0
213,5,5,2034-01-29,OPS,General observatory overhead,Observatory maintenance / overhead,Operations and calibration,21.44846153846154,0.12766941391941394,indirect overhead,1.0
213,5,5,2034-01-29,OPS,L2 station keeping,Observatory maintenance / overhead,Spacecraft orbit,2.0,0.011904761904761904,maintenance,1.0
213,5,5,2034-01-29,OPS,Wavefront sensing and control,Observatory maintenance / overhead,Segmented primary mirror,2.52,0.015,maintenance,1.0
213,5,5,2034-01-29,A,SN Ia time-domain cadence,SN Ia time domain,SN north,2.0,0.011904761904761904,cadence baseline,1.0
213,5,5,2034-01-29,A,SN Ia time-domain field,SN Ia time domain,SN north,14.0,0.08333333333333333,continuous LP,1.0
214,5,6,2034-02-05,X,Compact-object ToO reserve,Compact monitoring / ToO,Future KMTNet/LVK alert,1.8430379746835444,0.010970464135021098,reserved,1.0
214,5,6,2034-02-05,B,Mature-giant search program,Exoplanet giants / disks,HD 102365,13.986013986013987,0.08325008325008325,target-visit MILP,1.0
214,5,6,2034-02-05,B,Mature-giant search program,Exoplanet giants / disks,HD 120036B,13.986013986013987,0.08325008325008325,target-visit MILP,1.0
214,5,6,2034-02-05,C,NEO optical blind survey,NEO blind survey / recovery,Dynamic ecliptic scan annulus,9.215189873417721,0.05485232067510548,blind survey,1.0
214,5,6,2034-02-05,C,NEO recovery ToO reserve,NEO blind survey / recovery,Future MPC alert,3.6860759493670887,0.021940928270042195,reserved,1.0
214,5,6,2034-02-05,OPS,General observatory overhead,Observatory maintenance / overhead,Operations and calibration,21.44846153846154,0.12766941391941394,indirect overhead,1.0
214,5,6,2034-02-05,OPS,Wavefront sensing and control,Observatory maintenance / overhead,Segmented primary mirror,2.52,0.015,maintenance,1.0
214,5,6,2034-02-05,A,SN Ia time-domain cadence,SN Ia time domain,SN north,2.0,0.011904761904761904,cadence baseline,1.0
214,5,6,2034-02-05,A,SN Ia time-domain field,SN Ia time domain,SN north,14.0,0.08333333333333333,continuous LP,1.0
215,5,7,2034-02-12,X,Compact-object ToO reserve,Compact monitoring / ToO,Future KMTNet/LVK alert,1.8430379746835444,0.010970464135021098,reserved,1.0
215,5,7,2034-02-12,B,Giant orbit determination,Exoplanet giants / disks,GJ 414 A c,14.814814814814815,0.08818342151675485,target-visit MILP,1.0
215,5,7,2034-02-12,C,NEO optical blind survey,NEO blind survey / recovery,Dynamic ecliptic scan annulus,9.215189873417721,0.05485232067510548,blind survey,1.0
215,5,7,2034-02-12,C,NEO recovery ToO reserve,NEO blind survey / recovery,Future MPC alert,3.6860759493670887,0.021940928270042195,reserved,1.0
215,5,7,2034-02-12,OPS,General observatory overhead,Observatory maintenance / overhead,Operations and calibration,21.44846153846154,0.12766941391941394,indirect overhead,1.0
215,5,7,2034-02-12,OPS,Wavefront sensing and control,Observatory maintenance / overhead,Segmented primary mirror,2.52,0.015,maintenance,1.0
215,5,7,2034-02-12,A,SN Ia time-domain cadence,SN Ia time domain,SN north,2.0,0.011904761904761904,cadence baseline,1.0
215,5,7,2034-02-12,A,SN Ia time-domain field,SN Ia time domain,SN north,14.0,0.08333333333333333,continuous LP,1.0
216,5,8,2034-02-19,X,Compact-object ToO reserve,Compact monitoring / ToO,Future KMTNet/LVK alert,1.8430379746835444,0.010970464135021098,reserved,1.0
216,5,8,2034-02-19,B,Giant orbit determination,Exoplanet giants / disks,47 UMa c,14.814814814814815,0.08818342151675485,target-visit MILP,1.0
216,5,8,2034-02-19,B,Mature-giant search program,Exoplanet giants / disks,20 LMi,13.986013986013987,0.08325008325008325,target-visit MILP,1.0
216,5,8,2034-02-19,C,NEO optical blind survey,NEO blind survey / recovery,Dynamic ecliptic scan annulus,9.215189873417721,0.05485232067510548,blind survey,1.0
216,5,8,2034-02-19,C,NEO recovery ToO reserve,NEO blind survey / recovery,Future MPC alert,3.6860759493670887,0.021940928270042195,reserved,1.0
216,5,8,2034-02-19,OPS,General observatory overhead,Observatory maintenance / overhead,Operations and calibration,21.44846153846154,0.12766941391941394,indirect overhead,1.0
216,5,8,2034-02-19,OPS,L2 station keeping,Observatory maintenance / overhead,Spacecraft orbit,2.0,0.011904761904761904,maintenance,1.0
216,5,8,2034-02-19,OPS,Momentum unload,Observatory maintenance / overhead,Reaction wheels,3.0,0.017857142857142856,maintenance,1.0
216,5,8,2034-02-19,OPS,Wavefront sensing and control,Observatory maintenance / overhead,Segmented primary mirror,2.52,0.015,maintenance,1.0
216,5,8,2034-02-19,A,SN Ia time-domain cadence,SN Ia time domain,SN north,2.0,0.011904761904761904,cadence baseline,1.0
216,5,8,2034-02-19,A,SN Ia time-domain field,SN Ia time domain,SN north,14.0,0.08333333333333333,continuous LP,1.0
217,5,9,2034-02-26,X,Compact-object ToO reserve,Compact monitoring / ToO,Future KMTNet/LVK alert,1.8430379746835444,0.010970464135021098,reserved,1.0
217,5,9,2034-02-26,B,Mature-giant search program,Exoplanet giants / disks,HD 38858,13.986013986013987,0.08325008325008325,target-visit MILP,1.0
217,5,9,2034-02-26,C,NEO optical blind survey,NEO blind survey / recovery,Dynamic ecliptic scan annulus,9.215189873417721,0.05485232067510548,blind survey,1.0
217,5,9,2034-02-26,C,NEO recovery ToO reserve,NEO blind survey / recovery,Future MPC alert,3.6860759493670887,0.021940928270042195,reserved,1.0
217,5,9,2034-02-26,OPS,General observatory overhead,Observatory maintenance / overhead,Operations and calibration,21.44846153846154,0.12766941391941394,indirect overhead,1.0
217,5,9,2034-02-26,OPS,Wavefront sensing and control,Observatory maintenance / overhead,Segmented primary mirror,2.52,0.015,maintenance,1.0
217,5,9,2034-02-26,A,SN Ia time-domain cadence,SN Ia time domain,SN north,2.0,0.011904761904761904,cadence baseline,1.0
217,5,9,2034-02-26,A,SN Ia time-domain field,SN Ia time domain,SN north,14.0,0.08333333333333333,continuous LP,1.0
218,5,10,2034-03-05,X,Compact-object ToO reserve,Compact monitoring / ToO,Future KMTNet/LVK alert,1.8430379746835444,0.010970464135021098,reserved,1.0
218,5,10,2034-03-05,B,Giant orbit determination,Exoplanet giants / disks,GJ 414 A c,14.814814814814815,0.08818342151675485,target-visit MILP,1.0
218,5,10,2034-03-05,B,Mature-giant search program,Exoplanet giants / disks,HD 131977,13.986013986013987,0.08325008325008325,target-visit MILP,1.0
218,5,10,2034-03-05,C,NEO optical blind survey,NEO blind survey / recovery,Dynamic ecliptic scan annulus,9.215189873417721,0.05485232067510548,blind survey,1.0
218,5,10,2034-03-05,C,NEO recovery ToO reserve,NEO blind survey / recovery,Future MPC alert,3.6860759493670887,0.021940928270042195,reserved,1.0
218,5,10,2034-03-05,OPS,General observatory overhead,Observatory maintenance / overhead,Operations and calibration,21.44846153846154,0.12766941391941394,indirect overhead,1.0
218,5,10,2034-03-05,OPS,Wavefront sensing and control,Observatory maintenance / overhead,Segmented primary mirror,2.52,0.015,maintenance,1.0
218,5,10,2034-03-05,A,Pathfinders and contingency,Quasar / ancillary,Flexible target list,10.0,0.05952380952380952,continuous LP,1.0
218,5,10,2034-03-05,A,SN Ia time-domain cadence,SN Ia time domain,SN north,2.0,0.011904761904761904,cadence baseline,1.0
218,5,10,2034-03-05,A,SN Ia time-domain field,SN Ia time domain,SN north,14.0,0.08333333333333333,continuous LP,1.0
219,5,11,2034-03-12,X,Compact-object ToO reserve,Compact monitoring / ToO,Future KMTNet/LVK alert,1.8430379746835444,0.010970464135021098,reserved,1.0
219,5,11,2034-03-12,A,Imaging-only wide extension,Deep / imaging calibration,Lockman north,17.0,0.10119047619047619,continuous LP,1.0
219,5,11,2034-03-12,B,Mature-giant search program,Exoplanet giants / disks,AK Lep,13.986013986013987,0.08325008325008325,target-visit MILP,0.5714285714285714
219,5,11,2034-03-12,B,Mature-giant search program,Exoplanet giants / disks,HD 101581,13.986013986013987,0.08325008325008325,target-visit MILP,1.0
219,5,11,2034-03-12,B,Mature-giant search program,Exoplanet giants / disks,rho01 Cnc,13.986013986013987,0.08325008325008325,target-visit MILP,1.0
219,5,11,2034-03-12,C,NEO optical blind survey,NEO blind survey / recovery,Dynamic ecliptic scan annulus,9.215189873417721,0.05485232067510548,blind survey,1.0
219,5,11,2034-03-12,C,NEO recovery ToO reserve,NEO blind survey / recovery,Future MPC alert,3.6860759493670887,0.021940928270042195,reserved,1.0
219,5,11,2034-03-12,OPS,General observatory overhead,Observatory maintenance / overhead,Operations and calibration,21.44846153846154,0.12766941391941394,indirect overhead,1.0
219,5,11,2034-03-12,OPS,L2 station keeping,Observatory maintenance / overhead,Spacecraft orbit,2.0,0.011904761904761904,maintenance,1.0
219,5,11,2034-03-12,OPS,Wavefront sensing and control,Observatory maintenance / overhead,Segmented primary mirror,2.52,0.015,maintenance,1.0
219,5,11,2034-03-12,A,Pathfinders and contingency,Quasar / ancillary,Flexible target list,14.0,0.08333333333333333,continuous LP,1.0
219,5,11,2034-03-12,A,SN Ia time-domain cadence,SN Ia time domain,SN north,2.0,0.011904761904761904,cadence baseline,1.0
219,5,11,2034-03-12,A,SN Ia time-domain field,SN Ia time domain,SN north,14.0,0.08333333333333333,continuous LP,1.0
220,5,12,2034-03-19,X,Compact-object ToO reserve,Compact monitoring / ToO,Future KMTNet/LVK alert,1.8430379746835444,0.010970464135021098,reserved,1.0
220,5,12,2034-03-19,A,Imaging-only wide extension,Deep / imaging calibration,Lockman north,24.0,0.14285714285714285,continuous LP,1.0
220,5,12,2034-03-19,B,Giant orbit determination,Exoplanet giants / disks,47 UMa b,14.814814814814815,0.08818342151675485,target-visit MILP,1.0
220,5,12,2034-03-19,C,NEO optical blind survey,NEO blind survey / recovery,Dynamic ecliptic scan annulus,9.215189873417721,0.05485232067510548,blind survey,1.0
220,5,12,2034-03-19,C,NEO recovery ToO reserve,NEO blind survey / recovery,Future MPC alert,3.6860759493670887,0.021940928270042195,reserved,1.0
220,5,12,2034-03-19,OPS,General observatory overhead,Observatory maintenance / overhead,Operations and calibration,21.44846153846154,0.12766941391941394,indirect overhead,1.0
220,5,12,2034-03-19,OPS,Wavefront sensing and control,Observatory maintenance / overhead,Segmented primary mirror,2.52,0.015,maintenance,1.0
220,5,12,2034-03-19,A,Pathfinders and contingency,Quasar / ancillary,Flexible target list,14.0,0.08333333333333333,continuous LP,1.0
220,5,12,2034-03-19,A,SN Ia time-domain cadence,SN Ia time domain,SN north,2.0,0.011904761904761904,cadence baseline,1.0
220,5,12,2034-03-19,A,SN Ia time-domain field,SN Ia time domain,SN north,14.0,0.08333333333333333,continuous LP,1.0
221,5,13,2034-03-26,X,Compact-object ToO reserve,Compact monitoring / ToO,Future KMTNet/LVK alert,1.8430379746835444,0.010970464135021098,reserved,1.0
221,5,13,2034-03-26,B,Mature-giant search program,Exoplanet giants / disks,36 Oph A,13.986013986013987,0.08325008325008325,target-visit MILP,1.0
221,5,13,2034-03-26,C,NEO optical blind survey,NEO blind survey / recovery,Dynamic ecliptic scan annulus,9.215189873417721,0.05485232067510548,blind survey,1.0
221,5,13,2034-03-26,C,NEO recovery ToO reserve,NEO blind survey / recovery,Future MPC alert,3.6860759493670887,0.021940928270042195,reserved,1.0
221,5,13,2034-03-26,OPS,General observatory overhead,Observatory maintenance / overhead,Operations and calibration,21.44846153846154,0.12766941391941394,indirect overhead,1.0
221,5,13,2034-03-26,OPS,Quarterly calibration block,Observatory maintenance / overhead,Instruments and reference fields,24.0,0.14285714285714285,maintenance,1.0
221,5,13,2034-03-26,OPS,Wavefront sensing and control,Observatory maintenance / overhead,Segmented primary mirror,2.52,0.015,maintenance,1.0
221,5,13,2034-03-26,A,Quasar and reionization targets,Quasar / ancillary,Flexible target list,18.0,0.10714285714285714,continuous LP,1.0
221,5,13,2034-03-26,A,SN Ia time-domain cadence,SN Ia time domain,SN north,2.0,0.011904761904761904,cadence baseline,1.0
221,5,13,2034-03-26,A,SN Ia time-domain field,SN Ia time domain,SN north,14.0,0.08333333333333333,continuous LP,1.0
222,5,14,2034-04-02,X,Compact-object ToO reserve,Compact monitoring / ToO,Future KMTNet/LVK alert,1.8430379746835444,0.010970464135021098,reserved,1.0
222,5,14,2034-04-02,A,Imaging-only wide extension,Deep / imaging calibration,Lockman north,24.0,0.14285714285714285,continuous LP,1.0
222,5,14,2034-04-02,B,Mature-giant search program,Exoplanet giants / disks,BD-08 2582,13.986013986013987,0.08325008325008325,target-visit MILP,1.0
222,5,14,2034-04-02,B,Mature-giant search program,Exoplanet giants / disks,HD 97101,13.986013986013987,0.08325008325008325,target-visit MILP,1.0
222,5,14,2034-04-02,B,Mature-giant search program,Exoplanet giants / disks,pi.01 UMa,13.986013986013987,0.08325008325008325,target-visit MILP,1.0
222,5,14,2034-04-02,C,NEO optical blind survey,NEO blind survey / recovery,Dynamic ecliptic scan annulus,9.215189873417721,0.05485232067510548,blind survey,1.0
222,5,14,2034-04-02,C,NEO recovery ToO reserve,NEO blind survey / recovery,Future MPC alert,3.6860759493670887,0.021940928270042195,reserved,1.0
222,5,14,2034-04-02,OPS,General observatory overhead,Observatory maintenance / overhead,Operations and calibration,21.44846153846154,0.12766941391941394,indirect overhead,1.0
222,5,14,2034-04-02,OPS,L2 station keeping,Observatory maintenance / overhead,Spacecraft orbit,2.0,0.011904761904761904,maintenance,1.0
222,5,14,2034-04-02,OPS,Momentum unload,Observatory maintenance / overhead,Reaction wheels,3.0,0.017857142857142856,maintenance,1.0
222,5,14,2034-04-02,OPS,Wavefront sensing and control,Observatory maintenance / overhead,Segmented primary mirror,2.52,0.015,maintenance,1.0
222,5,14,2034-04-02,A,Pathfinders and contingency,Quasar / ancillary,Flexible target list,14.0,0.08333333333333333,continuous LP,1.0
222,5,14,2034-04-02,A,SN Ia time-domain cadence,SN Ia time domain,SN north,2.0,0.011904761904761904,cadence baseline,1.0
222,5,14,2034-04-02,A,SN Ia time-domain field,SN Ia time domain,SN north,14.0,0.08333333333333333,continuous LP,1.0
223,5,15,2034-04-09,X,Compact-object ToO reserve,Compact monitoring / ToO,Future KMTNet/LVK alert,1.8430379746835444,0.010970464135021098,reserved,1.0
223,5,15,2034-04-09,A,Imaging-only wide extension,Deep / imaging calibration,Lockman north,24.0,0.14285714285714285,continuous LP,1.0
223,5,15,2034-04-09,B,Mature-giant search program,Exoplanet giants / disks,HD 128165,13.986013986013987,0.08325008325008325,target-visit MILP,1.0
223,5,15,2034-04-09,C,NEO optical blind survey,NEO blind survey / recovery,Dynamic ecliptic scan annulus,9.215189873417721,0.05485232067510548,blind survey,1.0
223,5,15,2034-04-09,C,NEO recovery ToO reserve,NEO blind survey / recovery,Future MPC alert,3.6860759493670887,0.021940928270042195,reserved,1.0
223,5,15,2034-04-09,OPS,General observatory overhead,Observatory maintenance / overhead,Operations and calibration,21.44846153846154,0.12766941391941394,indirect overhead,1.0
223,5,15,2034-04-09,OPS,Wavefront sensing and control,Observatory maintenance / overhead,Segmented primary mirror,2.52,0.015,maintenance,1.0
223,5,15,2034-04-09,A,Pathfinders and contingency,Quasar / ancillary,Flexible target list,14.0,0.08333333333333333,continuous LP,1.0
223,5,15,2034-04-09,A,SN Ia time-domain cadence,SN Ia time domain,SN north,2.0,0.011904761904761904,cadence baseline,1.0
223,5,15,2034-04-09,A,SN Ia time-domain field,SN Ia time domain,SN north,14.0,0.08333333333333333,continuous LP,1.0
224,5,16,2034-04-16,X,Compact-object ToO reserve,Compact monitoring / ToO,Future KMTNet/LVK alert,1.8430379746835444,0.010970464135021098,reserved,1.0
224,5,16,2034-04-16,A,Imaging-only wide extension,Deep / imaging calibration,Lockman north,24.0,0.14285714285714285,continuous LP,1.0
224,5,16,2034-04-16,A,Ultra-deep imaging fields,Deep / imaging calibration,Ultra-deep north,5.0,0.02976190476190476,continuous LP,1.0
224,5,16,2034-04-16,B,Giant orbit determination,Exoplanet giants / disks,HD 147513 b,14.814814814814815,0.08818342151675485,target-visit MILP,1.0
224,5,16,2034-04-16,C,NEO optical blind survey,NEO blind survey / recovery,Dynamic ecliptic scan annulus,9.215189873417721,0.05485232067510548,blind survey,1.0
224,5,16,2034-04-16,C,NEO recovery ToO reserve,NEO blind survey / recovery,Future MPC alert,3.6860759493670887,0.021940928270042195,reserved,1.0
224,5,16,2034-04-16,OPS,General observatory overhead,Observatory maintenance / overhead,Operations and calibration,21.44846153846154,0.12766941391941394,indirect overhead,1.0
224,5,16,2034-04-16,OPS,Wavefront sensing and control,Observatory maintenance / overhead,Segmented primary mirror,2.52,0.015,maintenance,1.0
224,5,16,2034-04-16,A,Pathfinders and contingency,Quasar / ancillary,Flexible target list,14.0,0.08333333333333333,continuous LP,1.0
224,5,16,2034-04-16,A,SN Ia time-domain cadence,SN Ia time domain,SN north,2.0,0.011904761904761904,cadence baseline,1.0
224,5,16,2034-04-16,A,SN Ia time-domain field,SN Ia time domain,SN north,14.0,0.08333333333333333,continuous LP,1.0
225,5,17,2034-04-23,X,Compact-object ToO reserve,Compact monitoring / ToO,Future KMTNet/LVK alert,1.8430379746835444,0.010970464135021098,reserved,1.0
225,5,17,2034-04-23,A,Imaging-only wide extension,Deep / imaging calibration,Lockman north,24.0,0.14285714285714285,continuous LP,1.0
225,5,17,2034-04-23,A,Ultra-deep imaging fields,Deep / imaging calibration,Ultra-deep north,20.0,0.11904761904761904,continuous LP,1.0
225,5,17,2034-04-23,B,Giant orbit determination,Exoplanet giants / disks,47 UMa b,14.814814814814815,0.08818342151675485,target-visit MILP,1.0
225,5,17,2034-04-23,C,NEO optical blind survey,NEO blind survey / recovery,Dynamic ecliptic scan annulus,9.215189873417721,0.05485232067510548,blind survey,1.0
225,5,17,2034-04-23,C,NEO recovery ToO reserve,NEO blind survey / recovery,Future MPC alert,3.6860759493670887,0.021940928270042195,reserved,1.0
225,5,17,2034-04-23,OPS,General observatory overhead,Observatory maintenance / overhead,Operations and calibration,21.44846153846154,0.12766941391941394,indirect overhead,1.0
225,5,17,2034-04-23,OPS,L2 station keeping,Observatory maintenance / overhead,Spacecraft orbit,2.0,0.011904761904761904,maintenance,1.0
225,5,17,2034-04-23,OPS,Wavefront sensing and control,Observatory maintenance / overhead,Segmented primary mirror,2.52,0.015,maintenance,1.0
225,5,17,2034-04-23,A,Pathfinders and contingency,Quasar / ancillary,Flexible target list,14.0,0.08333333333333333,continuous LP,1.0
225,5,17,2034-04-23,A,SN Ia time-domain cadence,SN Ia time domain,SN north,2.0,0.011904761904761904,cadence baseline,1.0
225,5,17,2034-04-23,A,SN Ia time-domain field,SN Ia time domain,SN north,14.0,0.08333333333333333,continuous LP,1.0
226,5,18,2034-04-30,X,Compact-object ToO reserve,Compact monitoring / ToO,Future KMTNet/LVK alert,1.8430379746835444,0.010970464135021098,reserved,1.0
226,5,18,2034-04-30,A,Imaging-only wide extension,Deep / imaging calibration,Lockman north,24.0,0.14285714285714285,continuous LP,1.0
226,5,18,2034-04-30,A,Ultra-deep imaging fields,Deep / imaging calibration,Ultra-deep north,20.0,0.11904761904761904,continuous LP,1.0
226,5,18,2034-04-30,B,Giant orbit determination,Exoplanet giants / disks,47 UMa c,14.814814814814815,0.08818342151675485,target-visit MILP,1.0
226,5,18,2034-04-30,B,Mature-giant search program,Exoplanet giants / disks,HD 151288,13.986013986013987,0.08325008325008325,target-visit MILP,1.0
226,5,18,2034-04-30,C,NEO optical blind survey,NEO blind survey / recovery,Dynamic ecliptic scan annulus,9.215189873417721,0.05485232067510548,blind survey,1.0
226,5,18,2034-04-30,C,NEO recovery ToO reserve,NEO blind survey / recovery,Future MPC alert,3.6860759493670887,0.021940928270042195,reserved,1.0
226,5,18,2034-04-30,OPS,General observatory overhead,Observatory maintenance / overhead,Operations and calibration,21.44846153846154,0.12766941391941394,indirect overhead,1.0
226,5,18,2034-04-30,OPS,Wavefront sensing and control,Observatory maintenance / overhead,Segmented primary mirror,2.52,0.015,maintenance,1.0
226,5,18,2034-04-30,A,Pathfinders and contingency,Quasar / ancillary,Flexible target list,14.0,0.08333333333333333,continuous LP,1.0
226,5,18,2034-04-30,A,SN Ia time-domain cadence,SN Ia time domain,SN north,2.0,0.011904761904761904,cadence baseline,1.0
226,5,18,2034-04-30,A,SN Ia time-domain field,SN Ia time domain,SN north,14.0,0.08333333333333333,continuous LP,1.0
227,5,19,2034-05-07,X,Compact-object ToO reserve,Compact monitoring / ToO,Future KMTNet/LVK alert,1.8430379746835444,0.010970464135021098,reserved,1.0
227,5,19,2034-05-07,A,Ultra-deep imaging fields,Deep / imaging calibration,Ultra-deep north,20.0,0.11904761904761904,continuous LP,1.0
227,5,19,2034-05-07,B,Mature-giant search program,Exoplanet giants / disks,HD 111631,13.986013986013987,0.08325008325008325,target-visit MILP,1.0
227,5,19,2034-05-07,C,NEO optical blind survey,NEO blind survey / recovery,Dynamic ecliptic scan annulus,9.215189873417721,0.05485232067510548,blind survey,1.0
227,5,19,2034-05-07,C,NEO recovery ToO reserve,NEO blind survey / recovery,Future MPC alert,3.6860759493670887,0.021940928270042195,reserved,1.0
227,5,19,2034-05-07,OPS,General observatory overhead,Observatory maintenance / overhead,Operations and calibration,21.44846153846154,0.12766941391941394,indirect overhead,1.0
227,5,19,2034-05-07,OPS,Wavefront sensing and control,Observatory maintenance / overhead,Segmented primary mirror,2.52,0.015,maintenance,1.0
227,5,19,2034-05-07,A,Pathfinders and contingency,Quasar / ancillary,Flexible target list,14.0,0.08333333333333333,continuous LP,1.0
227,5,19,2034-05-07,A,SN Ia time-domain cadence,SN Ia time domain,SN north,2.0,0.011904761904761904,cadence baseline,1.0
227,5,19,2034-05-07,A,SN Ia time-domain field,SN Ia time domain,SN north,14.0,0.08333333333333333,continuous LP,1.0
228,5,20,2034-05-14,X,Compact-object ToO reserve,Compact monitoring / ToO,Future KMTNet/LVK alert,1.8430379746835444,0.010970464135021098,reserved,1.0
228,5,20,2034-05-14,A,Medium/deep ELG tiers,Deep / imaging calibration,Boötes north,16.5,0.09821428571428571,continuous LP,1.0
228,5,20,2034-05-14,A,Ultra-deep imaging fields,Deep / imaging calibration,Ultra-deep north,20.0,0.11904761904761904,continuous LP,1.0
228,5,20,2034-05-14,B,Giant orbit determination,Exoplanet giants / disks,47 UMa b,14.814814814814815,0.08818342151675485,target-visit MILP,1.0
228,5,20,2034-05-14,B,Mature-giant search program,Exoplanet giants / disks,HD 173818,13.986013986013987,0.08325008325008325,target-visit MILP,1.0
228,5,20,2034-05-14,C,NEO optical blind survey,NEO blind survey / recovery,Dynamic ecliptic scan annulus,9.215189873417721,0.05485232067510548,blind survey,1.0
228,5,20,2034-05-14,C,NEO recovery ToO reserve,NEO blind survey / recovery,Future MPC alert,3.6860759493670887,0.021940928270042195,reserved,1.0
228,5,20,2034-05-14,OPS,General observatory overhead,Observatory maintenance / overhead,Operations and calibration,21.44846153846154,0.12766941391941394,indirect overhead,1.0
228,5,20,2034-05-14,OPS,L2 station keeping,Observatory maintenance / overhead,Spacecraft orbit,2.0,0.011904761904761904,maintenance,1.0
228,5,20,2034-05-14,OPS,Momentum unload,Observatory maintenance / overhead,Reaction wheels,3.0,0.017857142857142856,maintenance,1.0
228,5,20,2034-05-14,OPS,Wavefront sensing and control,Observatory maintenance / overhead,Segmented primary mirror,2.52,0.015,maintenance,1.0
228,5,20,2034-05-14,A,Pathfinders and contingency,Quasar / ancillary,Flexible target list,14.0,0.08333333333333333,continuous LP,1.0
228,5,20,2034-05-14,A,SN Ia time-domain cadence,SN Ia time domain,SN north,2.0,0.011904761904761904,cadence baseline,1.0
228,5,20,2034-05-14,A,SN Ia time-domain field,SN Ia time domain,SN north,14.0,0.08333333333333333,continuous LP,1.0
229,5,21,2034-05-21,X,Compact-object ToO reserve,Compact monitoring / ToO,Future KMTNet/LVK alert,1.8430379746835444,0.010970464135021098,reserved,1.0
229,5,21,2034-05-21,A,Medium/deep ELG tiers,Deep / imaging calibration,Boötes north,24.0,0.14285714285714285,continuous LP,1.0
229,5,21,2034-05-21,A,Ultra-deep imaging fields,Deep / imaging calibration,Ultra-deep north,20.0,0.11904761904761904,continuous LP,1.0
229,5,21,2034-05-21,C,NEO optical blind survey,NEO blind survey / recovery,Dynamic ecliptic scan annulus,9.215189873417721,0.05485232067510548,blind survey,1.0
229,5,21,2034-05-21,C,NEO recovery ToO reserve,NEO blind survey / recovery,Future MPC alert,3.6860759493670887,0.021940928270042195,reserved,1.0
229,5,21,2034-05-21,OPS,General observatory overhead,Observatory maintenance / overhead,Operations and calibration,21.44846153846154,0.12766941391941394,indirect overhead,1.0
229,5,21,2034-05-21,OPS,Wavefront sensing and control,Observatory maintenance / overhead,Segmented primary mirror,2.52,0.015,maintenance,1.0
229,5,21,2034-05-21,A,Pathfinders and contingency,Quasar / ancillary,Flexible target list,14.0,0.08333333333333333,continuous LP,1.0
229,5,21,2034-05-21,A,SN Ia time-domain cadence,SN Ia time domain,SN north,2.0,0.011904761904761904,cadence baseline,1.0
229,5,21,2034-05-21,A,SN Ia time-domain field,SN Ia time domain,SN north,14.0,0.08333333333333333,continuous LP,1.0
230,5,22,2034-05-28,X,Compact-object ToO reserve,Compact monitoring / ToO,Future KMTNet/LVK alert,1.8430379746835444,0.010970464135021098,reserved,1.0
230,5,22,2034-05-28,A,Medium/deep ELG tiers,Deep / imaging calibration,Boötes north,24.0,0.14285714285714285,continuous LP,1.0
230,5,22,2034-05-28,A,Ultra-deep imaging fields,Deep / imaging calibration,Ultra-deep north,20.0,0.11904761904761904,continuous LP,1.0
230,5,22,2034-05-28,C,NEO optical blind survey,NEO blind survey / recovery,Dynamic ecliptic scan annulus,9.215189873417721,0.05485232067510548,blind survey,1.0
230,5,22,2034-05-28,C,NEO recovery ToO reserve,NEO blind survey / recovery,Future MPC alert,3.6860759493670887,0.021940928270042195,reserved,1.0
230,5,22,2034-05-28,OPS,General observatory overhead,Observatory maintenance / overhead,Operations and calibration,21.44846153846154,0.12766941391941394,indirect overhead,1.0
230,5,22,2034-05-28,OPS,Wavefront sensing and control,Observatory maintenance / overhead,Segmented primary mirror,2.52,0.015,maintenance,1.0
230,5,22,2034-05-28,A,Pathfinders and contingency,Quasar / ancillary,Flexible target list,14.0,0.08333333333333333,continuous LP,1.0
230,5,22,2034-05-28,A,SN Ia time-domain cadence,SN Ia time domain,SN north,2.0,0.011904761904761904,cadence baseline,1.0
230,5,22,2034-05-28,A,SN Ia time-domain field,SN Ia time domain,SN north,14.0,0.08333333333333333,continuous LP,1.0
231,5,23,2034-06-04,X,Compact-object ToO reserve,Compact monitoring / ToO,Future KMTNet/LVK alert,1.8430379746835444,0.010970464135021098,reserved,1.0
231,5,23,2034-06-04,A,Medium/deep ELG tiers,Deep / imaging calibration,Boötes north,24.0,0.14285714285714285,continuous LP,1.0
231,5,23,2034-06-04,A,Ultra-deep imaging fields,Deep / imaging calibration,Ultra-deep north,20.0,0.11904761904761904,continuous LP,1.0
231,5,23,2034-06-04,B,Giant orbit determination,Exoplanet giants / disks,HD 192310 c,14.814814814814815,0.08818342151675485,target-visit MILP,1.0
231,5,23,2034-06-04,C,NEO optical blind survey,NEO blind survey / recovery,Dynamic ecliptic scan annulus,9.215189873417721,0.05485232067510548,blind survey,1.0
231,5,23,2034-06-04,C,NEO recovery ToO reserve,NEO blind survey / recovery,Future MPC alert,3.6860759493670887,0.021940928270042195,reserved,1.0
231,5,23,2034-06-04,OPS,General observatory overhead,Observatory maintenance / overhead,Operations and calibration,21.44846153846154,0.12766941391941394,indirect overhead,1.0
231,5,23,2034-06-04,OPS,L2 station keeping,Observatory maintenance / overhead,Spacecraft orbit,2.0,0.011904761904761904,maintenance,1.0
231,5,23,2034-06-04,OPS,Wavefront sensing and control,Observatory maintenance / overhead,Segmented primary mirror,2.52,0.015,maintenance,1.0
231,5,23,2034-06-04,A,Pathfinders and contingency,Quasar / ancillary,Flexible target list,14.0,0.08333333333333333,continuous LP,1.0
231,5,23,2034-06-04,A,SN Ia time-domain cadence,SN Ia time domain,SN north,2.0,0.011904761904761904,cadence baseline,1.0
231,5,23,2034-06-04,A,SN Ia time-domain field,SN Ia time domain,SN north,14.0,0.08333333333333333,continuous LP,1.0
232,5,24,2034-06-11,X,Compact-object ToO reserve,Compact monitoring / ToO,Future KMTNet/LVK alert,1.8430379746835444,0.010970464135021098,reserved,1.0
232,5,24,2034-06-11,B,Mature-giant search program,Exoplanet giants / disks,HD 85512,13.986013986013987,0.08325008325008325,target-visit MILP,0.42857142857142855
232,5,24,2034-06-11,B,Mature-giant search program,Exoplanet giants / disks,alf Men,13.986013986013987,0.08325008325008325,target-visit MILP,1.0
232,5,24,2034-06-11,C,NEO optical blind survey,NEO blind survey / recovery,Dynamic ecliptic scan annulus,9.215189873417721,0.05485232067510548,blind survey,1.0
232,5,24,2034-06-11,C,NEO recovery ToO reserve,NEO blind survey / recovery,Future MPC alert,3.6860759493670887,0.021940928270042195,reserved,1.0
232,5,24,2034-06-11,OPS,General observatory overhead,Observatory maintenance / overhead,Operations and calibration,21.44846153846154,0.12766941391941394,indirect overhead,1.0
232,5,24,2034-06-11,OPS,Wavefront sensing and control,Observatory maintenance / overhead,Segmented primary mirror,2.52,0.015,maintenance,1.0
232,5,24,2034-06-11,A,Quasar and reionization targets,Quasar / ancillary,Flexible target list,18.0,0.10714285714285714,continuous LP,1.0
232,5,24,2034-06-11,A,SN Ia time-domain cadence,SN Ia time domain,SN north,2.0,0.011904761904761904,cadence baseline,1.0
232,5,24,2034-06-11,A,SN Ia time-domain field,SN Ia time domain,SN north,14.0,0.08333333333333333,continuous LP,1.0
233,5,25,2034-06-18,X,Compact-object ToO reserve,Compact monitoring / ToO,Future KMTNet/LVK alert,1.8430379746835444,0.010970464135021098,reserved,1.0
233,5,25,2034-06-18,B,Giant orbit determination,Exoplanet giants / disks,HD 147513 b,14.814814814814815,0.08818342151675485,target-visit MILP,1.0
233,5,25,2034-06-18,B,Mature-giant search program,Exoplanet giants / disks,41 Ara,13.986013986013987,0.08325008325008325,target-visit MILP,1.0
233,5,25,2034-06-18,C,NEO optical blind survey,NEO blind survey / recovery,Dynamic ecliptic scan annulus,9.215189873417721,0.05485232067510548,blind survey,1.0
233,5,25,2034-06-18,C,NEO recovery ToO reserve,NEO blind survey / recovery,Future MPC alert,3.6860759493670887,0.021940928270042195,reserved,1.0
233,5,25,2034-06-18,OPS,General observatory overhead,Observatory maintenance / overhead,Operations and calibration,21.44846153846154,0.12766941391941394,indirect overhead,1.0
233,5,25,2034-06-18,OPS,Wavefront sensing and control,Observatory maintenance / overhead,Segmented primary mirror,2.52,0.015,maintenance,1.0
233,5,25,2034-06-18,A,Quasar and reionization targets,Quasar / ancillary,Flexible target list,18.0,0.10714285714285714,continuous LP,1.0
233,5,25,2034-06-18,A,SN Ia time-domain cadence,SN Ia time domain,SN north,2.0,0.011904761904761904,cadence baseline,1.0
233,5,25,2034-06-18,A,SN Ia time-domain field,SN Ia time domain,SN north,14.0,0.08333333333333333,continuous LP,1.0
234,5,26,2034-06-25,X,Compact-object ToO reserve,Compact monitoring / ToO,Future KMTNet/LVK alert,1.8430379746835444,0.010970464135021098,reserved,1.0
234,5,26,2034-06-25,B,Mature-giant search program,Exoplanet giants / disks,HD 196877,13.986013986013987,0.08325008325008325,target-visit MILP,1.0
234,5,26,2034-06-25,C,NEO optical blind survey,NEO blind survey / recovery,Dynamic ecliptic scan annulus,9.215189873417721,0.05485232067510548,blind survey,1.0
234,5,26,2034-06-25,C,NEO recovery ToO reserve,NEO blind survey / recovery,Future MPC alert,3.6860759493670887,0.021940928270042195,reserved,1.0
234,5,26,2034-06-25,OPS,General observatory overhead,Observatory maintenance / overhead,Operations and calibration,21.44846153846154,0.12766941391941394,indirect overhead,1.0
234,5,26,2034-06-25,OPS,L2 station keeping,Observatory maintenance / overhead,Spacecraft orbit,2.0,0.011904761904761904,maintenance,1.0
234,5,26,2034-06-25,OPS,Momentum unload,Observatory maintenance / overhead,Reaction wheels,3.0,0.017857142857142856,maintenance,1.0
234,5,26,2034-06-25,OPS,Quarterly calibration block,Observatory maintenance / overhead,Instruments and reference fields,24.0,0.14285714285714285,maintenance,1.0
234,5,26,2034-06-25,OPS,Wavefront sensing and control,Observatory maintenance / overhead,Segmented primary mirror,2.52,0.015,maintenance,1.0
234,5,26,2034-06-25,A,Quasar and reionization targets,Quasar / ancillary,Flexible target list,18.0,0.10714285714285714,continuous LP,1.0
234,5,26,2034-06-25,A,SN Ia time-domain cadence,SN Ia time domain,SN north,2.0,0.011904761904761904,cadence baseline,1.0
234,5,26,2034-06-25,A,SN Ia time-domain field,SN Ia time domain,SN north,14.0,0.08333333333333333,continuous LP,1.0
235,5,27,2034-07-02,X,Compact-object ToO reserve,Compact monitoring / ToO,Future KMTNet/LVK alert,1.8430379746835444,0.010970464135021098,reserved,1.0
235,5,27,2034-07-02,A,Medium/deep ELG tiers,Deep / imaging calibration,Boötes north,24.0,0.14285714285714285,continuous LP,1.0
235,5,27,2034-07-02,B,Giant orbit determination,Exoplanet giants / disks,HD 192310 c,14.814814814814815,0.08818342151675485,target-visit MILP,1.0
235,5,27,2034-07-02,B,Giant orbit determination,Exoplanet giants / disks,HD 192310 c,14.814814814814815,0.08818342151675485,target-visit MILP,1.0
235,5,27,2034-07-02,C,NEO optical blind survey,NEO blind survey / recovery,Dynamic ecliptic scan annulus,9.215189873417721,0.05485232067510548,blind survey,1.0
235,5,27,2034-07-02,C,NEO recovery ToO reserve,NEO blind survey / recovery,Future MPC alert,3.6860759493670887,0.021940928270042195,reserved,1.0
235,5,27,2034-07-02,OPS,General observatory overhead,Observatory maintenance / overhead,Operations and calibration,21.44846153846154,0.12766941391941394,indirect overhead,1.0
235,5,27,2034-07-02,OPS,Wavefront sensing and control,Observatory maintenance / overhead,Segmented primary mirror,2.52,0.015,maintenance,1.0
235,5,27,2034-07-02,A,Pathfinders and contingency,Quasar / ancillary,Flexible target list,14.0,0.08333333333333333,continuous LP,1.0
235,5,27,2034-07-02,A,SN Ia time-domain cadence,SN Ia time domain,SN north,2.0,0.011904761904761904,cadence baseline,1.0
235,5,27,2034-07-02,A,SN Ia time-domain field,SN Ia time domain,SN north,14.0,0.08333333333333333,continuous LP,1.0
236,5,28,2034-07-09,X,Compact-object ToO reserve,Compact monitoring / ToO,Future KMTNet/LVK alert,1.8430379746835444,0.010970464135021098,reserved,1.0
236,5,28,2034-07-09,B,Mature-giant search program,Exoplanet giants / disks,HD 144628,13.986013986013987,0.08325008325008325,target-visit MILP,1.0
236,5,28,2034-07-09,B,Mature-giant search program,Exoplanet giants / disks,HD 157881,13.986013986013987,0.08325008325008325,target-visit MILP,1.0
236,5,28,2034-07-09,C,NEO optical blind survey,NEO blind survey / recovery,Dynamic ecliptic scan annulus,9.215189873417721,0.05485232067510548,blind survey,1.0
236,5,28,2034-07-09,C,NEO recovery ToO reserve,NEO blind survey / recovery,Future MPC alert,3.6860759493670887,0.021940928270042195,reserved,1.0
236,5,28,2034-07-09,OPS,General observatory overhead,Observatory maintenance / overhead,Operations and calibration,21.44846153846154,0.12766941391941394,indirect overhead,1.0
236,5,28,2034-07-09,OPS,Wavefront sensing and control,Observatory maintenance / overhead,Segmented primary mirror,2.52,0.015,maintenance,1.0
236,5,28,2034-07-09,A,Pathfinders and contingency,Quasar / ancillary,Flexible target list,14.0,0.08333333333333333,continuous LP,1.0
236,5,28,2034-07-09,A,SN Ia time-domain cadence,SN Ia time domain,SN north,2.0,0.011904761904761904,cadence baseline,0.42857142857142855
237,5,29,2034-07-16,X,Compact-object ToO reserve,Compact monitoring / ToO,Future KMTNet/LVK alert,1.8430379746835444,0.010970464135021098,reserved,1.0
237,5,29,2034-07-16,B,Giant orbit determination,Exoplanet giants / disks,HD 147513 b,14.814814814814815,0.08818342151675485,target-visit MILP,1.0
237,5,29,2034-07-16,B,Giant orbit determination,Exoplanet giants / disks,HD 219134 h,14.814814814814815,0.08818342151675485,target-visit MILP,0.8571428571428571
237,5,29,2034-07-16,B,Mature-giant search program,Exoplanet giants / disks,HD 221503,13.986013986013987,0.08325008325008325,target-visit MILP,1.0
237,5,29,2034-07-16,C,NEO optical blind survey,NEO blind survey / recovery,Dynamic ecliptic scan annulus,9.215189873417721,0.05485232067510548,blind survey,1.0
237,5,29,2034-07-16,C,NEO recovery ToO reserve,NEO blind survey / recovery,Future MPC alert,3.6860759493670887,0.021940928270042195,reserved,1.0
237,5,29,2034-07-16,OPS,General observatory overhead,Observatory maintenance / overhead,Operations and calibration,21.44846153846154,0.12766941391941394,indirect overhead,1.0
237,5,29,2034-07-16,OPS,L2 station keeping,Observatory maintenance / overhead,Spacecraft orbit,2.0,0.011904761904761904,maintenance,1.0
237,5,29,2034-07-16,OPS,Wavefront sensing and control,Observatory maintenance / overhead,Segmented primary mirror,2.52,0.015,maintenance,1.0
237,5,29,2034-07-16,A,Pathfinders and contingency,Quasar / ancillary,Flexible target list,14.0,0.08333333333333333,continuous LP,1.0
237,5,29,2034-07-16,A,SN Ia time-domain cadence,SN Ia time domain,SN south,2.0,0.011904761904761904,cadence baseline,0.42857142857142855
238,5,30,2034-07-23,X,Compact-object ToO reserve,Compact monitoring / ToO,Future KMTNet/LVK alert,1.8430379746835444,0.010970464135021098,reserved,1.0
238,5,30,2034-07-23,B,Giant orbit determination,Exoplanet giants / disks,HD 219134 h,14.814814814814815,0.08818342151675485,target-visit MILP,1.0
238,5,30,2034-07-23,C,NEO optical blind survey,NEO blind survey / recovery,Dynamic ecliptic scan annulus,9.215189873417721,0.05485232067510548,blind survey,1.0
238,5,30,2034-07-23,C,NEO recovery ToO reserve,NEO blind survey / recovery,Future MPC alert,3.6860759493670887,0.021940928270042195,reserved,1.0
238,5,30,2034-07-23,OPS,General observatory overhead,Observatory maintenance / overhead,Operations and calibration,21.44846153846154,0.12766941391941394,indirect overhead,1.0
238,5,30,2034-07-23,OPS,Wavefront sensing and control,Observatory maintenance / overhead,Segmented primary mirror,2.52,0.015,maintenance,1.0
238,5,30,2034-07-23,A,Pathfinders and contingency,Quasar / ancillary,Flexible target list,14.0,0.08333333333333333,continuous LP,1.0
238,5,30,2034-07-23,A,SN Ia time-domain cadence,SN Ia time domain,SN south,2.0,0.011904761904761904,cadence baseline,1.0
238,5,30,2034-07-23,A,SN Ia time-domain field,SN Ia time domain,SN south,14.0,0.08333333333333333,continuous LP,1.0
239,5,31,2034-07-30,X,Compact-object ToO reserve,Compact monitoring / ToO,Future KMTNet/LVK alert,1.8430379746835444,0.010970464135021098,reserved,1.0
239,5,31,2034-07-30,C,NEO optical blind survey,NEO blind survey / recovery,Dynamic ecliptic scan annulus,9.215189873417721,0.05485232067510548,blind survey,1.0
239,5,31,2034-07-30,C,NEO recovery ToO reserve,NEO blind survey / recovery,Future MPC alert,3.6860759493670887,0.021940928270042195,reserved,1.0
239,5,31,2034-07-30,OPS,General observatory overhead,Observatory maintenance / overhead,Operations and calibration,21.44846153846154,0.12766941391941394,indirect overhead,1.0
239,5,31,2034-07-30,OPS,Wavefront sensing and control,Observatory maintenance / overhead,Segmented primary mirror,2.52,0.015,maintenance,1.0
239,5,31,2034-07-30,A,Pathfinders and contingency,Quasar / ancillary,Flexible target list,14.0,0.08333333333333333,continuous LP,1.0
239,5,31,2034-07-30,A,SN Ia time-domain cadence,SN Ia time domain,SN south,2.0,0.011904761904761904,cadence baseline,1.0
239,5,31,2034-07-30,A,SN Ia time-domain field,SN Ia time domain,SN south,14.0,0.08333333333333333,continuous LP,1.0
240,5,32,2034-08-06,X,Compact-object ToO reserve,Compact monitoring / ToO,Future KMTNet/LVK alert,1.8430379746835444,0.010970464135021098,reserved,1.0
240,5,32,2034-08-06,B,Mature-giant search program,Exoplanet giants / disks,HD 38B,13.986013986013987,0.08325008325008325,target-visit MILP,1.0
240,5,32,2034-08-06,C,NEO optical blind survey,NEO blind survey / recovery,Dynamic ecliptic scan annulus,9.215189873417721,0.05485232067510548,blind survey,1.0
240,5,32,2034-08-06,C,NEO recovery ToO reserve,NEO blind survey / recovery,Future MPC alert,3.6860759493670887,0.021940928270042195,reserved,1.0
240,5,32,2034-08-06,OPS,General observatory overhead,Observatory maintenance / overhead,Operations and calibration,21.44846153846154,0.12766941391941394,indirect overhead,1.0
240,5,32,2034-08-06,OPS,L2 station keeping,Observatory maintenance / overhead,Spacecraft orbit,2.0,0.011904761904761904,maintenance,1.0
240,5,32,2034-08-06,OPS,Momentum unload,Observatory maintenance / overhead,Reaction wheels,3.0,0.017857142857142856,maintenance,1.0
240,5,32,2034-08-06,OPS,Wavefront sensing and control,Observatory maintenance / overhead,Segmented primary mirror,2.52,0.015,maintenance,1.0
240,5,32,2034-08-06,A,Pathfinders and contingency,Quasar / ancillary,Flexible target list,14.0,0.08333333333333333,continuous LP,1.0
240,5,32,2034-08-06,A,SN Ia time-domain cadence,SN Ia time domain,SN south,2.0,0.011904761904761904,cadence baseline,1.0
240,5,32,2034-08-06,A,SN Ia time-domain field,SN Ia time domain,SN south,14.0,0.08333333333333333,continuous LP,1.0
241,5,33,2034-08-13,X,Compact-object ToO reserve,Compact monitoring / ToO,Future KMTNet/LVK alert,1.8430379746835444,0.010970464135021098,reserved,1.0
241,5,33,2034-08-13,A,Imaging-only wide extension,Deep / imaging calibration,South Galactic pole,17.0,0.10119047619047619,continuous LP,1.0
241,5,33,2034-08-13,B,Mature-giant search program,Exoplanet giants / disks,HD 11507,13.986013986013987,0.08325008325008325,target-visit MILP,1.0
241,5,33,2034-08-13,B,Mature-giant search program,Exoplanet giants / disks,HD 211415,13.986013986013987,0.08325008325008325,target-visit MILP,1.0
241,5,33,2034-08-13,C,NEO optical blind survey,NEO blind survey / recovery,Dynamic ecliptic scan annulus,9.215189873417721,0.05485232067510548,blind survey,1.0
241,5,33,2034-08-13,C,NEO recovery ToO reserve,NEO blind survey / recovery,Future MPC alert,3.6860759493670887,0.021940928270042195,reserved,1.0
241,5,33,2034-08-13,OPS,General observatory overhead,Observatory maintenance / overhead,Operations and calibration,21.44846153846154,0.12766941391941394,indirect overhead,1.0
241,5,33,2034-08-13,OPS,Wavefront sensing and control,Observatory maintenance / overhead,Segmented primary mirror,2.52,0.015,maintenance,1.0
241,5,33,2034-08-13,A,Pathfinders and contingency,Quasar / ancillary,Flexible target list,14.0,0.08333333333333333,continuous LP,1.0
241,5,33,2034-08-13,A,SN Ia time-domain cadence,SN Ia time domain,SN south,2.0,0.011904761904761904,cadence baseline,1.0
241,5,33,2034-08-13,A,SN Ia time-domain field,SN Ia time domain,SN south,14.0,0.08333333333333333,continuous LP,1.0
242,5,34,2034-08-20,X,Compact-object ToO reserve,Compact monitoring / ToO,Future KMTNet/LVK alert,1.8430379746835444,0.010970464135021098,reserved,1.0
242,5,34,2034-08-20,A,Imaging-only wide extension,Deep / imaging calibration,South Galactic pole,24.0,0.14285714285714285,continuous LP,1.0
242,5,34,2034-08-20,B,Mature-giant search program,Exoplanet giants / disks,BD+40 45,13.986013986013987,0.08325008325008325,target-visit MILP,1.0
242,5,34,2034-08-20,B,Mature-giant search program,Exoplanet giants / disks,HD 10780,13.986013986013987,0.08325008325008325,target-visit MILP,1.0
242,5,34,2034-08-20,B,Mature-giant search program,Exoplanet giants / disks,HD 142709,13.986013986013987,0.08325008325008325,target-visit MILP,1.0
242,5,34,2034-08-20,C,NEO optical blind survey,NEO blind survey / recovery,Dynamic ecliptic scan annulus,9.215189873417721,0.05485232067510548,blind survey,1.0
242,5,34,2034-08-20,C,NEO recovery ToO reserve,NEO blind survey / recovery,Future MPC alert,3.6860759493670887,0.021940928270042195,reserved,1.0
242,5,34,2034-08-20,OPS,General observatory overhead,Observatory maintenance / overhead,Operations and calibration,21.44846153846154,0.12766941391941394,indirect overhead,1.0
242,5,34,2034-08-20,OPS,Wavefront sensing and control,Observatory maintenance / overhead,Segmented primary mirror,2.52,0.015,maintenance,1.0
242,5,34,2034-08-20,A,Pathfinders and contingency,Quasar / ancillary,Flexible target list,14.0,0.08333333333333333,continuous LP,1.0
242,5,34,2034-08-20,A,SN Ia time-domain cadence,SN Ia time domain,SN south,2.0,0.011904761904761904,cadence baseline,1.0
242,5,34,2034-08-20,A,SN Ia time-domain field,SN Ia time domain,SN south,14.0,0.08333333333333333,continuous LP,1.0
243,5,35,2034-08-27,X,Compact-object ToO reserve,Compact monitoring / ToO,Future KMTNet/LVK alert,1.8430379746835444,0.010970464135021098,reserved,1.0
243,5,35,2034-08-27,A,Imaging-only wide extension,Deep / imaging calibration,South Galactic pole,24.0,0.14285714285714285,continuous LP,1.0
243,5,35,2034-08-27,A,Ultra-deep imaging fields,Deep / imaging calibration,Ultra-deep south,5.0,0.02976190476190476,continuous LP,1.0
243,5,35,2034-08-27,C,NEO optical blind survey,NEO blind survey / recovery,Dynamic ecliptic scan annulus,9.215189873417721,0.05485232067510548,blind survey,1.0
243,5,35,2034-08-27,C,NEO recovery ToO reserve,NEO blind survey / recovery,Future MPC alert,3.6860759493670887,0.021940928270042195,reserved,1.0
243,5,35,2034-08-27,OPS,General observatory overhead,Observatory maintenance / overhead,Operations and calibration,21.44846153846154,0.12766941391941394,indirect overhead,1.0
243,5,35,2034-08-27,OPS,L2 station keeping,Observatory maintenance / overhead,Spacecraft orbit,2.0,0.011904761904761904,maintenance,1.0
243,5,35,2034-08-27,OPS,Wavefront sensing and control,Observatory maintenance / overhead,Segmented primary mirror,2.52,0.015,maintenance,1.0
243,5,35,2034-08-27,A,Pathfinders and contingency,Quasar / ancillary,Flexible target list,14.0,0.08333333333333333,continuous LP,1.0
243,5,35,2034-08-27,A,SN Ia time-domain cadence,SN Ia time domain,SN south,2.0,0.011904761904761904,cadence baseline,1.0
243,5,35,2034-08-27,A,SN Ia time-domain field,SN Ia time domain,SN south,14.0,0.08333333333333333,continuous LP,1.0
244,5,36,2034-09-03,X,Compact-object ToO reserve,Compact monitoring / ToO,Future KMTNet/LVK alert,1.8430379746835444,0.010970464135021098,reserved,1.0
244,5,36,2034-09-03,A,Imaging-only wide extension,Deep / imaging calibration,South Galactic pole,24.0,0.14285714285714285,continuous LP,1.0
244,5,36,2034-09-03,A,Ultra-deep imaging fields,Deep / imaging calibration,Ultra-deep south,20.0,0.11904761904761904,continuous LP,1.0
244,5,36,2034-09-03,C,NEO optical blind survey,NEO blind survey / recovery,Dynamic ecliptic scan annulus,9.215189873417721,0.05485232067510548,blind survey,1.0
244,5,36,2034-09-03,C,NEO recovery ToO reserve,NEO blind survey / recovery,Future MPC alert,3.6860759493670887,0.021940928270042195,reserved,1.0
244,5,36,2034-09-03,OPS,General observatory overhead,Observatory maintenance / overhead,Operations and calibration,21.44846153846154,0.12766941391941394,indirect overhead,1.0
244,5,36,2034-09-03,OPS,Wavefront sensing and control,Observatory maintenance / overhead,Segmented primary mirror,2.52,0.015,maintenance,1.0
244,5,36,2034-09-03,A,Pathfinders and contingency,Quasar / ancillary,Flexible target list,14.0,0.08333333333333333,continuous LP,1.0
244,5,36,2034-09-03,A,SN Ia time-domain cadence,SN Ia time domain,SN south,2.0,0.011904761904761904,cadence baseline,1.0
244,5,36,2034-09-03,A,SN Ia time-domain field,SN Ia time domain,SN south,14.0,0.08333333333333333,continuous LP,1.0
245,5,37,2034-09-10,X,Compact-object ToO reserve,Compact monitoring / ToO,Future KMTNet/LVK alert,1.8430379746835444,0.010970464135021098,reserved,1.0
245,5,37,2034-09-10,A,Imaging-only wide extension,Deep / imaging calibration,South Galactic pole,24.0,0.14285714285714285,continuous LP,1.0
245,5,37,2034-09-10,A,Ultra-deep imaging fields,Deep / imaging calibration,Ultra-deep south,20.0,0.11904761904761904,continuous LP,1.0
245,5,37,2034-09-10,B,Giant orbit determination,Exoplanet giants / disks,HD 219134 h,14.814814814814815,0.08818342151675485,target-visit MILP,1.0
245,5,37,2034-09-10,C,NEO optical blind survey,NEO blind survey / recovery,Dynamic ecliptic scan annulus,9.215189873417721,0.05485232067510548,blind survey,1.0
245,5,37,2034-09-10,C,NEO recovery ToO reserve,NEO blind survey / recovery,Future MPC alert,3.6860759493670887,0.021940928270042195,reserved,1.0
245,5,37,2034-09-10,OPS,General observatory overhead,Observatory maintenance / overhead,Operations and calibration,21.44846153846154,0.12766941391941394,indirect overhead,1.0
245,5,37,2034-09-10,OPS,Wavefront sensing and control,Observatory maintenance / overhead,Segmented primary mirror,2.52,0.015,maintenance,1.0
245,5,37,2034-09-10,A,Pathfinders and contingency,Quasar / ancillary,Flexible target list,14.0,0.08333333333333333,continuous LP,1.0
245,5,37,2034-09-10,A,SN Ia time-domain cadence,SN Ia time domain,SN south,2.0,0.011904761904761904,cadence baseline,1.0
245,5,37,2034-09-10,A,SN Ia time-domain field,SN Ia time domain,SN south,14.0,0.08333333333333333,continuous LP,1.0
246,5,38,2034-09-17,X,Compact-object ToO reserve,Compact monitoring / ToO,Future KMTNet/LVK alert,1.8430379746835444,0.010970464135021098,reserved,1.0
246,5,38,2034-09-17,A,Imaging-only wide extension,Deep / imaging calibration,South Galactic pole,24.0,0.14285714285714285,continuous LP,1.0
246,5,38,2034-09-17,A,Ultra-deep imaging fields,Deep / imaging calibration,Ultra-deep south,20.0,0.11904761904761904,continuous LP,1.0
246,5,38,2034-09-17,B,Mature-giant search program,Exoplanet giants / disks,HD 172051,13.986013986013987,0.08325008325008325,target-visit MILP,1.0
246,5,38,2034-09-17,B,Mature-giant search program,Exoplanet giants / disks,eps Ind,13.986013986013987,0.08325008325008325,target-visit MILP,1.0
246,5,38,2034-09-17,C,NEO optical blind survey,NEO blind survey / recovery,Dynamic ecliptic scan annulus,9.215189873417721,0.05485232067510548,blind survey,1.0
246,5,38,2034-09-17,C,NEO recovery ToO reserve,NEO blind survey / recovery,Future MPC alert,3.6860759493670887,0.021940928270042195,reserved,1.0
246,5,38,2034-09-17,OPS,General observatory overhead,Observatory maintenance / overhead,Operations and calibration,21.44846153846154,0.12766941391941394,indirect overhead,1.0
246,5,38,2034-09-17,OPS,L2 station keeping,Observatory maintenance / overhead,Spacecraft orbit,2.0,0.011904761904761904,maintenance,1.0
246,5,38,2034-09-17,OPS,Momentum unload,Observatory maintenance / overhead,Reaction wheels,3.0,0.017857142857142856,maintenance,1.0
246,5,38,2034-09-17,OPS,Wavefront sensing and control,Observatory maintenance / overhead,Segmented primary mirror,2.52,0.015,maintenance,1.0
246,5,38,2034-09-17,A,Pathfinders and contingency,Quasar / ancillary,Flexible target list,14.0,0.08333333333333333,continuous LP,1.0
246,5,38,2034-09-17,A,SN Ia time-domain cadence,SN Ia time domain,SN south,2.0,0.011904761904761904,cadence baseline,1.0
246,5,38,2034-09-17,A,SN Ia time-domain field,SN Ia time domain,SN south,14.0,0.08333333333333333,continuous LP,1.0
247,5,39,2034-09-24,X,Compact-object ToO reserve,Compact monitoring / ToO,Future KMTNet/LVK alert,1.8430379746835444,0.010970464135021098,reserved,1.0
247,5,39,2034-09-24,B,Mature-giant search program,Exoplanet giants / disks,HD 170657,13.986013986013987,0.08325008325008325,target-visit MILP,1.0
247,5,39,2034-09-24,B,Mature-giant search program,Exoplanet giants / disks,HD 217357,13.986013986013987,0.08325008325008325,target-visit MILP,1.0
247,5,39,2034-09-24,B,Mature-giant search program,Exoplanet giants / disks,HD 22496,13.986013986013987,0.08325008325008325,target-visit MILP,1.0
247,5,39,2034-09-24,B,Mature-giant search program,Exoplanet giants / disks,zet01 Ret,13.986013986013987,0.08325008325008325,target-visit MILP,1.0
247,5,39,2034-09-24,C,NEO optical blind survey,NEO blind survey / recovery,Dynamic ecliptic scan annulus,9.215189873417721,0.05485232067510548,blind survey,1.0
247,5,39,2034-09-24,C,NEO recovery ToO reserve,NEO blind survey / recovery,Future MPC alert,3.6860759493670887,0.021940928270042195,reserved,1.0
247,5,39,2034-09-24,OPS,General observatory overhead,Observatory maintenance / overhead,Operations and calibration,21.44846153846154,0.12766941391941394,indirect overhead,1.0
247,5,39,2034-09-24,OPS,Quarterly calibration block,Observatory maintenance / overhead,Instruments and reference fields,24.0,0.14285714285714285,maintenance,1.0
247,5,39,2034-09-24,OPS,Wavefront sensing and control,Observatory maintenance / overhead,Segmented primary mirror,2.52,0.015,maintenance,1.0
247,5,39,2034-09-24,A,Quasar and reionization targets,Quasar / ancillary,Flexible target list,18.0,0.10714285714285714,continuous LP,1.0
247,5,39,2034-09-24,A,SN Ia time-domain cadence,SN Ia time domain,SN south,2.0,0.011904761904761904,cadence baseline,1.0
247,5,39,2034-09-24,A,SN Ia time-domain field,SN Ia time domain,SN south,14.0,0.08333333333333333,continuous LP,1.0
248,5,40,2034-10-01,X,Compact-object ToO reserve,Compact monitoring / ToO,Future KMTNet/LVK alert,1.8430379746835444,0.010970464135021098,reserved,1.0
248,5,40,2034-10-01,A,Imaging-only wide extension,Deep / imaging calibration,South Galactic pole,24.0,0.14285714285714285,continuous LP,1.0
248,5,40,2034-10-01,A,Ultra-deep imaging fields,Deep / imaging calibration,Ultra-deep south,20.0,0.11904761904761904,continuous LP,1.0
248,5,40,2034-10-01,B,Mature-giant search program,Exoplanet giants / disks,HD 14412,13.986013986013987,0.08325008325008325,target-visit MILP,1.0
248,5,40,2034-10-01,C,NEO optical blind survey,NEO blind survey / recovery,Dynamic ecliptic scan annulus,9.215189873417721,0.05485232067510548,blind survey,1.0
248,5,40,2034-10-01,C,NEO recovery ToO reserve,NEO blind survey / recovery,Future MPC alert,3.6860759493670887,0.021940928270042195,reserved,1.0
248,5,40,2034-10-01,OPS,General observatory overhead,Observatory maintenance / overhead,Operations and calibration,21.44846153846154,0.12766941391941394,indirect overhead,1.0
248,5,40,2034-10-01,OPS,Wavefront sensing and control,Observatory maintenance / overhead,Segmented primary mirror,2.52,0.015,maintenance,1.0
248,5,40,2034-10-01,A,Pathfinders and contingency,Quasar / ancillary,Flexible target list,14.0,0.08333333333333333,continuous LP,1.0
248,5,40,2034-10-01,A,SN Ia time-domain cadence,SN Ia time domain,SN south,2.0,0.011904761904761904,cadence baseline,1.0
248,5,40,2034-10-01,A,SN Ia time-domain field,SN Ia time domain,SN south,14.0,0.08333333333333333,continuous LP,1.0
249,5,41,2034-10-08,X,Compact-object ToO reserve,Compact monitoring / ToO,Future KMTNet/LVK alert,1.8430379746835444,0.010970464135021098,reserved,1.0
249,5,41,2034-10-08,A,Imaging-only wide extension,Deep / imaging calibration,South Galactic pole,24.0,0.14285714285714285,continuous LP,1.0
249,5,41,2034-10-08,A,Ultra-deep imaging fields,Deep / imaging calibration,Ultra-deep south,20.0,0.11904761904761904,continuous LP,1.0
249,5,41,2034-10-08,B,Mature-giant search program,Exoplanet giants / disks,HD 188088,13.986013986013987,0.08325008325008325,target-visit MILP,1.0
249,5,41,2034-10-08,C,NEO optical blind survey,NEO blind survey / recovery,Dynamic ecliptic scan annulus,9.215189873417721,0.05485232067510548,blind survey,1.0
249,5,41,2034-10-08,C,NEO recovery ToO reserve,NEO blind survey / recovery,Future MPC alert,3.6860759493670887,0.021940928270042195,reserved,1.0
249,5,41,2034-10-08,OPS,General observatory overhead,Observatory maintenance / overhead,Operations and calibration,21.44846153846154,0.12766941391941394,indirect overhead,1.0
249,5,41,2034-10-08,OPS,L2 station keeping,Observatory maintenance / overhead,Spacecraft orbit,2.0,0.011904761904761904,maintenance,1.0
249,5,41,2034-10-08,OPS,Wavefront sensing and control,Observatory maintenance / overhead,Segmented primary mirror,2.52,0.015,maintenance,1.0
249,5,41,2034-10-08,A,Pathfinders and contingency,Quasar / ancillary,Flexible target list,14.0,0.08333333333333333,continuous LP,1.0
249,5,41,2034-10-08,A,SN Ia time-domain cadence,SN Ia time domain,SN south,2.0,0.011904761904761904,cadence baseline,1.0
249,5,41,2034-10-08,A,SN Ia time-domain field,SN Ia time domain,SN south,14.0,0.08333333333333333,continuous LP,1.0
250,5,42,2034-10-15,X,Compact-object ToO reserve,Compact monitoring / ToO,Future KMTNet/LVK alert,1.8430379746835444,0.010970464135021098,reserved,1.0
250,5,42,2034-10-15,A,Imaging-only wide extension,Deep / imaging calibration,South Galactic pole,24.0,0.14285714285714285,continuous LP,1.0
250,5,42,2034-10-15,A,Ultra-deep imaging fields,Deep / imaging calibration,Ultra-deep south,20.0,0.11904761904761904,continuous LP,1.0
250,5,42,2034-10-15,C,NEO optical blind survey,NEO blind survey / recovery,Dynamic ecliptic scan annulus,9.215189873417721,0.05485232067510548,blind survey,1.0
250,5,42,2034-10-15,C,NEO recovery ToO reserve,NEO blind survey / recovery,Future MPC alert,3.6860759493670887,0.021940928270042195,reserved,1.0
250,5,42,2034-10-15,OPS,General observatory overhead,Observatory maintenance / overhead,Operations and calibration,21.44846153846154,0.12766941391941394,indirect overhead,1.0
250,5,42,2034-10-15,OPS,Wavefront sensing and control,Observatory maintenance / overhead,Segmented primary mirror,2.52,0.015,maintenance,1.0
250,5,42,2034-10-15,A,Pathfinders and contingency,Quasar / ancillary,Flexible target list,14.0,0.08333333333333333,continuous LP,1.0
250,5,42,2034-10-15,A,SN Ia time-domain cadence,SN Ia time domain,SN south,2.0,0.011904761904761904,cadence baseline,1.0
250,5,42,2034-10-15,A,SN Ia time-domain field,SN Ia time domain,SN south,14.0,0.08333333333333333,continuous LP,1.0
251,5,43,2034-10-22,DDT,Director discretionary time,Director discretionary time,Director-controlled observations,144.03153846153845,0.857330586080586,director reserve,1.0
251,5,43,2034-10-22,OPS,General observatory overhead,Observatory maintenance / overhead,Operations and calibration,21.44846153846154,0.12766941391941394,indirect overhead,1.0
251,5,43,2034-10-22,OPS,Wavefront sensing and control,Observatory maintenance / overhead,Segmented primary mirror,2.52,0.015,maintenance,1.0
252,5,44,2034-10-29,DDT,Director discretionary time,Director discretionary time,Director-controlled observations,139.03153846153845,0.8275686813186812,director reserve,1.0
252,5,44,2034-10-29,OPS,General observatory overhead,Observatory maintenance / overhead,Operations and calibration,21.44846153846154,0.12766941391941394,indirect overhead,1.0
252,5,44,2034-10-29,OPS,L2 station keeping,Observatory maintenance / overhead,Spacecraft orbit,2.0,0.011904761904761904,maintenance,1.0
252,5,44,2034-10-29,OPS,Momentum unload,Observatory maintenance / overhead,Reaction wheels,3.0,0.017857142857142856,maintenance,1.0
252,5,44,2034-10-29,OPS,Wavefront sensing and control,Observatory maintenance / overhead,Segmented primary mirror,2.52,0.015,maintenance,1.0
253,5,45,2034-11-05,X,Compact-object ToO reserve,Compact monitoring / ToO,Future KMTNet/LVK alert,1.8430379746835444,0.010970464135021098,reserved,1.0
253,5,45,2034-11-05,A,Imaging-only wide extension,Deep / imaging calibration,South Galactic pole,24.0,0.14285714285714285,continuous LP,1.0
253,5,45,2034-11-05,A,Ultra-deep imaging fields,Deep / imaging calibration,Ultra-deep south,20.0,0.11904761904761904,continuous LP,1.0
253,5,45,2034-11-05,C,NEO optical blind survey,NEO blind survey / recovery,Dynamic ecliptic scan annulus,9.215189873417721,0.05485232067510548,blind survey,1.0
253,5,45,2034-11-05,C,NEO recovery ToO reserve,NEO blind survey / recovery,Future MPC alert,3.6860759493670887,0.021940928270042195,reserved,1.0
253,5,45,2034-11-05,OPS,General observatory overhead,Observatory maintenance / overhead,Operations and calibration,21.44846153846154,0.12766941391941394,indirect overhead,1.0
253,5,45,2034-11-05,OPS,Wavefront sensing and control,Observatory maintenance / overhead,Segmented primary mirror,2.52,0.015,maintenance,1.0
253,5,45,2034-11-05,A,Pathfinders and contingency,Quasar / ancillary,Flexible target list,14.0,0.08333333333333333,continuous LP,1.0
253,5,45,2034-11-05,A,SN Ia time-domain cadence,SN Ia time domain,SN south,2.0,0.011904761904761904,cadence baseline,1.0
253,5,45,2034-11-05,A,SN Ia time-domain field,SN Ia time domain,SN south,14.0,0.08333333333333333,continuous LP,1.0
254,5,46,2034-11-12,X,Compact-object ToO reserve,Compact monitoring / ToO,Future KMTNet/LVK alert,1.8430379746835444,0.010970464135021098,reserved,1.0
254,5,46,2034-11-12,A,Imaging-only wide extension,Deep / imaging calibration,South Galactic pole,24.0,0.14285714285714285,continuous LP,1.0
254,5,46,2034-11-12,B,Mature-giant search program,Exoplanet giants / disks,HD 4628,13.986013986013987,0.08325008325008325,target-visit MILP,1.0
254,5,46,2034-11-12,C,NEO optical blind survey,NEO blind survey / recovery,Dynamic ecliptic scan annulus,9.215189873417721,0.05485232067510548,blind survey,1.0
254,5,46,2034-11-12,C,NEO recovery ToO reserve,NEO blind survey / recovery,Future MPC alert,3.6860759493670887,0.021940928270042195,reserved,1.0
254,5,46,2034-11-12,OPS,General observatory overhead,Observatory maintenance / overhead,Operations and calibration,21.44846153846154,0.12766941391941394,indirect overhead,1.0
254,5,46,2034-11-12,OPS,Wavefront sensing and control,Observatory maintenance / overhead,Segmented primary mirror,2.52,0.015,maintenance,1.0
254,5,46,2034-11-12,A,Pathfinders and contingency,Quasar / ancillary,Flexible target list,14.0,0.08333333333333333,continuous LP,1.0
254,5,46,2034-11-12,A,SN Ia time-domain cadence,SN Ia time domain,SN south,2.0,0.011904761904761904,cadence baseline,1.0
254,5,46,2034-11-12,A,SN Ia time-domain field,SN Ia time domain,SN south,14.0,0.08333333333333333,continuous LP,1.0
255,5,47,2034-11-19,X,Compact-object ToO reserve,Compact monitoring / ToO,Future KMTNet/LVK alert,1.8430379746835444,0.010970464135021098,reserved,1.0
255,5,47,2034-11-19,A,Imaging-only wide extension,Deep / imaging calibration,Lockman north,24.0,0.14285714285714285,continuous LP,1.0
255,5,47,2034-11-19,A,Imaging-only wide extension,Deep / imaging calibration,South Galactic pole,24.0,0.14285714285714285,continuous LP,1.0
255,5,47,2034-11-19,B,Mature-giant search program,Exoplanet giants / disks,HD 36003,13.986013986013987,0.08325008325008325,target-visit MILP,1.0
255,5,47,2034-11-19,B,Mature-giant search program,Exoplanet giants / disks,HD 4391,13.986013986013987,0.08325008325008325,target-visit MILP,1.0
255,5,47,2034-11-19,C,NEO optical blind survey,NEO blind survey / recovery,Dynamic ecliptic scan annulus,9.215189873417721,0.05485232067510548,blind survey,1.0
255,5,47,2034-11-19,C,NEO recovery ToO reserve,NEO blind survey / recovery,Future MPC alert,3.6860759493670887,0.021940928270042195,reserved,1.0
255,5,47,2034-11-19,OPS,General observatory overhead,Observatory maintenance / overhead,Operations and calibration,21.44846153846154,0.12766941391941394,indirect overhead,1.0
255,5,47,2034-11-19,OPS,L2 station keeping,Observatory maintenance / overhead,Spacecraft orbit,2.0,0.011904761904761904,maintenance,1.0
255,5,47,2034-11-19,OPS,Wavefront sensing and control,Observatory maintenance / overhead,Segmented primary mirror,2.52,0.015,maintenance,1.0
255,5,47,2034-11-19,A,Pathfinders and contingency,Quasar / ancillary,Flexible target list,14.0,0.08333333333333333,continuous LP,1.0
255,5,47,2034-11-19,A,SN Ia time-domain cadence,SN Ia time domain,SN south,2.0,0.011904761904761904,cadence baseline,1.0
255,5,47,2034-11-19,A,SN Ia time-domain field,SN Ia time domain,SN south,14.0,0.08333333333333333,continuous LP,1.0
256,5,48,2034-11-26,X,Compact-object ToO reserve,Compact monitoring / ToO,Future KMTNet/LVK alert,1.8430379746835444,0.010970464135021098,reserved,1.0
256,5,48,2034-11-26,A,Imaging-only wide extension,Deep / imaging calibration,Lockman north,24.0,0.14285714285714285,continuous LP,1.0
256,5,48,2034-11-26,A,Imaging-only wide extension,Deep / imaging calibration,South Galactic pole,24.0,0.14285714285714285,continuous LP,1.0
256,5,48,2034-11-26,A,Medium/deep ELG tiers,Deep / imaging calibration,SXDS south,16.5,0.09821428571428571,continuous LP,1.0
256,5,48,2034-11-26,B,Mature-giant search program,Exoplanet giants / disks,BD+62 780,13.986013986013987,0.08325008325008325,target-visit MILP,1.0
256,5,48,2034-11-26,C,NEO optical blind survey,NEO blind survey / recovery,Dynamic ecliptic scan annulus,9.215189873417721,0.05485232067510548,blind survey,1.0
256,5,48,2034-11-26,C,NEO recovery ToO reserve,NEO blind survey / recovery,Future MPC alert,3.6860759493670887,0.021940928270042195,reserved,1.0
256,5,48,2034-11-26,OPS,General observatory overhead,Observatory maintenance / overhead,Operations and calibration,21.44846153846154,0.12766941391941394,indirect overhead,1.0
256,5,48,2034-11-26,OPS,Wavefront sensing and control,Observatory maintenance / overhead,Segmented primary mirror,2.52,0.015,maintenance,1.0
256,5,48,2034-11-26,A,Pathfinders and contingency,Quasar / ancillary,Flexible target list,14.0,0.08333333333333333,continuous LP,1.0
256,5,48,2034-11-26,A,SN Ia time-domain cadence,SN Ia time domain,SN south,2.0,0.011904761904761904,cadence baseline,1.0
256,5,48,2034-11-26,A,SN Ia time-domain field,SN Ia time domain,SN south,14.0,0.08333333333333333,continuous LP,1.0
257,5,49,2034-12-03,X,Compact-object ToO reserve,Compact monitoring / ToO,Future KMTNet/LVK alert,1.8430379746835444,0.010970464135021098,reserved,1.0
257,5,49,2034-12-03,A,Imaging-only wide extension,Deep / imaging calibration,Lockman north,24.0,0.14285714285714285,continuous LP,1.0
257,5,49,2034-12-03,A,Medium/deep ELG tiers,Deep / imaging calibration,SXDS south,24.0,0.14285714285714285,continuous LP,1.0
257,5,49,2034-12-03,B,Mature-giant search program,Exoplanet giants / disks,47 UMa,13.986013986013987,0.08325008325008325,target-visit MILP,1.0
257,5,49,2034-12-03,C,NEO optical blind survey,NEO blind survey / recovery,Dynamic ecliptic scan annulus,9.215189873417721,0.05485232067510548,blind survey,1.0
257,5,49,2034-12-03,C,NEO recovery ToO reserve,NEO blind survey / recovery,Future MPC alert,3.6860759493670887,0.021940928270042195,reserved,1.0
257,5,49,2034-12-03,OPS,General observatory overhead,Observatory maintenance / overhead,Operations and calibration,21.44846153846154,0.12766941391941394,indirect overhead,1.0
257,5,49,2034-12-03,OPS,Wavefront sensing and control,Observatory maintenance / overhead,Segmented primary mirror,2.52,0.015,maintenance,1.0
257,5,49,2034-12-03,A,Pathfinders and contingency,Quasar / ancillary,Flexible target list,14.0,0.08333333333333333,continuous LP,1.0
257,5,49,2034-12-03,A,SN Ia time-domain cadence,SN Ia time domain,SN south,2.0,0.011904761904761904,cadence baseline,1.0
257,5,49,2034-12-03,A,SN Ia time-domain field,SN Ia time domain,SN south,14.0,0.08333333333333333,continuous LP,1.0
258,5,50,2034-12-10,X,Compact-object ToO reserve,Compact monitoring / ToO,Future KMTNet/LVK alert,1.8430379746835444,0.010970464135021098,reserved,1.0
258,5,50,2034-12-10,A,Imaging-only wide extension,Deep / imaging calibration,Lockman north,24.0,0.14285714285714285,continuous LP,1.0
258,5,50,2034-12-10,A,Medium/deep ELG tiers,Deep / imaging calibration,SXDS south,24.0,0.14285714285714285,continuous LP,1.0
258,5,50,2034-12-10,C,NEO optical blind survey,NEO blind survey / recovery,Dynamic ecliptic scan annulus,9.215189873417721,0.05485232067510548,blind survey,1.0
258,5,50,2034-12-10,C,NEO recovery ToO reserve,NEO blind survey / recovery,Future MPC alert,3.6860759493670887,0.021940928270042195,reserved,1.0
258,5,50,2034-12-10,OPS,General observatory overhead,Observatory maintenance / overhead,Operations and calibration,21.44846153846154,0.12766941391941394,indirect overhead,1.0
258,5,50,2034-12-10,OPS,L2 station keeping,Observatory maintenance / overhead,Spacecraft orbit,2.0,0.011904761904761904,maintenance,1.0
258,5,50,2034-12-10,OPS,Momentum unload,Observatory maintenance / overhead,Reaction wheels,3.0,0.017857142857142856,maintenance,1.0
258,5,50,2034-12-10,OPS,Wavefront sensing and control,Observatory maintenance / overhead,Segmented primary mirror,2.52,0.015,maintenance,1.0
258,5,50,2034-12-10,A,Pathfinders and contingency,Quasar / ancillary,Flexible target list,14.0,0.08333333333333333,continuous LP,1.0
258,5,50,2034-12-10,A,SN Ia time-domain cadence,SN Ia time domain,SN south,2.0,0.011904761904761904,cadence baseline,1.0
258,5,50,2034-12-10,A,SN Ia time-domain field,SN Ia time domain,SN south,14.0,0.08333333333333333,continuous LP,1.0
259,5,51,2034-12-17,X,Compact-object ToO reserve,Compact monitoring / ToO,Future KMTNet/LVK alert,1.8430379746835444,0.010970464135021098,reserved,1.0
259,5,51,2034-12-17,A,Imaging-only wide extension,Deep / imaging calibration,Lockman north,24.0,0.14285714285714285,continuous LP,1.0
259,5,51,2034-12-17,A,Medium/deep ELG tiers,Deep / imaging calibration,SXDS south,24.0,0.14285714285714285,continuous LP,1.0
259,5,51,2034-12-17,B,Giant orbit determination,Exoplanet giants / disks,47 UMa c,14.814814814814815,0.08818342151675485,target-visit MILP,1.0
259,5,51,2034-12-17,B,Mature-giant search program,Exoplanet giants / disks,BD-03 2002,13.986013986013987,0.08325008325008325,target-visit MILP,1.0
259,5,51,2034-12-17,B,Mature-giant search program,Exoplanet giants / disks,CD-57 1079,13.986013986013987,0.08325008325008325,target-visit MILP,1.0
259,5,51,2034-12-17,C,NEO optical blind survey,NEO blind survey / recovery,Dynamic ecliptic scan annulus,9.215189873417721,0.05485232067510548,blind survey,1.0
259,5,51,2034-12-17,C,NEO recovery ToO reserve,NEO blind survey / recovery,Future MPC alert,3.6860759493670887,0.021940928270042195,reserved,1.0
259,5,51,2034-12-17,OPS,General observatory overhead,Observatory maintenance / overhead,Operations and calibration,21.44846153846154,0.12766941391941394,indirect overhead,1.0
259,5,51,2034-12-17,OPS,Wavefront sensing and control,Observatory maintenance / overhead,Segmented primary mirror,2.52,0.015,maintenance,1.0
259,5,51,2034-12-17,A,Pathfinders and contingency,Quasar / ancillary,Flexible target list,14.0,0.08333333333333333,continuous LP,1.0
259,5,51,2034-12-17,A,SN Ia time-domain cadence,SN Ia time domain,SN south,2.0,0.011904761904761904,cadence baseline,1.0
259,5,51,2034-12-17,A,SN Ia time-domain field,SN Ia time domain,SN south,14.0,0.08333333333333333,continuous LP,1.0
260,5,52,2034-12-24,X,Compact-object ToO reserve,Compact monitoring / ToO,Future KMTNet/LVK alert,1.8430379746835444,0.010970464135021098,reserved,1.0
260,5,52,2034-12-24,A,Imaging-only wide extension,Deep / imaging calibration,Lockman north,24.0,0.14285714285714285,continuous LP,1.0
260,5,52,2034-12-24,A,Medium/deep ELG tiers,Deep / imaging calibration,SXDS south,24.0,0.14285714285714285,continuous LP,1.0
260,5,52,2034-12-24,B,Mature-giant search program,Exoplanet giants / disks,HD 79210,13.986013986013987,0.08325008325008325,target-visit MILP,1.0
260,5,52,2034-12-24,C,NEO optical blind survey,NEO blind survey / recovery,Dynamic ecliptic scan annulus,9.215189873417721,0.05485232067510548,blind survey,1.0
260,5,52,2034-12-24,C,NEO recovery ToO reserve,NEO blind survey / recovery,Future MPC alert,3.6860759493670887,0.021940928270042195,reserved,1.0
260,5,52,2034-12-24,OPS,General observatory overhead,Observatory maintenance / overhead,Operations and calibration,21.44846153846154,0.12766941391941394,indirect overhead,1.0
260,5,52,2034-12-24,OPS,Quarterly calibration block,Observatory maintenance / overhead,Instruments and reference fields,24.0,0.14285714285714285,maintenance,1.0
260,5,52,2034-12-24,OPS,Wavefront sensing and control,Observatory maintenance / overhead,Segmented primary mirror,2.52,0.015,maintenance,1.0
260,5,52,2034-12-24,A,Pathfinders and contingency,Quasar / ancillary,Flexible target list,14.0,0.08333333333333333,continuous LP,1.0
260,5,52,2034-12-24,A,SN Ia time-domain cadence,SN Ia time domain,SN south,2.0,0.011904761904761904,cadence baseline,1.0
260,5,52,2034-12-24,A,SN Ia time-domain field,SN Ia time domain,SN south,14.0,0.08333333333333333,continuous LP,1.0
